id,family_id,split,structure,form,text,agent_span_start,agent_span_end,patient_span_start,patient_span_end,predicate_span_start,predicate_span_end,noun1_span_start,noun1_span_end,noun2_span_start,noun2_span_end,label_patient_first,agent_word,patient_word,verb,theme_word,recipient_word,tool
item_00000,trans_P1_0000,P1,trans,active,The curator welcomed the soldier.,4,11,25,32,12,20,4,11,25,32,0,curator,soldier,welcome,,,
item_00001,trans_P1_0000,P1,trans,passive,The soldier was welcomed by the curator.,32,39,4,11,16,24,4,11,32,39,1,curator,soldier,welcome,,,
item_00002,trans_P1_0000,P1,trans,cleft,It was the curator who welcomed the soldier.,11,18,36,43,23,31,11,18,36,43,0,curator,soldier,welcome,,,
item_00003,trans_P1_0000,P1,trans,topical,"The soldier, the curator welcomed.",17,24,4,11,25,33,4,11,17,24,1,curator,soldier,welcome,,,
item_00004,trans_P1_0000,P1,trans,swap,The soldier welcomed the curator.,4,11,25,32,12,20,4,11,25,32,0,curator,soldier,welcome,,,
item_00005,trans_P1_0001,P1,trans,active,The soldier guided the partner.,4,11,23,30,12,18,4,11,23,30,0,soldier,partner,guide,,,
item_00006,trans_P1_0001,P1,trans,passive,The partner was guided by the soldier.,30,37,4,11,16,22,4,11,30,37,1,soldier,partner,guide,,,
item_00007,trans_P1_0001,P1,trans,cleft,It was the soldier who guided the partner.,11,18,34,41,23,29,11,18,34,41,0,soldier,partner,guide,,,
item_00008,trans_P1_0001,P1,trans,topical,"The partner, the soldier guided.",17,24,4,11,25,31,4,11,17,24,1,soldier,partner,guide,,,
item_00009,trans_P1_0001,P1,trans,swap,The partner guided the soldier.,4,11,23,30,12,18,4,11,23,30,0,soldier,partner,guide,,,
item_00010,trans_P1_0002,P1,trans,active,The judge honored the librarian.,4,9,22,31,10,17,4,9,22,31,0,judge,librarian,honor,,,
item_00011,trans_P1_0002,P1,trans,passive,The librarian was honored by the judge.,33,38,4,13,18,25,4,13,33,38,1,judge,librarian,honor,,,
item_00012,trans_P1_0002,P1,trans,cleft,It was the judge who honored the librarian.,11,16,33,42,21,28,11,16,33,42,0,judge,librarian,honor,,,
item_00013,trans_P1_0002,P1,trans,topical,"The librarian, the judge honored.",19,24,4,13,25,32,4,13,19,24,1,judge,librarian,honor,,,
item_00014,trans_P1_0002,P1,trans,swap,The librarian honored the judge.,4,13,26,31,14,21,4,13,26,31,0,judge,librarian,honor,,,
item_00015,trans_P1_0003,P1,trans,active,The inventor invited the historian.,4,12,25,34,13,20,4,12,25,34,0,inventor,historian,invite,,,
item_00016,trans_P1_0003,P1,trans,passive,The historian was invited by the inventor.,33,41,4,13,18,25,4,13,33,41,1,inventor,historian,invite,,,
item_00017,trans_P1_0003,P1,trans,cleft,It was the inventor who invited the historian.,11,19,36,45,24,31,11,19,36,45,0,inventor,historian,invite,,,
item_00018,trans_P1_0003,P1,trans,topical,"The historian, the inventor invited.",19,27,4,13,28,35,4,13,19,27,1,inventor,historian,invite,,,
item_00019,trans_P1_0003,P1,trans,swap,The historian invited the inventor.,4,13,26,34,14,21,4,13,26,34,0,inventor,historian,invite,,,
item_00020,trans_P1_0004,P1,trans,active,The inventor trusted the singer.,4,12,25,31,13,20,4,12,25,31,0,inventor,singer,trust,,,
item_00021,trans_P1_0004,P1,trans,passive,The singer was trusted by the inventor.,30,38,4,10,15,22,4,10,30,38,1,inventor,singer,trust,,,
item_00022,trans_P1_0004,P1,trans,cleft,It was the inventor who trusted the singer.,11,19,36,42,24,31,11,19,36,42,0,inventor,singer,trust,,,
item_00023,trans_P1_0004,P1,trans,topical,"The singer, the inventor trusted.",16,24,4,10,25,32,4,10,16,24,1,inventor,singer,trust,,,
item_00024,trans_P1_0004,P1,trans,swap,The singer trusted the inventor.,4,10,23,31,11,18,4,10,23,31,0,inventor,singer,trust,,,
item_00025,trans_P1_0005,P1,trans,active,The dancer praised the waiter.,4,10,23,29,11,18,4,10,23,29,0,dancer,waiter,praise,,,
item_00026,trans_P1_0005,P1,trans,passive,The waiter was praised by the dancer.,30,36,4,10,15,22,4,10,30,36,1,dancer,waiter,praise,,,
item_00027,trans_P1_0005,P1,trans,cleft,It was the dancer who praised the waiter.,11,17,34,40,22,29,11,17,34,40,0,dancer,waiter,praise,,,
item_00028,trans_P1_0005,P1,trans,topical,"The waiter, the dancer praised.",16,22,4,10,23,30,4,10,16,22,1,dancer,waiter,praise,,,
item_00029,trans_P1_0005,P1,trans,swap,The waiter praised the dancer.,4,10,23,29,11,18,4,10,23,29,0,dancer,waiter,praise,,,
item_00030,trans_P1_0006,P1,trans,active,The reporter respected the coach.,4,12,27,32,13,22,4,12,27,32,0,reporter,coach,respect,,,
item_00031,trans_P1_0006,P1,trans,passive,The coach was respected by the reporter.,31,39,4,9,14,23,4,9,31,39,1,reporter,coach,respect,,,
item_00032,trans_P1_0006,P1,trans,cleft,It was the reporter who respected the coach.,11,19,38,43,24,33,11,19,38,43,0,reporter,coach,respect,,,
item_00033,trans_P1_0006,P1,trans,topical,"The coach, the reporter respected.",15,23,4,9,24,33,4,9,15,23,1,reporter,coach,respect,,,
item_00034,trans_P1_0006,P1,trans,swap,The coach respected the reporter.,4,9,24,32,10,19,4,9,24,32,0,reporter,coach,respect,,,
item_00035,trans_P1_0007,P1,trans,active,The inventor assisted the duke.,4,12,26,30,13,21,4,12,26,30,0,inventor,duke,assist,,,
item_00036,trans_P1_0007,P1,trans,passive,The duke was assisted by the inventor.,29,37,4,8,13,21,4,8,29,37,1,inventor,duke,assist,,,
item_00037,trans_P1_0007,P1,trans,cleft,It was the inventor who assisted the duke.,11,19,37,41,24,32,11,19,37,41,0,inventor,duke,assist,,,
item_00038,trans_P1_0007,P1,trans,topical,"The duke, the inventor assisted.",14,22,4,8,23,31,4,8,14,22,1,inventor,duke,assist,,,
item_00039,trans_P1_0007,P1,trans,swap,The duke assisted the inventor.,4,8,22,30,9,17,4,8,22,30,0,inventor,duke,assist,,,
item_00040,trans_P1_0008,P1,trans,active,The rider respected the curator.,4,9,24,31,10,19,4,9,24,31,0,rider,curator,respect,,,
item_00041,trans_P1_0008,P1,trans,passive,The curator was respected by the rider.,33,38,4,11,16,25,4,11,33,38,1,rider,curator,respect,,,
item_00042,trans_P1_0008,P1,trans,cleft,It was the rider who respected the curator.,11,16,35,42,21,30,11,16,35,42,0,rider,curator,respect,,,
item_00043,trans_P1_0008,P1,trans,topical,"The curator, the rider respected.",17,22,4,11,23,32,4,11,17,22,1,rider,curator,respect,,,
item_00044,trans_P1_0008,P1,trans,swap,The curator respected the rider.,4,11,26,31,12,21,4,11,26,31,0,rider,curator,respect,,,
item_00045,trans_P1_0009,P1,trans,active,The driver greeted the queen.,4,10,23,28,11,18,4,10,23,28,0,driver,queen,greet,,,
item_00046,trans_P1_0009,P1,trans,passive,The queen was greeted by the driver.,29,35,4,9,14,21,4,9,29,35,1,driver,queen,greet,,,
item_00047,trans_P1_0009,P1,trans,cleft,It was the driver who greeted the queen.,11,17,34,39,22,29,11,17,34,39,0,driver,queen,greet,,,
item_00048,trans_P1_0009,P1,trans,topical,"The queen, the driver greeted.",15,21,4,9,22,29,4,9,15,21,1,driver,queen,greet,,,
item_00049,trans_P1_0009,P1,trans,swap,The queen greeted the driver.,4,9,22,28,10,17,4,9,22,28,0,driver,queen,greet,,,
item_00050,trans_P1_0010,P1,trans,active,The princess invited the sailor.,4,12,25,31,13,20,4,12,25,31,0,princess,sailor,invite,,,
item_00051,trans_P1_0010,P1,trans,passive,The sailor was invited by the princess.,30,38,4,10,15,22,4,10,30,38,1,princess,sailor,invite,,,
item_00052,trans_P1_0010,P1,trans,cleft,It was the princess who invited the sailor.,11,19,36,42,24,31,11,19,36,42,0,princess,sailor,invite,,,
item_00053,trans_P1_0010,P1,trans,topical,"The sailor, the princess invited.",16,24,4,10,25,32,4,10,16,24,1,princess,sailor,invite,,,
item_00054,trans_P1_0010,P1,trans,swap,The sailor invited the princess.,4,10,23,31,11,18,4,10,23,31,0,princess,sailor,invite,,,
item_00055,trans_P1_0011,P1,trans,active,The historian respected the reporter.,4,13,28,36,14,23,4,13,28,36,0,historian,reporter,respect,,,
item_00056,trans_P1_0011,P1,trans,passive,The reporter was respected by the historian.,34,43,4,12,17,26,4,12,34,43,1,historian,reporter,respect,,,
item_00057,trans_P1_0011,P1,trans,cleft,It was the historian who respected the reporter.,11,20,39,47,25,34,11,20,39,47,0,historian,reporter,respect,,,
item_00058,trans_P1_0011,P1,trans,topical,"The reporter, the historian respected.",18,27,4,12,28,37,4,12,18,27,1,historian,reporter,respect,,,
item_00059,trans_P1_0011,P1,trans,swap,The reporter respected the historian.,4,12,27,36,13,22,4,12,27,36,0,historian,reporter,respect,,,
item_00060,trans_P1_0012,P1,trans,active,The tailor informed the engineer.,4,10,24,32,11,19,4,10,24,32,0,tailor,engineer,inform,,,
item_00061,trans_P1_0012,P1,trans,passive,The engineer was informed by the tailor.,33,39,4,12,17,25,4,12,33,39,1,tailor,engineer,inform,,,
item_00062,trans_P1_0012,P1,trans,cleft,It was the tailor who informed the engineer.,11,17,35,43,22,30,11,17,35,43,0,tailor,engineer,inform,,,
item_00063,trans_P1_0012,P1,trans,topical,"The engineer, the tailor informed.",18,24,4,12,25,33,4,12,18,24,1,tailor,engineer,inform,,,
item_00064,trans_P1_0012,P1,trans,swap,The engineer informed the tailor.,4,12,26,32,13,21,4,12,26,32,0,tailor,engineer,inform,,,
item_00065,trans_P1_0013,P1,trans,active,The manager described the inventor.,4,11,26,34,12,21,4,11,26,34,0,manager,inventor,describe,,,
item_00066,trans_P1_0013,P1,trans,passive,The inventor was described by the manager.,34,41,4,12,17,26,4,12,34,41,1,manager,inventor,describe,,,
item_00067,trans_P1_0013,P1,trans,cleft,It was the manager who described the inventor.,11,18,37,45,23,32,11,18,37,45,0,manager,inventor,describe,,,
item_00068,trans_P1_0013,P1,trans,topical,"The inventor, the manager described.",18,25,4,12,26,35,4,12,18,25,1,manager,inventor,describe,,,
item_00069,trans_P1_0013,P1,trans,swap,The inventor described the manager.,4,12,27,34,13,22,4,12,27,34,0,manager,inventor,describe,,,
item_00070,trans_P1_0014,P1,trans,active,The musician praised the mayor.,4,12,25,30,13,20,4,12,25,30,0,musician,mayor,praise,,,
item_00071,trans_P1_0014,P1,trans,passive,The mayor was praised by the musician.,29,37,4,9,14,21,4,9,29,37,1,musician,mayor,praise,,,
item_00072,trans_P1_0014,P1,trans,cleft,It was the musician who praised the mayor.,11,19,36,41,24,31,11,19,36,41,0,musician,mayor,praise,,,
item_00073,trans_P1_0014,P1,trans,topical,"The mayor, the musician praised.",15,23,4,9,24,31,4,9,15,23,1,musician,mayor,praise,,,
item_00074,trans_P1_0014,P1,trans,swap,The mayor praised the musician.,4,9,22,30,10,17,4,9,22,30,0,musician,mayor,praise,,,
item_00075,trans_P1_0015,P1,trans,active,The sailor described the engineer.,4,10,25,33,11,20,4,10,25,33,0,sailor,engineer,describe,,,
item_00076,trans_P1_0015,P1,trans,passive,The engineer was described by the sailor.,34,40,4,12,17,26,4,12,34,40,1,sailor,engineer,describe,,,
item_00077,trans_P1_0015,P1,trans,cleft,It was the sailor who described the engineer.,11,17,36,44,22,31,11,17,36,44,0,sailor,engineer,describe,,,
item_00078,trans_P1_0015,P1,trans,topical,"The engineer, the sailor described.",18,24,4,12,25,34,4,12,18,24,1,sailor,engineer,describe,,,
item_00079,trans_P1_0015,P1,trans,swap,The engineer described the sailor.,4,12,27,33,13,22,4,12,27,33,0,sailor,engineer,describe,,,
item_00080,trans_P1_0016,P1,trans,active,The duke honored the nurse.,4,8,21,26,9,16,4,8,21,26,0,duke,nurse,honor,,,
item_00081,trans_P1_0016,P1,trans,passive,The nurse was honored by the duke.,29,33,4,9,14,21,4,9,29,33,1,duke,nurse,honor,,,
item_00082,trans_P1_0016,P1,trans,cleft,It was the duke who honored the nurse.,11,15,32,37,20,27,11,15,32,37,0,duke,nurse,honor,,,
item_00083,trans_P1_0016,P1,trans,topical,"The nurse, the duke honored.",15,19,4,9,20,27,4,9,15,19,1,duke,nurse,honor,,,
item_00084,trans_P1_0016,P1,trans,swap,The nurse honored the duke.,4,9,22,26,10,17,4,9,22,26,0,duke,nurse,honor,,,
item_00085,trans_P1_0017,P1,trans,active,The judge welcomed the mayor.,4,9,23,28,10,18,4,9,23,28,0,judge,mayor,welcome,,,
item_00086,trans_P1_0017,P1,trans,passive,The mayor was welcomed by the judge.,30,35,4,9,14,22,4,9,30,35,1,judge,mayor,welcome,,,
item_00087,trans_P1_0017,P1,trans,cleft,It was the judge who welcomed the mayor.,11,16,34,39,21,29,11,16,34,39,0,judge,mayor,welcome,,,
item_00088,trans_P1_0017,P1,trans,topical,"The mayor, the judge welcomed.",15,20,4,9,21,29,4,9,15,20,1,judge,mayor,welcome,,,
item_00089,trans_P1_0017,P1,trans,swap,The mayor welcomed the judge.,4,9,23,28,10,18,4,9,23,28,0,judge,mayor,welcome,,,
item_00090,trans_P1_0018,P1,trans,active,The partner assisted the reporter.,4,11,25,33,12,20,4,11,25,33,0,partner,reporter,assist,,,
item_00091,trans_P1_0018,P1,trans,passive,The reporter was assisted by the partner.,33,40,4,12,17,25,4,12,33,40,1,partner,reporter,assist,,,
item_00092,trans_P1_0018,P1,trans,cleft,It was the partner who assisted the reporter.,11,18,36,44,23,31,11,18,36,44,0,partner,reporter,assist,,,
item_00093,trans_P1_0018,P1,trans,topical,"The reporter, the partner assisted.",18,25,4,12,26,34,4,12,18,25,1,partner,reporter,assist,,,
item_00094,trans_P1_0018,P1,trans,swap,The reporter assisted the partner.,4,12,26,33,13,21,4,12,26,33,0,partner,reporter,assist,,,
item_00095,trans_P1_0019,P1,trans,active,The partner assisted the soldier.,4,11,25,32,12,20,4,11,25,32,0,partner,soldier,assist,,,
item_00096,trans_P1_0019,P1,trans,passive,The soldier was assisted by the partner.,32,39,4,11,16,24,4,11,32,39,1,partner,soldier,assist,,,
item_00097,trans_P1_0019,P1,trans,cleft,It was the partner who assisted the soldier.,11,18,36,43,23,31,11,18,36,43,0,partner,soldier,assist,,,
item_00098,trans_P1_0019,P1,trans,topical,"The soldier, the partner assisted.",17,24,4,11,25,33,4,11,17,24,1,partner,soldier,assist,,,
item_00099,trans_P1_0019,P1,trans,swap,The soldier assisted the partner.,4,11,25,32,12,20,4,11,25,32,0,partner,soldier,assist,,,
item_00100,trans_P1_0020,P1,trans,active,The engineer informed the dancer.,4,12,26,32,13,21,4,12,26,32,0,engineer,dancer,inform,,,
item_00101,trans_P1_0020,P1,trans,passive,The dancer was informed by the engineer.,31,39,4,10,15,23,4,10,31,39,1,engineer,dancer,inform,,,
item_00102,trans_P1_0020,P1,trans,cleft,It was the engineer who informed the dancer.,11,19,37,43,24,32,11,19,37,43,0,engineer,dancer,inform,,,
item_00103,trans_P1_0020,P1,trans,topical,"The dancer, the engineer informed.",16,24,4,10,25,33,4,10,16,24,1,engineer,dancer,inform,,,
item_00104,trans_P1_0020,P1,trans,swap,The dancer informed the engineer.,4,10,24,32,11,19,4,10,24,32,0,engineer,dancer,inform,,,
item_00105,trans_P1_0021,P1,trans,active,The coach trusted the student.,4,9,22,29,10,17,4,9,22,29,0,coach,student,trust,,,
item_00106,trans_P1_0021,P1,trans,passive,The student was trusted by the coach.,31,36,4,11,16,23,4,11,31,36,1,coach,student,trust,,,
item_00107,trans_P1_0021,P1,trans,cleft,It was the coach who trusted the student.,11,16,33,40,21,28,11,16,33,40,0,coach,student,trust,,,
item_00108,trans_P1_0021,P1,trans,topical,"The student, the coach trusted.",17,22,4,11,23,30,4,11,17,22,1,coach,student,trust,,,
item_00109,trans_P1_0021,P1,trans,swap,The student trusted the coach.,4,11,24,29,12,19,4,11,24,29,0,coach,student,trust,,,
item_00110,trans_P1_0022,P1,trans,active,The client assisted the manager.,4,10,24,31,11,19,4,10,24,31,0,client,manager,assist,,,
item_00111,trans_P1_0022,P1,trans,passive,The manager was assisted by the client.,32,38,4,11,16,24,4,11,32,38,1,client,manager,assist,,,
item_00112,trans_P1_0022,P1,trans,cleft,It was the client who assisted the manager.,11,17,35,42,22,30,11,17,35,42,0,client,manager,assist,,,
item_00113,trans_P1_0022,P1,trans,topical,"The manager, the client assisted.",17,23,4,11,24,32,4,11,17,23,1,client,manager,assist,,,
item_00114,trans_P1_0022,P1,trans,swap,The manager assisted the client.,4,11,25,31,12,20,4,11,25,31,0,client,manager,assist,,,
item_00115,trans_P1_0023,P1,trans,active,The coach invited the client.,4,9,22,28,10,17,4,9,22,28,0,coach,client,invite,,,
item_00116,trans_P1_0023,P1,trans,passive,The client was invited by the coach.,30,35,4,10,15,22,4,10,30,35,1,coach,client,invite,,,
item_00117,trans_P1_0023,P1,trans,cleft,It was the coach who invited the client.,11,16,33,39,21,28,11,16,33,39,0,coach,client,invite,,,
item_00118,trans_P1_0023,P1,trans,topical,"The client, the coach invited.",16,21,4,10,22,29,4,10,16,21,1,coach,client,invite,,,
item_00119,trans_P1_0023,P1,trans,swap,The client invited the coach.,4,10,23,28,11,18,4,10,23,28,0,coach,client,invite,,,
item_00120,trans_P1_0024,P1,trans,active,The inventor trusted the princess.,4,12,25,33,13,20,4,12,25,33,0,inventor,princess,trust,,,
item_00121,trans_P1_0024,P1,trans,passive,The princess was trusted by the inventor.,32,40,4,12,17,24,4,12,32,40,1,inventor,princess,trust,,,
item_00122,trans_P1_0024,P1,trans,cleft,It was the inventor who trusted the princess.,11,19,36,44,24,31,11,19,36,44,0,inventor,princess,trust,,,
item_00123,trans_P1_0024,P1,trans,topical,"The princess, the inventor trusted.",18,26,4,12,27,34,4,12,18,26,1,inventor,princess,trust,,,
item_00124,trans_P1_0024,P1,trans,swap,The princess trusted the inventor.,4,12,25,33,13,20,4,12,25,33,0,inventor,princess,trust,,,
item_00125,trans_P1_0025,P1,trans,active,The librarian described the mechanic.,4,13,28,36,14,23,4,13,28,36,0,librarian,mechanic,describe,,,
item_00126,trans_P1_0025,P1,trans,passive,The mechanic was described by the librarian.,34,43,4,12,17,26,4,12,34,43,1,librarian,mechanic,describe,,,
item_00127,trans_P1_0025,P1,trans,cleft,It was the librarian who described the mechanic.,11,20,39,47,25,34,11,20,39,47,0,librarian,mechanic,describe,,,
item_00128,trans_P1_0025,P1,trans,topical,"The mechanic, the librarian described.",18,27,4,12,28,37,4,12,18,27,1,librarian,mechanic,describe,,,
item_00129,trans_P1_0025,P1,trans,swap,The mechanic described the librarian.,4,12,27,36,13,22,4,12,27,36,0,librarian,mechanic,describe,,,
item_00130,trans_P1_0026,P1,trans,active,The pharmacist assisted the client.,4,14,28,34,15,23,4,14,28,34,0,pharmacist,client,assist,,,
item_00131,trans_P1_0026,P1,trans,passive,The client was assisted by the pharmacist.,31,41,4,10,15,23,4,10,31,41,1,pharmacist,client,assist,,,
item_00132,trans_P1_0026,P1,trans,cleft,It was the pharmacist who assisted the client.,11,21,39,45,26,34,11,21,39,45,0,pharmacist,client,assist,,,
item_00133,trans_P1_0026,P1,trans,topical,"The client, the pharmacist assisted.",16,26,4,10,27,35,4,10,16,26,1,pharmacist,client,assist,,,
item_00134,trans_P1_0026,P1,trans,swap,The client assisted the pharmacist.,4,10,24,34,11,19,4,10,24,34,0,pharmacist,client,assist,,,
item_00135,trans_P1_0027,P1,trans,active,The reporter praised the pharmacist.,4,12,25,35,13,20,4,12,25,35,0,reporter,pharmacist,praise,,,
item_00136,trans_P1_0027,P1,trans,passive,The pharmacist was praised by the reporter.,34,42,4,14,19,26,4,14,34,42,1,reporter,pharmacist,praise,,,
item_00137,trans_P1_0027,P1,trans,cleft,It was the reporter who praised the pharmacist.,11,19,36,46,24,31,11,19,36,46,0,reporter,pharmacist,praise,,,
item_00138,trans_P1_0027,P1,trans,topical,"The pharmacist, the reporter praised.",20,28,4,14,29,36,4,14,20,28,1,reporter,pharmacist,praise,,,
item_00139,trans_P1_0027,P1,trans,swap,The pharmacist praised the reporter.,4,14,27,35,15,22,4,14,27,35,0,reporter,pharmacist,praise,,,
item_00140,trans_P1_0028,P1,trans,active,The reporter informed the athlete.,4,12,26,33,13,21,4,12,26,33,0,reporter,athlete,inform,,,
item_00141,trans_P1_0028,P1,trans,passive,The athlete was informed by the reporter.,32,40,4,11,16,24,4,11,32,40,1,reporter,athlete,inform,,,
item_00142,trans_P1_0028,P1,trans,cleft,It was the reporter who informed the athlete.,11,19,37,44,24,32,11,19,37,44,0,reporter,athlete,inform,,,
item_00143,trans_P1_0028,P1,trans,topical,"The athlete, the reporter informed.",17,25,4,11,26,34,4,11,17,25,1,reporter,athlete,inform,,,
item_00144,trans_P1_0028,P1,trans,swap,The athlete informed the reporter.,4,11,25,33,12,20,4,11,25,33,0,reporter,athlete,inform,,,
item_00145,trans_P1_0029,P1,trans,active,The partner welcomed the rider.,4,11,25,30,12,20,4,11,25,30,0,partner,rider,welcome,,,
item_00146,trans_P1_0029,P1,trans,passive,The rider was welcomed by the partner.,30,37,4,9,14,22,4,9,30,37,1,partner,rider,welcome,,,
item_00147,trans_P1_0029,P1,trans,cleft,It was the partner who welcomed the rider.,11,18,36,41,23,31,11,18,36,41,0,partner,rider,welcome,,,
item_00148,trans_P1_0029,P1,trans,topical,"The rider, the partner welcomed.",15,22,4,9,23,31,4,9,15,22,1,partner,rider,welcome,,,
item_00149,trans_P1_0029,P1,trans,swap,The rider welcomed the partner.,4,9,23,30,10,18,4,9,23,30,0,partner,rider,welcome,,,
item_00150,trans_P1_0030,P1,trans,active,The sailor trusted the duke.,4,10,23,27,11,18,4,10,23,27,0,sailor,duke,trust,,,
item_00151,trans_P1_0030,P1,trans,passive,The duke was trusted by the sailor.,28,34,4,8,13,20,4,8,28,34,1,sailor,duke,trust,,,
item_00152,trans_P1_0030,P1,trans,cleft,It was the sailor who trusted the duke.,11,17,34,38,22,29,11,17,34,38,0,sailor,duke,trust,,,
item_00153,trans_P1_0030,P1,trans,topical,"The duke, the sailor trusted.",14,20,4,8,21,28,4,8,14,20,1,sailor,duke,trust,,,
item_00154,trans_P1_0030,P1,trans,swap,The duke trusted the sailor.,4,8,21,27,9,16,4,8,21,27,0,sailor,duke,trust,,,
item_00155,trans_P1_0031,P1,trans,active,The passenger examined the curator.,4,13,27,34,14,22,4,13,27,34,0,passenger,curator,examine,,,
item_00156,trans_P1_0031,P1,trans,passive,The curator was examined by the passenger.,32,41,4,11,16,24,4,11,32,41,1,passenger,curator,examine,,,
item_00157,trans_P1_0031,P1,trans,cleft,It was the passenger who examined the curator.,11,20,38,45,25,33,11,20,38,45,0,passenger,curator,examine,,,
item_00158,trans_P1_0031,P1,trans,topical,"The curator, the passenger examined.",17,26,4,11,27,35,4,11,17,26,1,passenger,curator,examine,,,
item_00159,trans_P1_0031,P1,trans,swap,The curator examined the passenger.,4,11,25,34,12,20,4,11,25,34,0,passenger,curator,examine,,,
item_00160,trans_P1_0032,P1,trans,active,The pharmacist described the curator.,4,14,29,36,15,24,4,14,29,36,0,pharmacist,curator,describe,,,
item_00161,trans_P1_0032,P1,trans,passive,The curator was described by the pharmacist.,33,43,4,11,16,25,4,11,33,43,1,pharmacist,curator,describe,,,
item_00162,trans_P1_0032,P1,trans,cleft,It was the pharmacist who described the curator.,11,21,40,47,26,35,11,21,40,47,0,pharmacist,curator,describe,,,
item_00163,trans_P1_0032,P1,trans,topical,"The curator, the pharmacist described.",17,27,4,11,28,37,4,11,17,27,1,pharmacist,curator,describe,,,
item_00164,trans_P1_0032,P1,trans,swap,The curator described the pharmacist.,4,11,26,36,12,21,4,11,26,36,0,pharmacist,curator,describe,,,
item_00165,trans_P1_0033,P1,trans,active,The inventor honored the customer.,4,12,25,33,13,20,4,12,25,33,0,inventor,customer,honor,,,
item_00166,trans_P1_0033,P1,trans,passive,The customer was honored by the inventor.,32,40,4,12,17,24,4,12,32,40,1,inventor,customer,honor,,,
item_00167,trans_P1_0033,P1,trans,cleft,It was the inventor who honored the customer.,11,19,36,44,24,31,11,19,36,44,0,inventor,customer,honor,,,
item_00168,trans_P1_0033,P1,trans,topical,"The customer, the inventor honored.",18,26,4,12,27,34,4,12,18,26,1,inventor,customer,honor,,,
item_00169,trans_P1_0033,P1,trans,swap,The customer honored the inventor.,4,12,25,33,13,20,4,12,25,33,0,inventor,customer,honor,,,
item_00170,trans_P1_0034,P1,trans,active,The historian respected the singer.,4,13,28,34,14,23,4,13,28,34,0,historian,singer,respect,,,
item_00171,trans_P1_0034,P1,trans,passive,The singer was respected by the historian.,32,41,4,10,15,24,4,10,32,41,1,historian,singer,respect,,,
item_00172,trans_P1_0034,P1,trans,cleft,It was the historian who respected the singer.,11,20,39,45,25,34,11,20,39,45,0,historian,singer,respect,,,
item_00173,trans_P1_0034,P1,trans,topical,"The singer, the historian respected.",16,25,4,10,26,35,4,10,16,25,1,historian,singer,respect,,,
item_00174,trans_P1_0034,P1,trans,swap,The singer respected the historian.,4,10,25,34,11,20,4,10,25,34,0,historian,singer,respect,,,
item_00175,trans_P1_0035,P1,trans,active,The mayor examined the reporter.,4,9,23,31,10,18,4,9,23,31,0,mayor,reporter,examine,,,
item_00176,trans_P1_0035,P1,trans,passive,The reporter was examined by the mayor.,33,38,4,12,17,25,4,12,33,38,1,mayor,reporter,examine,,,
item_00177,trans_P1_0035,P1,trans,cleft,It was the mayor who examined the reporter.,11,16,34,42,21,29,11,16,34,42,0,mayor,reporter,examine,,,
item_00178,trans_P1_0035,P1,trans,topical,"The reporter, the mayor examined.",18,23,4,12,24,32,4,12,18,23,1,mayor,reporter,examine,,,
item_00179,trans_P1_0035,P1,trans,swap,The reporter examined the mayor.,4,12,26,31,13,21,4,12,26,31,0,mayor,reporter,examine,,,
item_00180,trans_P1_0036,P1,trans,active,The singer trusted the tailor.,4,10,23,29,11,18,4,10,23,29,0,singer,tailor,trust,,,
item_00181,trans_P1_0036,P1,trans,passive,The tailor was trusted by the singer.,30,36,4,10,15,22,4,10,30,36,1,singer,tailor,trust,,,
item_00182,trans_P1_0036,P1,trans,cleft,It was the singer who trusted the tailor.,11,17,34,40,22,29,11,17,34,40,0,singer,tailor,trust,,,
item_00183,trans_P1_0036,P1,trans,topical,"The tailor, the singer trusted.",16,22,4,10,23,30,4,10,16,22,1,singer,tailor,trust,,,
item_00184,trans_P1_0036,P1,trans,swap,The tailor trusted the singer.,4,10,23,29,11,18,4,10,23,29,0,singer,tailor,trust,,,
item_00185,trans_P1_0037,P1,trans,active,The singer respected the passenger.,4,10,25,34,11,20,4,10,25,34,0,singer,passenger,respect,,,
item_00186,trans_P1_0037,P1,trans,passive,The passenger was respected by the singer.,35,41,4,13,18,27,4,13,35,41,1,singer,passenger,respect,,,
item_00187,trans_P1_0037,P1,trans,cleft,It was the singer who respected the passenger.,11,17,36,45,22,31,11,17,36,45,0,singer,passenger,respect,,,
item_00188,trans_P1_0037,P1,trans,topical,"The passenger, the singer respected.",19,25,4,13,26,35,4,13,19,25,1,singer,passenger,respect,,,
item_00189,trans_P1_0037,P1,trans,swap,The passenger respected the singer.,4,13,28,34,14,23,4,13,28,34,0,singer,passenger,respect,,,
item_00190,trans_P1_0038,P1,trans,active,The baron examined the client.,4,9,23,29,10,18,4,9,23,29,0,baron,client,examine,,,
item_00191,trans_P1_0038,P1,trans,passive,The client was examined by the baron.,31,36,4,10,15,23,4,10,31,36,1,baron,client,examine,,,
item_00192,trans_P1_0038,P1,trans,cleft,It was the baron who examined the client.,11,16,34,40,21,29,11,16,34,40,0,baron,client,examine,,,
item_00193,trans_P1_0038,P1,trans,topical,"The client, the baron examined.",16,21,4,10,22,30,4,10,16,21,1,baron,client,examine,,,
item_00194,trans_P1_0038,P1,trans,swap,The client examined the baron.,4,10,24,29,11,19,4,10,24,29,0,baron,client,examine,,,
item_00195,trans_P1_0039,P1,trans,active,The queen described the librarian.,4,9,24,33,10,19,4,9,24,33,0,queen,librarian,describe,,,
item_00196,trans_P1_0039,P1,trans,passive,The librarian was described by the queen.,35,40,4,13,18,27,4,13,35,40,1,queen,librarian,describe,,,
item_00197,trans_P1_0039,P1,trans,cleft,It was the queen who described the librarian.,11,16,35,44,21,30,11,16,35,44,0,queen,librarian,describe,,,
item_00198,trans_P1_0039,P1,trans,topical,"The librarian, the queen described.",19,24,4,13,25,34,4,13,19,24,1,queen,librarian,describe,,,
item_00199,trans_P1_0039,P1,trans,swap,The librarian described the queen.,4,13,28,33,14,23,4,13,28,33,0,queen,librarian,describe,,,
item_00200,trans_P1_0040,P1,trans,active,The sailor invited the lawyer.,4,10,23,29,11,18,4,10,23,29,0,sailor,lawyer,invite,,,
item_00201,trans_P1_0040,P1,trans,passive,The lawyer was invited by the sailor.,30,36,4,10,15,22,4,10,30,36,1,sailor,lawyer,invite,,,
item_00202,trans_P1_0040,P1,trans,cleft,It was the sailor who invited the lawyer.,11,17,34,40,22,29,11,17,34,40,0,sailor,lawyer,invite,,,
item_00203,trans_P1_0040,P1,trans,topical,"The lawyer, the sailor invited.",16,22,4,10,23,30,4,10,16,22,1,sailor,lawyer,invite,,,
item_00204,trans_P1_0040,P1,trans,swap,The lawyer invited the sailor.,4,10,23,29,11,18,4,10,23,29,0,sailor,lawyer,invite,,,
item_00205,trans_P1_0041,P1,trans,active,The rider assisted the baron.,4,9,23,28,10,18,4,9,23,28,0,rider,baron,assist,,,
item_00206,trans_P1_0041,P1,trans,passive,The baron was assisted by the rider.,30,35,4,9,14,22,4,9,30,35,1,rider,baron,assist,,,
item_00207,trans_P1_0041,P1,trans,cleft,It was the rider who assisted the baron.,11,16,34,39,21,29,11,16,34,39,0,rider,baron,assist,,,
item_00208,trans_P1_0041,P1,trans,topical,"The baron, the rider assisted.",15,20,4,9,21,29,4,9,15,20,1,rider,baron,assist,,,
item_00209,trans_P1_0041,P1,trans,swap,The baron assisted the rider.,4,9,23,28,10,18,4,9,23,28,0,rider,baron,assist,,,
item_00210,trans_P1_0042,P1,trans,active,The reporter praised the mechanic.,4,12,25,33,13,20,4,12,25,33,0,reporter,mechanic,praise,,,
item_00211,trans_P1_0042,P1,trans,passive,The mechanic was praised by the reporter.,32,40,4,12,17,24,4,12,32,40,1,reporter,mechanic,praise,,,
item_00212,trans_P1_0042,P1,trans,cleft,It was the reporter who praised the mechanic.,11,19,36,44,24,31,11,19,36,44,0,reporter,mechanic,praise,,,
item_00213,trans_P1_0042,P1,trans,topical,"The mechanic, the reporter praised.",18,26,4,12,27,34,4,12,18,26,1,reporter,mechanic,praise,,,
item_00214,trans_P1_0042,P1,trans,swap,The mechanic praised the reporter.,4,12,25,33,13,20,4,12,25,33,0,reporter,mechanic,praise,,,
item_00215,trans_P1_0043,P1,trans,active,The coach trusted the mechanic.,4,9,22,30,10,17,4,9,22,30,0,coach,mechanic,trust,,,
item_00216,trans_P1_0043,P1,trans,passive,The mechanic was trusted by the coach.,32,37,4,12,17,24,4,12,32,37,1,coach,mechanic,trust,,,
item_00217,trans_P1_0043,P1,trans,cleft,It was the coach who trusted the mechanic.,11,16,33,41,21,28,11,16,33,41,0,coach,mechanic,trust,,,
item_00218,trans_P1_0043,P1,trans,topical,"The mechanic, the coach trusted.",18,23,4,12,24,31,4,12,18,23,1,coach,mechanic,trust,,,
item_00219,trans_P1_0043,P1,trans,swap,The mechanic trusted the coach.,4,12,25,30,13,20,4,12,25,30,0,coach,mechanic,trust,,,
item_00220,trans_P1_0044,P1,trans,active,The lawyer trusted the client.,4,10,23,29,11,18,4,10,23,29,0,lawyer,client,trust,,,
item_00221,trans_P1_0044,P1,trans,passive,The client was trusted by the lawyer.,30,36,4,10,15,22,4,10,30,36,1,lawyer,client,trust,,,
item_00222,trans_P1_0044,P1,trans,cleft,It was the lawyer who trusted the client.,11,17,34,40,22,29,11,17,34,40,0,lawyer,client,trust,,,
item_00223,trans_P1_0044,P1,trans,topical,"The client, the lawyer trusted.",16,22,4,10,23,30,4,10,16,22,1,lawyer,client,trust,,,
item_00224,trans_P1_0044,P1,trans,swap,The client trusted the lawyer.,4,10,23,29,11,18,4,10,23,29,0,lawyer,client,trust,,,
item_00225,trans_P1_0045,P1,trans,active,The duke assisted the driver.,4,8,22,28,9,17,4,8,22,28,0,duke,driver,assist,,,
item_00226,trans_P1_0045,P1,trans,passive,The driver was assisted by the duke.,31,35,4,10,15,23,4,10,31,35,1,duke,driver,assist,,,
item_00227,trans_P1_0045,P1,trans,cleft,It was the duke who assisted the driver.,11,15,33,39,20,28,11,15,33,39,0,duke,driver,assist,,,
item_00228,trans_P1_0045,P1,trans,topical,"The driver, the duke assisted.",16,20,4,10,21,29,4,10,16,20,1,duke,driver,assist,,,
item_00229,trans_P1_0045,P1,trans,swap,The driver assisted the duke.,4,10,24,28,11,19,4,10,24,28,0,duke,driver,assist,,,
item_00230,trans_P1_0046,P1,trans,active,The dancer assisted the queen.,4,10,24,29,11,19,4,10,24,29,0,dancer,queen,assist,,,
item_00231,trans_P1_0046,P1,trans,passive,The queen was assisted by the dancer.,30,36,4,9,14,22,4,9,30,36,1,dancer,queen,assist,,,
item_00232,trans_P1_0046,P1,trans,cleft,It was the dancer who assisted the queen.,11,17,35,40,22,30,11,17,35,40,0,dancer,queen,assist,,,
item_00233,trans_P1_0046,P1,trans,topical,"The queen, the dancer assisted.",15,21,4,9,22,30,4,9,15,21,1,dancer,queen,assist,,,
item_00234,trans_P1_0046,P1,trans,swap,The queen assisted the dancer.,4,9,23,29,10,18,4,9,23,29,0,dancer,queen,assist,,,
item_00235,trans_P1_0047,P1,trans,active,The waiter invited the rider.,4,10,23,28,11,18,4,10,23,28,0,waiter,rider,invite,,,
item_00236,trans_P1_0047,P1,trans,passive,The rider was invited by the waiter.,29,35,4,9,14,21,4,9,29,35,1,waiter,rider,invite,,,
item_00237,trans_P1_0047,P1,trans,cleft,It was the waiter who invited the rider.,11,17,34,39,22,29,11,17,34,39,0,waiter,rider,invite,,,
item_00238,trans_P1_0047,P1,trans,topical,"The rider, the waiter invited.",15,21,4,9,22,29,4,9,15,21,1,waiter,rider,invite,,,
item_00239,trans_P1_0047,P1,trans,swap,The rider invited the waiter.,4,9,22,28,10,17,4,9,22,28,0,waiter,rider,invite,,,
item_00240,trans_P1_0048,P1,trans,active,The mechanic described the sailor.,4,12,27,33,13,22,4,12,27,33,0,mechanic,sailor,describe,,,
item_00241,trans_P1_0048,P1,trans,passive,The sailor was described by the mechanic.,32,40,4,10,15,24,4,10,32,40,1,mechanic,sailor,describe,,,
item_00242,trans_P1_0048,P1,trans,cleft,It was the mechanic who described the sailor.,11,19,38,44,24,33,11,19,38,44,0,mechanic,sailor,describe,,,
item_00243,trans_P1_0048,P1,trans,topical,"The sailor, the mechanic described.",16,24,4,10,25,34,4,10,16,24,1,mechanic,sailor,describe,,,
item_00244,trans_P1_0048,P1,trans,swap,The sailor described the mechanic.,4,10,25,33,11,20,4,10,25,33,0,mechanic,sailor,describe,,,
item_00245,trans_P1_0049,P1,trans,active,The dancer honored the customer.,4,10,23,31,11,18,4,10,23,31,0,dancer,customer,honor,,,
item_00246,trans_P1_0049,P1,trans,passive,The customer was honored by the dancer.,32,38,4,12,17,24,4,12,32,38,1,dancer,customer,honor,,,
item_00247,trans_P1_0049,P1,trans,cleft,It was the dancer who honored the customer.,11,17,34,42,22,29,11,17,34,42,0,dancer,customer,honor,,,
item_00248,trans_P1_0049,P1,trans,topical,"The customer, the dancer honored.",18,24,4,12,25,32,4,12,18,24,1,dancer,customer,honor,,,
item_00249,trans_P1_0049,P1,trans,swap,The customer honored the dancer.,4,12,25,31,13,20,4,12,25,31,0,dancer,customer,honor,,,
item_00250,trans_P1_0050,P1,trans,active,The duke guided the sailor.,4,8,20,26,9,15,4,8,20,26,0,duke,sailor,guide,,,
item_00251,trans_P1_0050,P1,trans,passive,The sailor was guided by the duke.,29,33,4,10,15,21,4,10,29,33,1,duke,sailor,guide,,,
item_00252,trans_P1_0050,P1,trans,cleft,It was the duke who guided the sailor.,11,15,31,37,20,26,11,15,31,37,0,duke,sailor,guide,,,
item_00253,trans_P1_0050,P1,trans,topical,"The sailor, the duke guided.",16,20,4,10,21,27,4,10,16,20,1,duke,sailor,guide,,,
item_00254,trans_P1_0050,P1,trans,swap,The sailor guided the duke.,4,10,22,26,11,17,4,10,22,26,0,duke,sailor,guide,,,
item_00255,trans_P1_0051,P1,trans,active,The musician respected the neighbor.,4,12,27,35,13,22,4,12,27,35,0,musician,neighbor,respect,,,
item_00256,trans_P1_0051,P1,trans,passive,The neighbor was respected by the musician.,34,42,4,12,17,26,4,12,34,42,1,musician,neighbor,respect,,,
item_00257,trans_P1_0051,P1,trans,cleft,It was the musician who respected the neighbor.,11,19,38,46,24,33,11,19,38,46,0,musician,neighbor,respect,,,
item_00258,trans_P1_0051,P1,trans,topical,"The neighbor, the musician respected.",18,26,4,12,27,36,4,12,18,26,1,musician,neighbor,respect,,,
item_00259,trans_P1_0051,P1,trans,swap,The neighbor respected the musician.,4,12,27,35,13,22,4,12,27,35,0,musician,neighbor,respect,,,
item_00260,trans_P1_0052,P1,trans,active,The rider informed the tailor.,4,9,23,29,10,18,4,9,23,29,0,rider,tailor,inform,,,
item_00261,trans_P1_0052,P1,trans,passive,The tailor was informed by the rider.,31,36,4,10,15,23,4,10,31,36,1,rider,tailor,inform,,,
item_00262,trans_P1_0052,P1,trans,cleft,It was the rider who informed the tailor.,11,16,34,40,21,29,11,16,34,40,0,rider,tailor,inform,,,
item_00263,trans_P1_0052,P1,trans,topical,"The tailor, the rider informed.",16,21,4,10,22,30,4,10,16,21,1,rider,tailor,inform,,,
item_00264,trans_P1_0052,P1,trans,swap,The tailor informed the rider.,4,10,24,29,11,19,4,10,24,29,0,rider,tailor,inform,,,
item_00265,trans_P1_0053,P1,trans,active,The waiter greeted the engineer.,4,10,23,31,11,18,4,10,23,31,0,waiter,engineer,greet,,,
item_00266,trans_P1_0053,P1,trans,passive,The engineer was greeted by the waiter.,32,38,4,12,17,24,4,12,32,38,1,waiter,engineer,greet,,,
item_00267,trans_P1_0053,P1,trans,cleft,It was the waiter who greeted the engineer.,11,17,34,42,22,29,11,17,34,42,0,waiter,engineer,greet,,,
item_00268,trans_P1_0053,P1,trans,topical,"The engineer, the waiter greeted.",18,24,4,12,25,32,4,12,18,24,1,waiter,engineer,greet,,,
item_00269,trans_P1_0053,P1,trans,swap,The engineer greeted the waiter.,4,12,25,31,13,20,4,12,25,31,0,waiter,engineer,greet,,,
item_00270,trans_P1_0054,P1,trans,active,The nurse assisted the mayor.,4,9,23,28,10,18,4,9,23,28,0,nurse,mayor,assist,,,
item_00271,trans_P1_0054,P1,trans,passive,The mayor was assisted by the nurse.,30,35,4,9,14,22,4,9,30,35,1,nurse,mayor,assist,,,
item_00272,trans_P1_0054,P1,trans,cleft,It was the nurse who assisted the mayor.,11,16,34,39,21,29,11,16,34,39,0,nurse,mayor,assist,,,
item_00273,trans_P1_0054,P1,trans,topical,"The mayor, the nurse assisted.",15,20,4,9,21,29,4,9,15,20,1,nurse,mayor,assist,,,
item_00274,trans_P1_0054,P1,trans,swap,The mayor assisted the nurse.,4,9,23,28,10,18,4,9,23,28,0,nurse,mayor,assist,,,
item_00275,trans_P1_0055,P1,trans,active,The engineer praised the athlete.,4,12,25,32,13,20,4,12,25,32,0,engineer,athlete,praise,,,
item_00276,trans_P1_0055,P1,trans,passive,The athlete was praised by the engineer.,31,39,4,11,16,23,4,11,31,39,1,engineer,athlete,praise,,,
item_00277,trans_P1_0055,P1,trans,cleft,It was the engineer who praised the athlete.,11,19,36,43,24,31,11,19,36,43,0,engineer,athlete,praise,,,
item_00278,trans_P1_0055,P1,trans,topical,"The athlete, the engineer praised.",17,25,4,11,26,33,4,11,17,25,1,engineer,athlete,praise,,,
item_00279,trans_P1_0055,P1,trans,swap,The athlete praised the engineer.,4,11,24,32,12,19,4,11,24,32,0,engineer,athlete,praise,,,
item_00280,trans_P1_0056,P1,trans,active,The reporter respected the waiter.,4,12,27,33,13,22,4,12,27,33,0,reporter,waiter,respect,,,
item_00281,trans_P1_0056,P1,trans,passive,The waiter was respected by the reporter.,32,40,4,10,15,24,4,10,32,40,1,reporter,waiter,respect,,,
item_00282,trans_P1_0056,P1,trans,cleft,It was the reporter who respected the waiter.,11,19,38,44,24,33,11,19,38,44,0,reporter,waiter,respect,,,
item_00283,trans_P1_0056,P1,trans,topical,"The waiter, the reporter respected.",16,24,4,10,25,34,4,10,16,24,1,reporter,waiter,respect,,,
item_00284,trans_P1_0056,P1,trans,swap,The waiter respected the reporter.,4,10,25,33,11,20,4,10,25,33,0,reporter,waiter,respect,,,
item_00285,trans_P1_0057,P1,trans,active,The princess described the judge.,4,12,27,32,13,22,4,12,27,32,0,princess,judge,describe,,,
item_00286,trans_P1_0057,P1,trans,passive,The judge was described by the princess.,31,39,4,9,14,23,4,9,31,39,1,princess,judge,describe,,,
item_00287,trans_P1_0057,P1,trans,cleft,It was the princess who described the judge.,11,19,38,43,24,33,11,19,38,43,0,princess,judge,describe,,,
item_00288,trans_P1_0057,P1,trans,topical,"The judge, the princess described.",15,23,4,9,24,33,4,9,15,23,1,princess,judge,describe,,,
item_00289,trans_P1_0057,P1,trans,swap,The judge described the princess.,4,9,24,32,10,19,4,9,24,32,0,princess,judge,describe,,,
item_00290,trans_P1_0058,P1,trans,active,The neighbor honored the soldier.,4,12,25,32,13,20,4,12,25,32,0,neighbor,soldier,honor,,,
item_00291,trans_P1_0058,P1,trans,passive,The soldier was honored by the neighbor.,31,39,4,11,16,23,4,11,31,39,1,neighbor,soldier,honor,,,
item_00292,trans_P1_0058,P1,trans,cleft,It was the neighbor who honored the soldier.,11,19,36,43,24,31,11,19,36,43,0,neighbor,soldier,honor,,,
item_00293,trans_P1_0058,P1,trans,topical,"The soldier, the neighbor honored.",17,25,4,11,26,33,4,11,17,25,1,neighbor,soldier,honor,,,
item_00294,trans_P1_0058,P1,trans,swap,The soldier honored the neighbor.,4,11,24,32,12,19,4,11,24,32,0,neighbor,soldier,honor,,,
item_00295,trans_P1_0059,P1,trans,active,The manager invited the student.,4,11,24,31,12,19,4,11,24,31,0,manager,student,invite,,,
item_00296,trans_P1_0059,P1,trans,passive,The student was invited by the manager.,31,38,4,11,16,23,4,11,31,38,1,manager,student,invite,,,
item_00297,trans_P1_0059,P1,trans,cleft,It was the manager who invited the student.,11,18,35,42,23,30,11,18,35,42,0,manager,student,invite,,,
item_00298,trans_P1_0059,P1,trans,topical,"The student, the manager invited.",17,24,4,11,25,32,4,11,17,24,1,manager,student,invite,,,
item_00299,trans_P1_0059,P1,trans,swap,The student invited the manager.,4,11,24,31,12,19,4,11,24,31,0,manager,student,invite,,,
item_00300,trans_P1_0060,P1,trans,active,The duke praised the princess.,4,8,21,29,9,16,4,8,21,29,0,duke,princess,praise,,,
item_00301,trans_P1_0060,P1,trans,passive,The princess was praised by the duke.,32,36,4,12,17,24,4,12,32,36,1,duke,princess,praise,,,
item_00302,trans_P1_0060,P1,trans,cleft,It was the duke who praised the princess.,11,15,32,40,20,27,11,15,32,40,0,duke,princess,praise,,,
item_00303,trans_P1_0060,P1,trans,topical,"The princess, the duke praised.",18,22,4,12,23,30,4,12,18,22,1,duke,princess,praise,,,
item_00304,trans_P1_0060,P1,trans,swap,The princess praised the duke.,4,12,25,29,13,20,4,12,25,29,0,duke,princess,praise,,,
item_00305,trans_P1_0061,P1,trans,active,The manager informed the neighbor.,4,11,25,33,12,20,4,11,25,33,0,manager,neighbor,inform,,,
item_00306,trans_P1_0061,P1,trans,passive,The neighbor was informed by the manager.,33,40,4,12,17,25,4,12,33,40,1,manager,neighbor,inform,,,
item_00307,trans_P1_0061,P1,trans,cleft,It was the manager who informed the neighbor.,11,18,36,44,23,31,11,18,36,44,0,manager,neighbor,inform,,,
item_00308,trans_P1_0061,P1,trans,topical,"The neighbor, the manager informed.",18,25,4,12,26,34,4,12,18,25,1,manager,neighbor,inform,,,
item_00309,trans_P1_0061,P1,trans,swap,The neighbor informed the manager.,4,12,26,33,13,21,4,12,26,33,0,manager,neighbor,inform,,,
item_00310,trans_P1_0062,P1,trans,active,The dancer described the duke.,4,10,25,29,11,20,4,10,25,29,0,dancer,duke,describe,,,
item_00311,trans_P1_0062,P1,trans,passive,The duke was described by the dancer.,30,36,4,8,13,22,4,8,30,36,1,dancer,duke,describe,,,
item_00312,trans_P1_0062,P1,trans,cleft,It was the dancer who described the duke.,11,17,36,40,22,31,11,17,36,40,0,dancer,duke,describe,,,
item_00313,trans_P1_0062,P1,trans,topical,"The duke, the dancer described.",14,20,4,8,21,30,4,8,14,20,1,dancer,duke,describe,,,
item_00314,trans_P1_0062,P1,trans,swap,The duke described the dancer.,4,8,23,29,9,18,4,8,23,29,0,dancer,duke,describe,,,
item_00315,trans_P1_0063,P1,trans,active,The tailor honored the librarian.,4,10,23,32,11,18,4,10,23,32,0,tailor,librarian,honor,,,
item_00316,trans_P1_0063,P1,trans,passive,The librarian was honored by the tailor.,33,39,4,13,18,25,4,13,33,39,1,tailor,librarian,honor,,,
item_00317,trans_P1_0063,P1,trans,cleft,It was the tailor who honored the librarian.,11,17,34,43,22,29,11,17,34,43,0,tailor,librarian,honor,,,
item_00318,trans_P1_0063,P1,trans,topical,"The librarian, the tailor honored.",19,25,4,13,26,33,4,13,19,25,1,tailor,librarian,honor,,,
item_00319,trans_P1_0063,P1,trans,swap,The librarian honored the tailor.,4,13,26,32,14,21,4,13,26,32,0,tailor,librarian,honor,,,
item_00320,trans_P1_0064,P1,trans,active,The student welcomed the curator.,4,11,25,32,12,20,4,11,25,32,0,student,curator,welcome,,,
item_00321,trans_P1_0064,P1,trans,passive,The curator was welcomed by the student.,32,39,4,11,16,24,4,11,32,39,1,student,curator,welcome,,,
item_00322,trans_P1_0064,P1,trans,cleft,It was the student who welcomed the curator.,11,18,36,43,23,31,11,18,36,43,0,student,curator,welcome,,,
item_00323,trans_P1_0064,P1,trans,topical,"The curator, the student welcomed.",17,24,4,11,25,33,4,11,17,24,1,student,curator,welcome,,,
item_00324,trans_P1_0064,P1,trans,swap,The curator welcomed the student.,4,11,25,32,12,20,4,11,25,32,0,student,curator,welcome,,,
item_00325,trans_P1_0065,P1,trans,active,The queen examined the mechanic.,4,9,23,31,10,18,4,9,23,31,0,queen,mechanic,examine,,,
item_00326,trans_P1_0065,P1,trans,passive,The mechanic was examined by the queen.,33,38,4,12,17,25,4,12,33,38,1,queen,mechanic,examine,,,
item_00327,trans_P1_0065,P1,trans,cleft,It was the queen who examined the mechanic.,11,16,34,42,21,29,11,16,34,42,0,queen,mechanic,examine,,,
item_00328,trans_P1_0065,P1,trans,topical,"The mechanic, the queen examined.",18,23,4,12,24,32,4,12,18,23,1,queen,mechanic,examine,,,
item_00329,trans_P1_0065,P1,trans,swap,The mechanic examined the queen.,4,12,26,31,13,21,4,12,26,31,0,queen,mechanic,examine,,,
item_00330,trans_P1_0066,P1,trans,active,The student praised the mechanic.,4,11,24,32,12,19,4,11,24,32,0,student,mechanic,praise,,,
item_00331,trans_P1_0066,P1,trans,passive,The mechanic was praised by the student.,32,39,4,12,17,24,4,12,32,39,1,student,mechanic,praise,,,
item_00332,trans_P1_0066,P1,trans,cleft,It was the student who praised the mechanic.,11,18,35,43,23,30,11,18,35,43,0,student,mechanic,praise,,,
item_00333,trans_P1_0066,P1,trans,topical,"The mechanic, the student praised.",18,25,4,12,26,33,4,12,18,25,1,student,mechanic,praise,,,
item_00334,trans_P1_0066,P1,trans,swap,The mechanic praised the student.,4,12,25,32,13,20,4,12,25,32,0,student,mechanic,praise,,,
item_00335,trans_P1_0067,P1,trans,active,The baron invited the partner.,4,9,22,29,10,17,4,9,22,29,0,baron,partner,invite,,,
item_00336,trans_P1_0067,P1,trans,passive,The partner was invited by the baron.,31,36,4,11,16,23,4,11,31,36,1,baron,partner,invite,,,
item_00337,trans_P1_0067,P1,trans,cleft,It was the baron who invited the partner.,11,16,33,40,21,28,11,16,33,40,0,baron,partner,invite,,,
item_00338,trans_P1_0067,P1,trans,topical,"The partner, the baron invited.",17,22,4,11,23,30,4,11,17,22,1,baron,partner,invite,,,
item_00339,trans_P1_0067,P1,trans,swap,The partner invited the baron.,4,11,24,29,12,19,4,11,24,29,0,baron,partner,invite,,,
item_00340,trans_P1_0068,P1,trans,active,The singer examined the customer.,4,10,24,32,11,19,4,10,24,32,0,singer,customer,examine,,,
item_00341,trans_P1_0068,P1,trans,passive,The customer was examined by the singer.,33,39,4,12,17,25,4,12,33,39,1,singer,customer,examine,,,
item_00342,trans_P1_0068,P1,trans,cleft,It was the singer who examined the customer.,11,17,35,43,22,30,11,17,35,43,0,singer,customer,examine,,,
item_00343,trans_P1_0068,P1,trans,topical,"The customer, the singer examined.",18,24,4,12,25,33,4,12,18,24,1,singer,customer,examine,,,
item_00344,trans_P1_0068,P1,trans,swap,The customer examined the singer.,4,12,26,32,13,21,4,12,26,32,0,singer,customer,examine,,,
item_00345,trans_P1_0069,P1,trans,active,The broker welcomed the singer.,4,10,24,30,11,19,4,10,24,30,0,broker,singer,welcome,,,
item_00346,trans_P1_0069,P1,trans,passive,The singer was welcomed by the broker.,31,37,4,10,15,23,4,10,31,37,1,broker,singer,welcome,,,
item_00347,trans_P1_0069,P1,trans,cleft,It was the broker who welcomed the singer.,11,17,35,41,22,30,11,17,35,41,0,broker,singer,welcome,,,
item_00348,trans_P1_0069,P1,trans,topical,"The singer, the broker welcomed.",16,22,4,10,23,31,4,10,16,22,1,broker,singer,welcome,,,
item_00349,trans_P1_0069,P1,trans,swap,The singer welcomed the broker.,4,10,24,30,11,19,4,10,24,30,0,broker,singer,welcome,,,
item_00350,trans_P1_0070,P1,trans,active,The knight welcomed the inventor.,4,10,24,32,11,19,4,10,24,32,0,knight,inventor,welcome,,,
item_00351,trans_P1_0070,P1,trans,passive,The inventor was welcomed by the knight.,33,39,4,12,17,25,4,12,33,39,1,knight,inventor,welcome,,,
item_00352,trans_P1_0070,P1,trans,cleft,It was the knight who welcomed the inventor.,11,17,35,43,22,30,11,17,35,43,0,knight,inventor,welcome,,,
item_00353,trans_P1_0070,P1,trans,topical,"The inventor, the knight welcomed.",18,24,4,12,25,33,4,12,18,24,1,knight,inventor,welcome,,,
item_00354,trans_P1_0070,P1,trans,swap,The inventor welcomed the knight.,4,12,26,32,13,21,4,12,26,32,0,knight,inventor,welcome,,,
item_00355,trans_P1_0071,P1,trans,active,The passenger invited the student.,4,13,26,33,14,21,4,13,26,33,0,passenger,student,invite,,,
item_00356,trans_P1_0071,P1,trans,passive,The student was invited by the passenger.,31,40,4,11,16,23,4,11,31,40,1,passenger,student,invite,,,
item_00357,trans_P1_0071,P1,trans,cleft,It was the passenger who invited the student.,11,20,37,44,25,32,11,20,37,44,0,passenger,student,invite,,,
item_00358,trans_P1_0071,P1,trans,topical,"The student, the passenger invited.",17,26,4,11,27,34,4,11,17,26,1,passenger,student,invite,,,
item_00359,trans_P1_0071,P1,trans,swap,The student invited the passenger.,4,11,24,33,12,19,4,11,24,33,0,passenger,student,invite,,,
item_00360,trans_P1_0072,P1,trans,active,The broker informed the rider.,4,10,24,29,11,19,4,10,24,29,0,broker,rider,inform,,,
item_00361,trans_P1_0072,P1,trans,passive,The rider was informed by the broker.,30,36,4,9,14,22,4,9,30,36,1,broker,rider,inform,,,
item_00362,trans_P1_0072,P1,trans,cleft,It was the broker who informed the rider.,11,17,35,40,22,30,11,17,35,40,0,broker,rider,inform,,,
item_00363,trans_P1_0072,P1,trans,topical,"The rider, the broker informed.",15,21,4,9,22,30,4,9,15,21,1,broker,rider,inform,,,
item_00364,trans_P1_0072,P1,trans,swap,The rider informed the broker.,4,9,23,29,10,18,4,9,23,29,0,broker,rider,inform,,,
item_00365,trans_P1_0073,P1,trans,active,The driver greeted the judge.,4,10,23,28,11,18,4,10,23,28,0,driver,judge,greet,,,
item_00366,trans_P1_0073,P1,trans,passive,The judge was greeted by the driver.,29,35,4,9,14,21,4,9,29,35,1,driver,judge,greet,,,
item_00367,trans_P1_0073,P1,trans,cleft,It was the driver who greeted the judge.,11,17,34,39,22,29,11,17,34,39,0,driver,judge,greet,,,
item_00368,trans_P1_0073,P1,trans,topical,"The judge, the driver greeted.",15,21,4,9,22,29,4,9,15,21,1,driver,judge,greet,,,
item_00369,trans_P1_0073,P1,trans,swap,The judge greeted the driver.,4,9,22,28,10,17,4,9,22,28,0,driver,judge,greet,,,
item_00370,trans_P1_0074,P1,trans,active,The inventor welcomed the client.,4,12,26,32,13,21,4,12,26,32,0,inventor,client,welcome,,,
item_00371,trans_P1_0074,P1,trans,passive,The client was welcomed by the inventor.,31,39,4,10,15,23,4,10,31,39,1,inventor,client,welcome,,,
item_00372,trans_P1_0074,P1,trans,cleft,It was the inventor who welcomed the client.,11,19,37,43,24,32,11,19,37,43,0,inventor,client,welcome,,,
item_00373,trans_P1_0074,P1,trans,topical,"The client, the inventor welcomed.",16,24,4,10,25,33,4,10,16,24,1,inventor,client,welcome,,,
item_00374,trans_P1_0074,P1,trans,swap,The client welcomed the inventor.,4,10,24,32,11,19,4,10,24,32,0,inventor,client,welcome,,,
item_00375,trans_P1_0075,P1,trans,active,The broker informed the nurse.,4,10,24,29,11,19,4,10,24,29,0,broker,nurse,inform,,,
item_00376,trans_P1_0075,P1,trans,passive,The nurse was informed by the broker.,30,36,4,9,14,22,4,9,30,36,1,broker,nurse,inform,,,
item_00377,trans_P1_0075,P1,trans,cleft,It was the broker who informed the nurse.,11,17,35,40,22,30,11,17,35,40,0,broker,nurse,inform,,,
item_00378,trans_P1_0075,P1,trans,topical,"The nurse, the broker informed.",15,21,4,9,22,30,4,9,15,21,1,broker,nurse,inform,,,
item_00379,trans_P1_0075,P1,trans,swap,The nurse informed the broker.,4,9,23,29,10,18,4,9,23,29,0,broker,nurse,inform,,,
item_00380,trans_P1_0076,P1,trans,active,The tailor greeted the lawyer.,4,10,23,29,11,18,4,10,23,29,0,tailor,lawyer,greet,,,
item_00381,trans_P1_0076,P1,trans,passive,The lawyer was greeted by the tailor.,30,36,4,10,15,22,4,10,30,36,1,tailor,lawyer,greet,,,
item_00382,trans_P1_0076,P1,trans,cleft,It was the tailor who greeted the lawyer.,11,17,34,40,22,29,11,17,34,40,0,tailor,lawyer,greet,,,
item_00383,trans_P1_0076,P1,trans,topical,"The lawyer, the tailor greeted.",16,22,4,10,23,30,4,10,16,22,1,tailor,lawyer,greet,,,
item_00384,trans_P1_0076,P1,trans,swap,The lawyer greeted the tailor.,4,10,23,29,11,18,4,10,23,29,0,tailor,lawyer,greet,,,
item_00385,trans_P1_0077,P1,trans,active,The inventor trusted the nurse.,4,12,25,30,13,20,4,12,25,30,0,inventor,nurse,trust,,,
item_00386,trans_P1_0077,P1,trans,passive,The nurse was trusted by the inventor.,29,37,4,9,14,21,4,9,29,37,1,inventor,nurse,trust,,,
item_00387,trans_P1_0077,P1,trans,cleft,It was the inventor who trusted the nurse.,11,19,36,41,24,31,11,19,36,41,0,inventor,nurse,trust,,,
item_00388,trans_P1_0077,P1,trans,topical,"The nurse, the inventor trusted.",15,23,4,9,24,31,4,9,15,23,1,inventor,nurse,trust,,,
item_00389,trans_P1_0077,P1,trans,swap,The nurse trusted the inventor.,4,9,22,30,10,17,4,9,22,30,0,inventor,nurse,trust,,,
item_00390,trans_P1_0078,P1,trans,active,The duke praised the musician.,4,8,21,29,9,16,4,8,21,29,0,duke,musician,praise,,,
item_00391,trans_P1_0078,P1,trans,passive,The musician was praised by the duke.,32,36,4,12,17,24,4,12,32,36,1,duke,musician,praise,,,
item_00392,trans_P1_0078,P1,trans,cleft,It was the duke who praised the musician.,11,15,32,40,20,27,11,15,32,40,0,duke,musician,praise,,,
item_00393,trans_P1_0078,P1,trans,topical,"The musician, the duke praised.",18,22,4,12,23,30,4,12,18,22,1,duke,musician,praise,,,
item_00394,trans_P1_0078,P1,trans,swap,The musician praised the duke.,4,12,25,29,13,20,4,12,25,29,0,duke,musician,praise,,,
item_00395,trans_P1_0079,P1,trans,active,The musician described the client.,4,12,27,33,13,22,4,12,27,33,0,musician,client,describe,,,
item_00396,trans_P1_0079,P1,trans,passive,The client was described by the musician.,32,40,4,10,15,24,4,10,32,40,1,musician,client,describe,,,
item_00397,trans_P1_0079,P1,trans,cleft,It was the musician who described the client.,11,19,38,44,24,33,11,19,38,44,0,musician,client,describe,,,
item_00398,trans_P1_0079,P1,trans,topical,"The client, the musician described.",16,24,4,10,25,34,4,10,16,24,1,musician,client,describe,,,
item_00399,trans_P1_0079,P1,trans,swap,The client described the musician.,4,10,25,33,11,20,4,10,25,33,0,musician,client,describe,,,
item_00400,trans_P1_0080,P1,trans,active,The waiter examined the athlete.,4,10,24,31,11,19,4,10,24,31,0,waiter,athlete,examine,,,
item_00401,trans_P1_0080,P1,trans,passive,The athlete was examined by the waiter.,32,38,4,11,16,24,4,11,32,38,1,waiter,athlete,examine,,,
item_00402,trans_P1_0080,P1,trans,cleft,It was the waiter who examined the athlete.,11,17,35,42,22,30,11,17,35,42,0,waiter,athlete,examine,,,
item_00403,trans_P1_0080,P1,trans,topical,"The athlete, the waiter examined.",17,23,4,11,24,32,4,11,17,23,1,waiter,athlete,examine,,,
item_00404,trans_P1_0080,P1,trans,swap,The athlete examined the waiter.,4,11,25,31,12,20,4,11,25,31,0,waiter,athlete,examine,,,
item_00405,trans_P1_0081,P1,trans,active,The mayor invited the soldier.,4,9,22,29,10,17,4,9,22,29,0,mayor,soldier,invite,,,
item_00406,trans_P1_0081,P1,trans,passive,The soldier was invited by the mayor.,31,36,4,11,16,23,4,11,31,36,1,mayor,soldier,invite,,,
item_00407,trans_P1_0081,P1,trans,cleft,It was the mayor who invited the soldier.,11,16,33,40,21,28,11,16,33,40,0,mayor,soldier,invite,,,
item_00408,trans_P1_0081,P1,trans,topical,"The soldier, the mayor invited.",17,22,4,11,23,30,4,11,17,22,1,mayor,soldier,invite,,,
item_00409,trans_P1_0081,P1,trans,swap,The soldier invited the mayor.,4,11,24,29,12,19,4,11,24,29,0,mayor,soldier,invite,,,
item_00410,trans_P1_0082,P1,trans,active,The broker described the baron.,4,10,25,30,11,20,4,10,25,30,0,broker,baron,describe,,,
item_00411,trans_P1_0082,P1,trans,passive,The baron was described by the broker.,31,37,4,9,14,23,4,9,31,37,1,broker,baron,describe,,,
item_00412,trans_P1_0082,P1,trans,cleft,It was the broker who described the baron.,11,17,36,41,22,31,11,17,36,41,0,broker,baron,describe,,,
item_00413,trans_P1_0082,P1,trans,topical,"The baron, the broker described.",15,21,4,9,22,31,4,9,15,21,1,broker,baron,describe,,,
item_00414,trans_P1_0082,P1,trans,swap,The baron described the broker.,4,9,24,30,10,19,4,9,24,30,0,broker,baron,describe,,,
item_00415,trans_P1_0083,P1,trans,active,The princess trusted the driver.,4,12,25,31,13,20,4,12,25,31,0,princess,driver,trust,,,
item_00416,trans_P1_0083,P1,trans,passive,The driver was trusted by the princess.,30,38,4,10,15,22,4,10,30,38,1,princess,driver,trust,,,
item_00417,trans_P1_0083,P1,trans,cleft,It was the princess who trusted the driver.,11,19,36,42,24,31,11,19,36,42,0,princess,driver,trust,,,
item_00418,trans_P1_0083,P1,trans,topical,"The driver, the princess trusted.",16,24,4,10,25,32,4,10,16,24,1,princess,driver,trust,,,
item_00419,trans_P1_0083,P1,trans,swap,The driver trusted the princess.,4,10,23,31,11,18,4,10,23,31,0,princess,driver,trust,,,
item_00420,trans_P1_0084,P1,trans,active,The librarian assisted the soldier.,4,13,27,34,14,22,4,13,27,34,0,librarian,soldier,assist,,,
item_00421,trans_P1_0084,P1,trans,passive,The soldier was assisted by the librarian.,32,41,4,11,16,24,4,11,32,41,1,librarian,soldier,assist,,,
item_00422,trans_P1_0084,P1,trans,cleft,It was the librarian who assisted the soldier.,11,20,38,45,25,33,11,20,38,45,0,librarian,soldier,assist,,,
item_00423,trans_P1_0084,P1,trans,topical,"The soldier, the librarian assisted.",17,26,4,11,27,35,4,11,17,26,1,librarian,soldier,assist,,,
item_00424,trans_P1_0084,P1,trans,swap,The soldier assisted the librarian.,4,11,25,34,12,20,4,11,25,34,0,librarian,soldier,assist,,,
item_00425,trans_P1_0085,P1,trans,active,The neighbor assisted the sailor.,4,12,26,32,13,21,4,12,26,32,0,neighbor,sailor,assist,,,
item_00426,trans_P1_0085,P1,trans,passive,The sailor was assisted by the neighbor.,31,39,4,10,15,23,4,10,31,39,1,neighbor,sailor,assist,,,
item_00427,trans_P1_0085,P1,trans,cleft,It was the neighbor who assisted the sailor.,11,19,37,43,24,32,11,19,37,43,0,neighbor,sailor,assist,,,
item_00428,trans_P1_0085,P1,trans,topical,"The sailor, the neighbor assisted.",16,24,4,10,25,33,4,10,16,24,1,neighbor,sailor,assist,,,
item_00429,trans_P1_0085,P1,trans,swap,The sailor assisted the neighbor.,4,10,24,32,11,19,4,10,24,32,0,neighbor,sailor,assist,,,
item_00430,trans_P1_0086,P1,trans,active,The manager informed the singer.,4,11,25,31,12,20,4,11,25,31,0,manager,singer,inform,,,
item_00431,trans_P1_0086,P1,trans,passive,The singer was informed by the manager.,31,38,4,10,15,23,4,10,31,38,1,manager,singer,inform,,,
item_00432,trans_P1_0086,P1,trans,cleft,It was the manager who informed the singer.,11,18,36,42,23,31,11,18,36,42,0,manager,singer,inform,,,
item_00433,trans_P1_0086,P1,trans,topical,"The singer, the manager informed.",16,23,4,10,24,32,4,10,16,23,1,manager,singer,inform,,,
item_00434,trans_P1_0086,P1,trans,swap,The singer informed the manager.,4,10,24,31,11,19,4,10,24,31,0,manager,singer,inform,,,
item_00435,trans_P1_0087,P1,trans,active,The manager invited the coach.,4,11,24,29,12,19,4,11,24,29,0,manager,coach,invite,,,
item_00436,trans_P1_0087,P1,trans,passive,The coach was invited by the manager.,29,36,4,9,14,21,4,9,29,36,1,manager,coach,invite,,,
item_00437,trans_P1_0087,P1,trans,cleft,It was the manager who invited the coach.,11,18,35,40,23,30,11,18,35,40,0,manager,coach,invite,,,
item_00438,trans_P1_0087,P1,trans,topical,"The coach, the manager invited.",15,22,4,9,23,30,4,9,15,22,1,manager,coach,invite,,,
item_00439,trans_P1_0087,P1,trans,swap,The coach invited the manager.,4,9,22,29,10,17,4,9,22,29,0,manager,coach,invite,,,
item_00440,trans_P1_0088,P1,trans,active,The passenger described the baron.,4,13,28,33,14,23,4,13,28,33,0,passenger,baron,describe,,,
item_00441,trans_P1_0088,P1,trans,passive,The baron was described by the passenger.,31,40,4,9,14,23,4,9,31,40,1,passenger,baron,describe,,,
item_00442,trans_P1_0088,P1,trans,cleft,It was the passenger who described the baron.,11,20,39,44,25,34,11,20,39,44,0,passenger,baron,describe,,,
item_00443,trans_P1_0088,P1,trans,topical,"The baron, the passenger described.",15,24,4,9,25,34,4,9,15,24,1,passenger,baron,describe,,,
item_00444,trans_P1_0088,P1,trans,swap,The baron described the passenger.,4,9,24,33,10,19,4,9,24,33,0,passenger,baron,describe,,,
item_00445,trans_P1_0089,P1,trans,active,The baron guided the driver.,4,9,21,27,10,16,4,9,21,27,0,baron,driver,guide,,,
item_00446,trans_P1_0089,P1,trans,passive,The driver was guided by the baron.,29,34,4,10,15,21,4,10,29,34,1,baron,driver,guide,,,
item_00447,trans_P1_0089,P1,trans,cleft,It was the baron who guided the driver.,11,16,32,38,21,27,11,16,32,38,0,baron,driver,guide,,,
item_00448,trans_P1_0089,P1,trans,topical,"The driver, the baron guided.",16,21,4,10,22,28,4,10,16,21,1,baron,driver,guide,,,
item_00449,trans_P1_0089,P1,trans,swap,The driver guided the baron.,4,10,22,27,11,17,4,10,22,27,0,baron,driver,guide,,,
item_00450,trans_P1_0090,P1,trans,active,The dancer invited the driver.,4,10,23,29,11,18,4,10,23,29,0,dancer,driver,invite,,,
item_00451,trans_P1_0090,P1,trans,passive,The driver was invited by the dancer.,30,36,4,10,15,22,4,10,30,36,1,dancer,driver,invite,,,
item_00452,trans_P1_0090,P1,trans,cleft,It was the dancer who invited the driver.,11,17,34,40,22,29,11,17,34,40,0,dancer,driver,invite,,,
item_00453,trans_P1_0090,P1,trans,topical,"The driver, the dancer invited.",16,22,4,10,23,30,4,10,16,22,1,dancer,driver,invite,,,
item_00454,trans_P1_0090,P1,trans,swap,The driver invited the dancer.,4,10,23,29,11,18,4,10,23,29,0,dancer,driver,invite,,,
item_00455,trans_P1_0091,P1,trans,active,The curator honored the mayor.,4,11,24,29,12,19,4,11,24,29,0,curator,mayor,honor,,,
item_00456,trans_P1_0091,P1,trans,passive,The mayor was honored by the curator.,29,36,4,9,14,21,4,9,29,36,1,curator,mayor,honor,,,
item_00457,trans_P1_0091,P1,trans,cleft,It was the curator who honored the mayor.,11,18,35,40,23,30,11,18,35,40,0,curator,mayor,honor,,,
item_00458,trans_P1_0091,P1,trans,topical,"The mayor, the curator honored.",15,22,4,9,23,30,4,9,15,22,1,curator,mayor,honor,,,
item_00459,trans_P1_0091,P1,trans,swap,The mayor honored the curator.,4,9,22,29,10,17,4,9,22,29,0,curator,mayor,honor,,,
item_00460,trans_P1_0092,P1,trans,active,The soldier greeted the historian.,4,11,24,33,12,19,4,11,24,33,0,soldier,historian,greet,,,
item_00461,trans_P1_0092,P1,trans,passive,The historian was greeted by the soldier.,33,40,4,13,18,25,4,13,33,40,1,soldier,historian,greet,,,
item_00462,trans_P1_0092,P1,trans,cleft,It was the soldier who greeted the historian.,11,18,35,44,23,30,11,18,35,44,0,soldier,historian,greet,,,
item_00463,trans_P1_0092,P1,trans,topical,"The historian, the soldier greeted.",19,26,4,13,27,34,4,13,19,26,1,soldier,historian,greet,,,
item_00464,trans_P1_0092,P1,trans,swap,The historian greeted the soldier.,4,13,26,33,14,21,4,13,26,33,0,soldier,historian,greet,,,
item_00465,trans_P1_0093,P1,trans,active,The athlete examined the pharmacist.,4,11,25,35,12,20,4,11,25,35,0,athlete,pharmacist,examine,,,
item_00466,trans_P1_0093,P1,trans,passive,The pharmacist was examined by the athlete.,35,42,4,14,19,27,4,14,35,42,1,athlete,pharmacist,examine,,,
item_00467,trans_P1_0093,P1,trans,cleft,It was the athlete who examined the pharmacist.,11,18,36,46,23,31,11,18,36,46,0,athlete,pharmacist,examine,,,
item_00468,trans_P1_0093,P1,trans,topical,"The pharmacist, the athlete examined.",20,27,4,14,28,36,4,14,20,27,1,athlete,pharmacist,examine,,,
item_00469,trans_P1_0093,P1,trans,swap,The pharmacist examined the athlete.,4,14,28,35,15,23,4,14,28,35,0,athlete,pharmacist,examine,,,
item_00470,trans_P1_0094,P1,trans,active,The soldier respected the manager.,4,11,26,33,12,21,4,11,26,33,0,soldier,manager,respect,,,
item_00471,trans_P1_0094,P1,trans,passive,The manager was respected by the soldier.,33,40,4,11,16,25,4,11,33,40,1,soldier,manager,respect,,,
item_00472,trans_P1_0094,P1,trans,cleft,It was the soldier who respected the manager.,11,18,37,44,23,32,11,18,37,44,0,soldier,manager,respect,,,
item_00473,trans_P1_0094,P1,trans,topical,"The manager, the soldier respected.",17,24,4,11,25,34,4,11,17,24,1,soldier,manager,respect,,,
item_00474,trans_P1_0094,P1,trans,swap,The manager respected the soldier.,4,11,26,33,12,21,4,11,26,33,0,soldier,manager,respect,,,
item_00475,trans_P1_0095,P1,trans,active,The client examined the inventor.,4,10,24,32,11,19,4,10,24,32,0,client,inventor,examine,,,
item_00476,trans_P1_0095,P1,trans,passive,The inventor was examined by the client.,33,39,4,12,17,25,4,12,33,39,1,client,inventor,examine,,,
item_00477,trans_P1_0095,P1,trans,cleft,It was the client who examined the inventor.,11,17,35,43,22,30,11,17,35,43,0,client,inventor,examine,,,
item_00478,trans_P1_0095,P1,trans,topical,"The inventor, the client examined.",18,24,4,12,25,33,4,12,18,24,1,client,inventor,examine,,,
item_00479,trans_P1_0095,P1,trans,swap,The inventor examined the client.,4,12,26,32,13,21,4,12,26,32,0,client,inventor,examine,,,
item_00480,trans_P1_0096,P1,trans,active,The pharmacist welcomed the princess.,4,14,28,36,15,23,4,14,28,36,0,pharmacist,princess,welcome,,,
item_00481,trans_P1_0096,P1,trans,passive,The princess was welcomed by the pharmacist.,33,43,4,12,17,25,4,12,33,43,1,pharmacist,princess,welcome,,,
item_00482,trans_P1_0096,P1,trans,cleft,It was the pharmacist who welcomed the princess.,11,21,39,47,26,34,11,21,39,47,0,pharmacist,princess,welcome,,,
item_00483,trans_P1_0096,P1,trans,topical,"The princess, the pharmacist welcomed.",18,28,4,12,29,37,4,12,18,28,1,pharmacist,princess,welcome,,,
item_00484,trans_P1_0096,P1,trans,swap,The princess welcomed the pharmacist.,4,12,26,36,13,21,4,12,26,36,0,pharmacist,princess,welcome,,,
item_00485,trans_P1_0097,P1,trans,active,The engineer welcomed the nurse.,4,12,26,31,13,21,4,12,26,31,0,engineer,nurse,welcome,,,
item_00486,trans_P1_0097,P1,trans,passive,The nurse was welcomed by the engineer.,30,38,4,9,14,22,4,9,30,38,1,engineer,nurse,welcome,,,
item_00487,trans_P1_0097,P1,trans,cleft,It was the engineer who welcomed the nurse.,11,19,37,42,24,32,11,19,37,42,0,engineer,nurse,welcome,,,
item_00488,trans_P1_0097,P1,trans,topical,"The nurse, the engineer welcomed.",15,23,4,9,24,32,4,9,15,23,1,engineer,nurse,welcome,,,
item_00489,trans_P1_0097,P1,trans,swap,The nurse welcomed the engineer.,4,9,23,31,10,18,4,9,23,31,0,engineer,nurse,welcome,,,
item_00490,trans_P1_0098,P1,trans,active,The broker guided the manager.,4,10,22,29,11,17,4,10,22,29,0,broker,manager,guide,,,
item_00491,trans_P1_0098,P1,trans,passive,The manager was guided by the broker.,30,36,4,11,16,22,4,11,30,36,1,broker,manager,guide,,,
item_00492,trans_P1_0098,P1,trans,cleft,It was the broker who guided the manager.,11,17,33,40,22,28,11,17,33,40,0,broker,manager,guide,,,
item_00493,trans_P1_0098,P1,trans,topical,"The manager, the broker guided.",17,23,4,11,24,30,4,11,17,23,1,broker,manager,guide,,,
item_00494,trans_P1_0098,P1,trans,swap,The manager guided the broker.,4,11,23,29,12,18,4,11,23,29,0,broker,manager,guide,,,
item_00495,trans_P1_0099,P1,trans,active,The dancer praised the reporter.,4,10,23,31,11,18,4,10,23,31,0,dancer,reporter,praise,,,
item_00496,trans_P1_0099,P1,trans,passive,The reporter was praised by the dancer.,32,38,4,12,17,24,4,12,32,38,1,dancer,reporter,praise,,,
item_00497,trans_P1_0099,P1,trans,cleft,It was the dancer who praised the reporter.,11,17,34,42,22,29,11,17,34,42,0,dancer,reporter,praise,,,
item_00498,trans_P1_0099,P1,trans,topical,"The reporter, the dancer praised.",18,24,4,12,25,32,4,12,18,24,1,dancer,reporter,praise,,,
item_00499,trans_P1_0099,P1,trans,swap,The reporter praised the dancer.,4,12,25,31,13,20,4,12,25,31,0,dancer,reporter,praise,,,
item_00500,trans_P1_0100,P1,trans,active,The coach greeted the inventor.,4,9,22,30,10,17,4,9,22,30,0,coach,inventor,greet,,,
item_00501,trans_P1_0100,P1,trans,passive,The inventor was greeted by the coach.,32,37,4,12,17,24,4,12,32,37,1,coach,inventor,greet,,,
item_00502,trans_P1_0100,P1,trans,cleft,It was the coach who greeted the inventor.,11,16,33,41,21,28,11,16,33,41,0,coach,inventor,greet,,,
item_00503,trans_P1_0100,P1,trans,topical,"The inventor, the coach greeted.",18,23,4,12,24,31,4,12,18,23,1,coach,inventor,greet,,,
item_00504,trans_P1_0100,P1,trans,swap,The inventor greeted the coach.,4,12,25,30,13,20,4,12,25,30,0,coach,inventor,greet,,,
item_00505,trans_P1_0101,P1,trans,active,The librarian guided the queen.,4,13,25,30,14,20,4,13,25,30,0,librarian,queen,guide,,,
item_00506,trans_P1_0101,P1,trans,passive,The queen was guided by the librarian.,28,37,4,9,14,20,4,9,28,37,1,librarian,queen,guide,,,
item_00507,trans_P1_0101,P1,trans,cleft,It was the librarian who guided the queen.,11,20,36,41,25,31,11,20,36,41,0,librarian,queen,guide,,,
item_00508,trans_P1_0101,P1,trans,topical,"The queen, the librarian guided.",15,24,4,9,25,31,4,9,15,24,1,librarian,queen,guide,,,
item_00509,trans_P1_0101,P1,trans,swap,The queen guided the librarian.,4,9,21,30,10,16,4,9,21,30,0,librarian,queen,guide,,,
item_00510,trans_P1_0102,P1,trans,active,The partner respected the lawyer.,4,11,26,32,12,21,4,11,26,32,0,partner,lawyer,respect,,,
item_00511,trans_P1_0102,P1,trans,passive,The lawyer was respected by the partner.,32,39,4,10,15,24,4,10,32,39,1,partner,lawyer,respect,,,
item_00512,trans_P1_0102,P1,trans,cleft,It was the partner who respected the lawyer.,11,18,37,43,23,32,11,18,37,43,0,partner,lawyer,respect,,,
item_00513,trans_P1_0102,P1,trans,topical,"The lawyer, the partner respected.",16,23,4,10,24,33,4,10,16,23,1,partner,lawyer,respect,,,
item_00514,trans_P1_0102,P1,trans,swap,The lawyer respected the partner.,4,10,25,32,11,20,4,10,25,32,0,partner,lawyer,respect,,,
item_00515,trans_P1_0103,P1,trans,active,The mechanic trusted the tailor.,4,12,25,31,13,20,4,12,25,31,0,mechanic,tailor,trust,,,
item_00516,trans_P1_0103,P1,trans,passive,The tailor was trusted by the mechanic.,30,38,4,10,15,22,4,10,30,38,1,mechanic,tailor,trust,,,
item_00517,trans_P1_0103,P1,trans,cleft,It was the mechanic who trusted the tailor.,11,19,36,42,24,31,11,19,36,42,0,mechanic,tailor,trust,,,
item_00518,trans_P1_0103,P1,trans,topical,"The tailor, the mechanic trusted.",16,24,4,10,25,32,4,10,16,24,1,mechanic,tailor,trust,,,
item_00519,trans_P1_0103,P1,trans,swap,The tailor trusted the mechanic.,4,10,23,31,11,18,4,10,23,31,0,mechanic,tailor,trust,,,
item_00520,trans_P1_0104,P1,trans,active,The duke examined the manager.,4,8,22,29,9,17,4,8,22,29,0,duke,manager,examine,,,
item_00521,trans_P1_0104,P1,trans,passive,The manager was examined by the duke.,32,36,4,11,16,24,4,11,32,36,1,duke,manager,examine,,,
item_00522,trans_P1_0104,P1,trans,cleft,It was the duke who examined the manager.,11,15,33,40,20,28,11,15,33,40,0,duke,manager,examine,,,
item_00523,trans_P1_0104,P1,trans,topical,"The manager, the duke examined.",17,21,4,11,22,30,4,11,17,21,1,duke,manager,examine,,,
item_00524,trans_P1_0104,P1,trans,swap,The manager examined the duke.,4,11,25,29,12,20,4,11,25,29,0,duke,manager,examine,,,
item_00525,trans_P1_0105,P1,trans,active,The student invited the engineer.,4,11,24,32,12,19,4,11,24,32,0,student,engineer,invite,,,
item_00526,trans_P1_0105,P1,trans,passive,The engineer was invited by the student.,32,39,4,12,17,24,4,12,32,39,1,student,engineer,invite,,,
item_00527,trans_P1_0105,P1,trans,cleft,It was the student who invited the engineer.,11,18,35,43,23,30,11,18,35,43,0,student,engineer,invite,,,
item_00528,trans_P1_0105,P1,trans,topical,"The engineer, the student invited.",18,25,4,12,26,33,4,12,18,25,1,student,engineer,invite,,,
item_00529,trans_P1_0105,P1,trans,swap,The engineer invited the student.,4,12,25,32,13,20,4,12,25,32,0,student,engineer,invite,,,
item_00530,trans_P1_0106,P1,trans,active,The musician honored the reporter.,4,12,25,33,13,20,4,12,25,33,0,musician,reporter,honor,,,
item_00531,trans_P1_0106,P1,trans,passive,The reporter was honored by the musician.,32,40,4,12,17,24,4,12,32,40,1,musician,reporter,honor,,,
item_00532,trans_P1_0106,P1,trans,cleft,It was the musician who honored the reporter.,11,19,36,44,24,31,11,19,36,44,0,musician,reporter,honor,,,
item_00533,trans_P1_0106,P1,trans,topical,"The reporter, the musician honored.",18,26,4,12,27,34,4,12,18,26,1,musician,reporter,honor,,,
item_00534,trans_P1_0106,P1,trans,swap,The reporter honored the musician.,4,12,25,33,13,20,4,12,25,33,0,musician,reporter,honor,,,
item_00535,trans_P1_0107,P1,trans,active,The driver honored the tailor.,4,10,23,29,11,18,4,10,23,29,0,driver,tailor,honor,,,
item_00536,trans_P1_0107,P1,trans,passive,The tailor was honored by the driver.,30,36,4,10,15,22,4,10,30,36,1,driver,tailor,honor,,,
item_00537,trans_P1_0107,P1,trans,cleft,It was the driver who honored the tailor.,11,17,34,40,22,29,11,17,34,40,0,driver,tailor,honor,,,
item_00538,trans_P1_0107,P1,trans,topical,"The tailor, the driver honored.",16,22,4,10,23,30,4,10,16,22,1,driver,tailor,honor,,,
item_00539,trans_P1_0107,P1,trans,swap,The tailor honored the driver.,4,10,23,29,11,18,4,10,23,29,0,driver,tailor,honor,,,
item_00540,trans_P1_0108,P1,trans,active,The student assisted the baron.,4,11,25,30,12,20,4,11,25,30,0,student,baron,assist,,,
item_00541,trans_P1_0108,P1,trans,passive,The baron was assisted by the student.,30,37,4,9,14,22,4,9,30,37,1,student,baron,assist,,,
item_00542,trans_P1_0108,P1,trans,cleft,It was the student who assisted the baron.,11,18,36,41,23,31,11,18,36,41,0,student,baron,assist,,,
item_00543,trans_P1_0108,P1,trans,topical,"The baron, the student assisted.",15,22,4,9,23,31,4,9,15,22,1,student,baron,assist,,,
item_00544,trans_P1_0108,P1,trans,swap,The baron assisted the student.,4,9,23,30,10,18,4,9,23,30,0,student,baron,assist,,,
item_00545,trans_P1_0109,P1,trans,active,The mechanic guided the rider.,4,12,24,29,13,19,4,12,24,29,0,mechanic,rider,guide,,,
item_00546,trans_P1_0109,P1,trans,passive,The rider was guided by the mechanic.,28,36,4,9,14,20,4,9,28,36,1,mechanic,rider,guide,,,
item_00547,trans_P1_0109,P1,trans,cleft,It was the mechanic who guided the rider.,11,19,35,40,24,30,11,19,35,40,0,mechanic,rider,guide,,,
item_00548,trans_P1_0109,P1,trans,topical,"The rider, the mechanic guided.",15,23,4,9,24,30,4,9,15,23,1,mechanic,rider,guide,,,
item_00549,trans_P1_0109,P1,trans,swap,The rider guided the mechanic.,4,9,21,29,10,16,4,9,21,29,0,mechanic,rider,guide,,,
item_00550,trans_P1_0110,P1,trans,active,The soldier examined the nurse.,4,11,25,30,12,20,4,11,25,30,0,soldier,nurse,examine,,,
item_00551,trans_P1_0110,P1,trans,passive,The nurse was examined by the soldier.,30,37,4,9,14,22,4,9,30,37,1,soldier,nurse,examine,,,
item_00552,trans_P1_0110,P1,trans,cleft,It was the soldier who examined the nurse.,11,18,36,41,23,31,11,18,36,41,0,soldier,nurse,examine,,,
item_00553,trans_P1_0110,P1,trans,topical,"The nurse, the soldier examined.",15,22,4,9,23,31,4,9,15,22,1,soldier,nurse,examine,,,
item_00554,trans_P1_0110,P1,trans,swap,The nurse examined the soldier.,4,9,23,30,10,18,4,9,23,30,0,soldier,nurse,examine,,,
item_00555,trans_P1_0111,P1,trans,active,The soldier respected the athlete.,4,11,26,33,12,21,4,11,26,33,0,soldier,athlete,respect,,,
item_00556,trans_P1_0111,P1,trans,passive,The athlete was respected by the soldier.,33,40,4,11,16,25,4,11,33,40,1,soldier,athlete,respect,,,
item_00557,trans_P1_0111,P1,trans,cleft,It was the soldier who respected the athlete.,11,18,37,44,23,32,11,18,37,44,0,soldier,athlete,respect,,,
item_00558,trans_P1_0111,P1,trans,topical,"The athlete, the soldier respected.",17,24,4,11,25,34,4,11,17,24,1,soldier,athlete,respect,,,
item_00559,trans_P1_0111,P1,trans,swap,The athlete respected the soldier.,4,11,26,33,12,21,4,11,26,33,0,soldier,athlete,respect,,,
item_00560,trans_P1_0112,P1,trans,active,The historian invited the nurse.,4,13,26,31,14,21,4,13,26,31,0,historian,nurse,invite,,,
item_00561,trans_P1_0112,P1,trans,passive,The nurse was invited by the historian.,29,38,4,9,14,21,4,9,29,38,1,historian,nurse,invite,,,
item_00562,trans_P1_0112,P1,trans,cleft,It was the historian who invited the nurse.,11,20,37,42,25,32,11,20,37,42,0,historian,nurse,invite,,,
item_00563,trans_P1_0112,P1,trans,topical,"The nurse, the historian invited.",15,24,4,9,25,32,4,9,15,24,1,historian,nurse,invite,,,
item_00564,trans_P1_0112,P1,trans,swap,The nurse invited the historian.,4,9,22,31,10,17,4,9,22,31,0,historian,nurse,invite,,,
item_00565,trans_P1_0113,P1,trans,active,The knight invited the judge.,4,10,23,28,11,18,4,10,23,28,0,knight,judge,invite,,,
item_00566,trans_P1_0113,P1,trans,passive,The judge was invited by the knight.,29,35,4,9,14,21,4,9,29,35,1,knight,judge,invite,,,
item_00567,trans_P1_0113,P1,trans,cleft,It was the knight who invited the judge.,11,17,34,39,22,29,11,17,34,39,0,knight,judge,invite,,,
item_00568,trans_P1_0113,P1,trans,topical,"The judge, the knight invited.",15,21,4,9,22,29,4,9,15,21,1,knight,judge,invite,,,
item_00569,trans_P1_0113,P1,trans,swap,The judge invited the knight.,4,9,22,28,10,17,4,9,22,28,0,knight,judge,invite,,,
item_00570,trans_P1_0114,P1,trans,active,The baron guided the manager.,4,9,21,28,10,16,4,9,21,28,0,baron,manager,guide,,,
item_00571,trans_P1_0114,P1,trans,passive,The manager was guided by the baron.,30,35,4,11,16,22,4,11,30,35,1,baron,manager,guide,,,
item_00572,trans_P1_0114,P1,trans,cleft,It was the baron who guided the manager.,11,16,32,39,21,27,11,16,32,39,0,baron,manager,guide,,,
item_00573,trans_P1_0114,P1,trans,topical,"The manager, the baron guided.",17,22,4,11,23,29,4,11,17,22,1,baron,manager,guide,,,
item_00574,trans_P1_0114,P1,trans,swap,The manager guided the baron.,4,11,23,28,12,18,4,11,23,28,0,baron,manager,guide,,,
item_00575,trans_P1_0115,P1,trans,active,The driver trusted the broker.,4,10,23,29,11,18,4,10,23,29,0,driver,broker,trust,,,
item_00576,trans_P1_0115,P1,trans,passive,The broker was trusted by the driver.,30,36,4,10,15,22,4,10,30,36,1,driver,broker,trust,,,
item_00577,trans_P1_0115,P1,trans,cleft,It was the driver who trusted the broker.,11,17,34,40,22,29,11,17,34,40,0,driver,broker,trust,,,
item_00578,trans_P1_0115,P1,trans,topical,"The broker, the driver trusted.",16,22,4,10,23,30,4,10,16,22,1,driver,broker,trust,,,
item_00579,trans_P1_0115,P1,trans,swap,The broker trusted the driver.,4,10,23,29,11,18,4,10,23,29,0,driver,broker,trust,,,
item_00580,trans_P1_0116,P1,trans,active,The mechanic honored the student.,4,12,25,32,13,20,4,12,25,32,0,mechanic,student,honor,,,
item_00581,trans_P1_0116,P1,trans,passive,The student was honored by the mechanic.,31,39,4,11,16,23,4,11,31,39,1,mechanic,student,honor,,,
item_00582,trans_P1_0116,P1,trans,cleft,It was the mechanic who honored the student.,11,19,36,43,24,31,11,19,36,43,0,mechanic,student,honor,,,
item_00583,trans_P1_0116,P1,trans,topical,"The student, the mechanic honored.",17,25,4,11,26,33,4,11,17,25,1,mechanic,student,honor,,,
item_00584,trans_P1_0116,P1,trans,swap,The student honored the mechanic.,4,11,24,32,12,19,4,11,24,32,0,mechanic,student,honor,,,
item_00585,trans_P1_0117,P1,trans,active,The knight examined the mechanic.,4,10,24,32,11,19,4,10,24,32,0,knight,mechanic,examine,,,
item_00586,trans_P1_0117,P1,trans,passive,The mechanic was examined by the knight.,33,39,4,12,17,25,4,12,33,39,1,knight,mechanic,examine,,,
item_00587,trans_P1_0117,P1,trans,cleft,It was the knight who examined the mechanic.,11,17,35,43,22,30,11,17,35,43,0,knight,mechanic,examine,,,
item_00588,trans_P1_0117,P1,trans,topical,"The mechanic, the knight examined.",18,24,4,12,25,33,4,12,18,24,1,knight,mechanic,examine,,,
item_00589,trans_P1_0117,P1,trans,swap,The mechanic examined the knight.,4,12,26,32,13,21,4,12,26,32,0,knight,mechanic,examine,,,
item_00590,trans_P1_0118,P1,trans,active,The musician informed the waiter.,4,12,26,32,13,21,4,12,26,32,0,musician,waiter,inform,,,
item_00591,trans_P1_0118,P1,trans,passive,The waiter was informed by the musician.,31,39,4,10,15,23,4,10,31,39,1,musician,waiter,inform,,,
item_00592,trans_P1_0118,P1,trans,cleft,It was the musician who informed the waiter.,11,19,37,43,24,32,11,19,37,43,0,musician,waiter,inform,,,
item_00593,trans_P1_0118,P1,trans,topical,"The waiter, the musician informed.",16,24,4,10,25,33,4,10,16,24,1,musician,waiter,inform,,,
item_00594,trans_P1_0118,P1,trans,swap,The waiter informed the musician.,4,10,24,32,11,19,4,10,24,32,0,musician,waiter,inform,,,
item_00595,trans_P1_0119,P1,trans,active,The tailor welcomed the client.,4,10,24,30,11,19,4,10,24,30,0,tailor,client,welcome,,,
item_00596,trans_P1_0119,P1,trans,passive,The client was welcomed by the tailor.,31,37,4,10,15,23,4,10,31,37,1,tailor,client,welcome,,,
item_00597,trans_P1_0119,P1,trans,cleft,It was the tailor who welcomed the client.,11,17,35,41,22,30,11,17,35,41,0,tailor,client,welcome,,,
item_00598,trans_P1_0119,P1,trans,topical,"The client, the tailor welcomed.",16,22,4,10,23,31,4,10,16,22,1,tailor,client,welcome,,,
item_00599,trans_P1_0119,P1,trans,swap,The client welcomed the tailor.,4,10,24,30,11,19,4,10,24,30,0,tailor,client,welcome,,,
item_00600,trans_P1_0120,P1,trans,active,The manager described the pharmacist.,4,11,26,36,12,21,4,11,26,36,0,manager,pharmacist,describe,,,
item_00601,trans_P1_0120,P1,trans,passive,The pharmacist was described by the manager.,36,43,4,14,19,28,4,14,36,43,1,manager,pharmacist,describe,,,
item_00602,trans_P1_0120,P1,trans,cleft,It was the manager who described the pharmacist.,11,18,37,47,23,32,11,18,37,47,0,manager,pharmacist,describe,,,
item_00603,trans_P1_0120,P1,trans,topical,"The pharmacist, the manager described.",20,27,4,14,28,37,4,14,20,27,1,manager,pharmacist,describe,,,
item_00604,trans_P1_0120,P1,trans,swap,The pharmacist described the manager.,4,14,29,36,15,24,4,14,29,36,0,manager,pharmacist,describe,,,
item_00605,trans_P1_0121,P1,trans,active,The lawyer honored the curator.,4,10,23,30,11,18,4,10,23,30,0,lawyer,curator,honor,,,
item_00606,trans_P1_0121,P1,trans,passive,The curator was honored by the lawyer.,31,37,4,11,16,23,4,11,31,37,1,lawyer,curator,honor,,,
item_00607,trans_P1_0121,P1,trans,cleft,It was the lawyer who honored the curator.,11,17,34,41,22,29,11,17,34,41,0,lawyer,curator,honor,,,
item_00608,trans_P1_0121,P1,trans,topical,"The curator, the lawyer honored.",17,23,4,11,24,31,4,11,17,23,1,lawyer,curator,honor,,,
item_00609,trans_P1_0121,P1,trans,swap,The curator honored the lawyer.,4,11,24,30,12,19,4,11,24,30,0,lawyer,curator,honor,,,
item_00610,trans_P1_0122,P1,trans,active,The princess guided the lawyer.,4,12,24,30,13,19,4,12,24,30,0,princess,lawyer,guide,,,
item_00611,trans_P1_0122,P1,trans,passive,The lawyer was guided by the princess.,29,37,4,10,15,21,4,10,29,37,1,princess,lawyer,guide,,,
item_00612,trans_P1_0122,P1,trans,cleft,It was the princess who guided the lawyer.,11,19,35,41,24,30,11,19,35,41,0,princess,lawyer,guide,,,
item_00613,trans_P1_0122,P1,trans,topical,"The lawyer, the princess guided.",16,24,4,10,25,31,4,10,16,24,1,princess,lawyer,guide,,,
item_00614,trans_P1_0122,P1,trans,swap,The lawyer guided the princess.,4,10,22,30,11,17,4,10,22,30,0,princess,lawyer,guide,,,
item_00615,trans_P1_0123,P1,trans,active,The mechanic guided the customer.,4,12,24,32,13,19,4,12,24,32,0,mechanic,customer,guide,,,
item_00616,trans_P1_0123,P1,trans,passive,The customer was guided by the mechanic.,31,39,4,12,17,23,4,12,31,39,1,mechanic,customer,guide,,,
item_00617,trans_P1_0123,P1,trans,cleft,It was the mechanic who guided the customer.,11,19,35,43,24,30,11,19,35,43,0,mechanic,customer,guide,,,
item_00618,trans_P1_0123,P1,trans,topical,"The customer, the mechanic guided.",18,26,4,12,27,33,4,12,18,26,1,mechanic,customer,guide,,,
item_00619,trans_P1_0123,P1,trans,swap,The customer guided the mechanic.,4,12,24,32,13,19,4,12,24,32,0,mechanic,customer,guide,,,
item_00620,trans_P1_0124,P1,trans,active,The soldier informed the client.,4,11,25,31,12,20,4,11,25,31,0,soldier,client,inform,,,
item_00621,trans_P1_0124,P1,trans,passive,The client was informed by the soldier.,31,38,4,10,15,23,4,10,31,38,1,soldier,client,inform,,,
item_00622,trans_P1_0124,P1,trans,cleft,It was the soldier who informed the client.,11,18,36,42,23,31,11,18,36,42,0,soldier,client,inform,,,
item_00623,trans_P1_0124,P1,trans,topical,"The client, the soldier informed.",16,23,4,10,24,32,4,10,16,23,1,soldier,client,inform,,,
item_00624,trans_P1_0124,P1,trans,swap,The client informed the soldier.,4,10,24,31,11,19,4,10,24,31,0,soldier,client,inform,,,
item_00625,trans_P1_0125,P1,trans,active,The driver praised the knight.,4,10,23,29,11,18,4,10,23,29,0,driver,knight,praise,,,
item_00626,trans_P1_0125,P1,trans,passive,The knight was praised by the driver.,30,36,4,10,15,22,4,10,30,36,1,driver,knight,praise,,,
item_00627,trans_P1_0125,P1,trans,cleft,It was the driver who praised the knight.,11,17,34,40,22,29,11,17,34,40,0,driver,knight,praise,,,
item_00628,trans_P1_0125,P1,trans,topical,"The knight, the driver praised.",16,22,4,10,23,30,4,10,16,22,1,driver,knight,praise,,,
item_00629,trans_P1_0125,P1,trans,swap,The knight praised the driver.,4,10,23,29,11,18,4,10,23,29,0,driver,knight,praise,,,
item_00630,trans_P1_0126,P1,trans,active,The rider invited the historian.,4,9,22,31,10,17,4,9,22,31,0,rider,historian,invite,,,
item_00631,trans_P1_0126,P1,trans,passive,The historian was invited by the rider.,33,38,4,13,18,25,4,13,33,38,1,rider,historian,invite,,,
item_00632,trans_P1_0126,P1,trans,cleft,It was the rider who invited the historian.,11,16,33,42,21,28,11,16,33,42,0,rider,historian,invite,,,
item_00633,trans_P1_0126,P1,trans,topical,"The historian, the rider invited.",19,24,4,13,25,32,4,13,19,24,1,rider,historian,invite,,,
item_00634,trans_P1_0126,P1,trans,swap,The historian invited the rider.,4,13,26,31,14,21,4,13,26,31,0,rider,historian,invite,,,
item_00635,trans_P1_0127,P1,trans,active,The knight examined the soldier.,4,10,24,31,11,19,4,10,24,31,0,knight,soldier,examine,,,
item_00636,trans_P1_0127,P1,trans,passive,The soldier was examined by the knight.,32,38,4,11,16,24,4,11,32,38,1,knight,soldier,examine,,,
item_00637,trans_P1_0127,P1,trans,cleft,It was the knight who examined the soldier.,11,17,35,42,22,30,11,17,35,42,0,knight,soldier,examine,,,
item_00638,trans_P1_0127,P1,trans,topical,"The soldier, the knight examined.",17,23,4,11,24,32,4,11,17,23,1,knight,soldier,examine,,,
item_00639,trans_P1_0127,P1,trans,swap,The soldier examined the knight.,4,11,25,31,12,20,4,11,25,31,0,knight,soldier,examine,,,
item_00640,trans_P1_0128,P1,trans,active,The pharmacist informed the engineer.,4,14,28,36,15,23,4,14,28,36,0,pharmacist,engineer,inform,,,
item_00641,trans_P1_0128,P1,trans,passive,The engineer was informed by the pharmacist.,33,43,4,12,17,25,4,12,33,43,1,pharmacist,engineer,inform,,,
item_00642,trans_P1_0128,P1,trans,cleft,It was the pharmacist who informed the engineer.,11,21,39,47,26,34,11,21,39,47,0,pharmacist,engineer,inform,,,
item_00643,trans_P1_0128,P1,trans,topical,"The engineer, the pharmacist informed.",18,28,4,12,29,37,4,12,18,28,1,pharmacist,engineer,inform,,,
item_00644,trans_P1_0128,P1,trans,swap,The engineer informed the pharmacist.,4,12,26,36,13,21,4,12,26,36,0,pharmacist,engineer,inform,,,
item_00645,trans_P1_0129,P1,trans,active,The manager greeted the soldier.,4,11,24,31,12,19,4,11,24,31,0,manager,soldier,greet,,,
item_00646,trans_P1_0129,P1,trans,passive,The soldier was greeted by the manager.,31,38,4,11,16,23,4,11,31,38,1,manager,soldier,greet,,,
item_00647,trans_P1_0129,P1,trans,cleft,It was the manager who greeted the soldier.,11,18,35,42,23,30,11,18,35,42,0,manager,soldier,greet,,,
item_00648,trans_P1_0129,P1,trans,topical,"The soldier, the manager greeted.",17,24,4,11,25,32,4,11,17,24,1,manager,soldier,greet,,,
item_00649,trans_P1_0129,P1,trans,swap,The soldier greeted the manager.,4,11,24,31,12,19,4,11,24,31,0,manager,soldier,greet,,,
item_00650,trans_P1_0130,P1,trans,active,The coach respected the princess.,4,9,24,32,10,19,4,9,24,32,0,coach,princess,respect,,,
item_00651,trans_P1_0130,P1,trans,passive,The princess was respected by the coach.,34,39,4,12,17,26,4,12,34,39,1,coach,princess,respect,,,
item_00652,trans_P1_0130,P1,trans,cleft,It was the coach who respected the princess.,11,16,35,43,21,30,11,16,35,43,0,coach,princess,respect,,,
item_00653,trans_P1_0130,P1,trans,topical,"The princess, the coach respected.",18,23,4,12,24,33,4,12,18,23,1,coach,princess,respect,,,
item_00654,trans_P1_0130,P1,trans,swap,The princess respected the coach.,4,12,27,32,13,22,4,12,27,32,0,coach,princess,respect,,,
item_00655,trans_P1_0131,P1,trans,active,The musician respected the curator.,4,12,27,34,13,22,4,12,27,34,0,musician,curator,respect,,,
item_00656,trans_P1_0131,P1,trans,passive,The curator was respected by the musician.,33,41,4,11,16,25,4,11,33,41,1,musician,curator,respect,,,
item_00657,trans_P1_0131,P1,trans,cleft,It was the musician who respected the curator.,11,19,38,45,24,33,11,19,38,45,0,musician,curator,respect,,,
item_00658,trans_P1_0131,P1,trans,topical,"The curator, the musician respected.",17,25,4,11,26,35,4,11,17,25,1,musician,curator,respect,,,
item_00659,trans_P1_0131,P1,trans,swap,The curator respected the musician.,4,11,26,34,12,21,4,11,26,34,0,musician,curator,respect,,,
item_00660,trans_P1_0132,P1,trans,active,The partner invited the inventor.,4,11,24,32,12,19,4,11,24,32,0,partner,inventor,invite,,,
item_00661,trans_P1_0132,P1,trans,passive,The inventor was invited by the partner.,32,39,4,12,17,24,4,12,32,39,1,partner,inventor,invite,,,
item_00662,trans_P1_0132,P1,trans,cleft,It was the partner who invited the inventor.,11,18,35,43,23,30,11,18,35,43,0,partner,inventor,invite,,,
item_00663,trans_P1_0132,P1,trans,topical,"The inventor, the partner invited.",18,25,4,12,26,33,4,12,18,25,1,partner,inventor,invite,,,
item_00664,trans_P1_0132,P1,trans,swap,The inventor invited the partner.,4,12,25,32,13,20,4,12,25,32,0,partner,inventor,invite,,,
item_00665,trans_P1_0133,P1,trans,active,The nurse informed the driver.,4,9,23,29,10,18,4,9,23,29,0,nurse,driver,inform,,,
item_00666,trans_P1_0133,P1,trans,passive,The driver was informed by the nurse.,31,36,4,10,15,23,4,10,31,36,1,nurse,driver,inform,,,
item_00667,trans_P1_0133,P1,trans,cleft,It was the nurse who informed the driver.,11,16,34,40,21,29,11,16,34,40,0,nurse,driver,inform,,,
item_00668,trans_P1_0133,P1,trans,topical,"The driver, the nurse informed.",16,21,4,10,22,30,4,10,16,21,1,nurse,driver,inform,,,
item_00669,trans_P1_0133,P1,trans,swap,The driver informed the nurse.,4,10,24,29,11,19,4,10,24,29,0,nurse,driver,inform,,,
item_00670,trans_P1_0134,P1,trans,active,The client welcomed the sailor.,4,10,24,30,11,19,4,10,24,30,0,client,sailor,welcome,,,
item_00671,trans_P1_0134,P1,trans,passive,The sailor was welcomed by the client.,31,37,4,10,15,23,4,10,31,37,1,client,sailor,welcome,,,
item_00672,trans_P1_0134,P1,trans,cleft,It was the client who welcomed the sailor.,11,17,35,41,22,30,11,17,35,41,0,client,sailor,welcome,,,
item_00673,trans_P1_0134,P1,trans,topical,"The sailor, the client welcomed.",16,22,4,10,23,31,4,10,16,22,1,client,sailor,welcome,,,
item_00674,trans_P1_0134,P1,trans,swap,The sailor welcomed the client.,4,10,24,30,11,19,4,10,24,30,0,client,sailor,welcome,,,
item_00675,trans_P1_0135,P1,trans,active,The mechanic invited the curator.,4,12,25,32,13,20,4,12,25,32,0,mechanic,curator,invite,,,
item_00676,trans_P1_0135,P1,trans,passive,The curator was invited by the mechanic.,31,39,4,11,16,23,4,11,31,39,1,mechanic,curator,invite,,,
item_00677,trans_P1_0135,P1,trans,cleft,It was the mechanic who invited the curator.,11,19,36,43,24,31,11,19,36,43,0,mechanic,curator,invite,,,
item_00678,trans_P1_0135,P1,trans,topical,"The curator, the mechanic invited.",17,25,4,11,26,33,4,11,17,25,1,mechanic,curator,invite,,,
item_00679,trans_P1_0135,P1,trans,swap,The curator invited the mechanic.,4,11,24,32,12,19,4,11,24,32,0,mechanic,curator,invite,,,
item_00680,trans_P1_0136,P1,trans,active,The judge praised the inventor.,4,9,22,30,10,17,4,9,22,30,0,judge,inventor,praise,,,
item_00681,trans_P1_0136,P1,trans,passive,The inventor was praised by the judge.,32,37,4,12,17,24,4,12,32,37,1,judge,inventor,praise,,,
item_00682,trans_P1_0136,P1,trans,cleft,It was the judge who praised the inventor.,11,16,33,41,21,28,11,16,33,41,0,judge,inventor,praise,,,
item_00683,trans_P1_0136,P1,trans,topical,"The inventor, the judge praised.",18,23,4,12,24,31,4,12,18,23,1,judge,inventor,praise,,,
item_00684,trans_P1_0136,P1,trans,swap,The inventor praised the judge.,4,12,25,30,13,20,4,12,25,30,0,judge,inventor,praise,,,
item_00685,trans_P1_0137,P1,trans,active,The singer trusted the mechanic.,4,10,23,31,11,18,4,10,23,31,0,singer,mechanic,trust,,,
item_00686,trans_P1_0137,P1,trans,passive,The mechanic was trusted by the singer.,32,38,4,12,17,24,4,12,32,38,1,singer,mechanic,trust,,,
item_00687,trans_P1_0137,P1,trans,cleft,It was the singer who trusted the mechanic.,11,17,34,42,22,29,11,17,34,42,0,singer,mechanic,trust,,,
item_00688,trans_P1_0137,P1,trans,topical,"The mechanic, the singer trusted.",18,24,4,12,25,32,4,12,18,24,1,singer,mechanic,trust,,,
item_00689,trans_P1_0137,P1,trans,swap,The mechanic trusted the singer.,4,12,25,31,13,20,4,12,25,31,0,singer,mechanic,trust,,,
item_00690,trans_P1_0138,P1,trans,active,The tailor assisted the driver.,4,10,24,30,11,19,4,10,24,30,0,tailor,driver,assist,,,
item_00691,trans_P1_0138,P1,trans,passive,The driver was assisted by the tailor.,31,37,4,10,15,23,4,10,31,37,1,tailor,driver,assist,,,
item_00692,trans_P1_0138,P1,trans,cleft,It was the tailor who assisted the driver.,11,17,35,41,22,30,11,17,35,41,0,tailor,driver,assist,,,
item_00693,trans_P1_0138,P1,trans,topical,"The driver, the tailor assisted.",16,22,4,10,23,31,4,10,16,22,1,tailor,driver,assist,,,
item_00694,trans_P1_0138,P1,trans,swap,The driver assisted the tailor.,4,10,24,30,11,19,4,10,24,30,0,tailor,driver,assist,,,
item_00695,trans_P1_0139,P1,trans,active,The reporter informed the client.,4,12,26,32,13,21,4,12,26,32,0,reporter,client,inform,,,
item_00696,trans_P1_0139,P1,trans,passive,The client was informed by the reporter.,31,39,4,10,15,23,4,10,31,39,1,reporter,client,inform,,,
item_00697,trans_P1_0139,P1,trans,cleft,It was the reporter who informed the client.,11,19,37,43,24,32,11,19,37,43,0,reporter,client,inform,,,
item_00698,trans_P1_0139,P1,trans,topical,"The client, the reporter informed.",16,24,4,10,25,33,4,10,16,24,1,reporter,client,inform,,,
item_00699,trans_P1_0139,P1,trans,swap,The client informed the reporter.,4,10,24,32,11,19,4,10,24,32,0,reporter,client,inform,,,
item_00700,trans_P1_0140,P1,trans,active,The manager respected the rider.,4,11,26,31,12,21,4,11,26,31,0,manager,rider,respect,,,
item_00701,trans_P1_0140,P1,trans,passive,The rider was respected by the manager.,31,38,4,9,14,23,4,9,31,38,1,manager,rider,respect,,,
item_00702,trans_P1_0140,P1,trans,cleft,It was the manager who respected the rider.,11,18,37,42,23,32,11,18,37,42,0,manager,rider,respect,,,
item_00703,trans_P1_0140,P1,trans,topical,"The rider, the manager respected.",15,22,4,9,23,32,4,9,15,22,1,manager,rider,respect,,,
item_00704,trans_P1_0140,P1,trans,swap,The rider respected the manager.,4,9,24,31,10,19,4,9,24,31,0,manager,rider,respect,,,
item_00705,trans_P1_0141,P1,trans,active,The judge respected the princess.,4,9,24,32,10,19,4,9,24,32,0,judge,princess,respect,,,
item_00706,trans_P1_0141,P1,trans,passive,The princess was respected by the judge.,34,39,4,12,17,26,4,12,34,39,1,judge,princess,respect,,,
item_00707,trans_P1_0141,P1,trans,cleft,It was the judge who respected the princess.,11,16,35,43,21,30,11,16,35,43,0,judge,princess,respect,,,
item_00708,trans_P1_0141,P1,trans,topical,"The princess, the judge respected.",18,23,4,12,24,33,4,12,18,23,1,judge,princess,respect,,,
item_00709,trans_P1_0141,P1,trans,swap,The princess respected the judge.,4,12,27,32,13,22,4,12,27,32,0,judge,princess,respect,,,
item_00710,trans_P1_0142,P1,trans,active,The mayor welcomed the historian.,4,9,23,32,10,18,4,9,23,32,0,mayor,historian,welcome,,,
item_00711,trans_P1_0142,P1,trans,passive,The historian was welcomed by the mayor.,34,39,4,13,18,26,4,13,34,39,1,mayor,historian,welcome,,,
item_00712,trans_P1_0142,P1,trans,cleft,It was the mayor who welcomed the historian.,11,16,34,43,21,29,11,16,34,43,0,mayor,historian,welcome,,,
item_00713,trans_P1_0142,P1,trans,topical,"The historian, the mayor welcomed.",19,24,4,13,25,33,4,13,19,24,1,mayor,historian,welcome,,,
item_00714,trans_P1_0142,P1,trans,swap,The historian welcomed the mayor.,4,13,27,32,14,22,4,13,27,32,0,mayor,historian,welcome,,,
item_00715,trans_P1_0143,P1,trans,active,The mechanic greeted the engineer.,4,12,25,33,13,20,4,12,25,33,0,mechanic,engineer,greet,,,
item_00716,trans_P1_0143,P1,trans,passive,The engineer was greeted by the mechanic.,32,40,4,12,17,24,4,12,32,40,1,mechanic,engineer,greet,,,
item_00717,trans_P1_0143,P1,trans,cleft,It was the mechanic who greeted the engineer.,11,19,36,44,24,31,11,19,36,44,0,mechanic,engineer,greet,,,
item_00718,trans_P1_0143,P1,trans,topical,"The engineer, the mechanic greeted.",18,26,4,12,27,34,4,12,18,26,1,mechanic,engineer,greet,,,
item_00719,trans_P1_0143,P1,trans,swap,The engineer greeted the mechanic.,4,12,25,33,13,20,4,12,25,33,0,mechanic,engineer,greet,,,
item_00720,trans_P1_0144,P1,trans,active,The pharmacist assisted the reporter.,4,14,28,36,15,23,4,14,28,36,0,pharmacist,reporter,assist,,,
item_00721,trans_P1_0144,P1,trans,passive,The reporter was assisted by the pharmacist.,33,43,4,12,17,25,4,12,33,43,1,pharmacist,reporter,assist,,,
item_00722,trans_P1_0144,P1,trans,cleft,It was the pharmacist who assisted the reporter.,11,21,39,47,26,34,11,21,39,47,0,pharmacist,reporter,assist,,,
item_00723,trans_P1_0144,P1,trans,topical,"The reporter, the pharmacist assisted.",18,28,4,12,29,37,4,12,18,28,1,pharmacist,reporter,assist,,,
item_00724,trans_P1_0144,P1,trans,swap,The reporter assisted the pharmacist.,4,12,26,36,13,21,4,12,26,36,0,pharmacist,reporter,assist,,,
item_00725,trans_P1_0145,P1,trans,active,The partner described the nurse.,4,11,26,31,12,21,4,11,26,31,0,partner,nurse,describe,,,
item_00726,trans_P1_0145,P1,trans,passive,The nurse was described by the partner.,31,38,4,9,14,23,4,9,31,38,1,partner,nurse,describe,,,
item_00727,trans_P1_0145,P1,trans,cleft,It was the partner who described the nurse.,11,18,37,42,23,32,11,18,37,42,0,partner,nurse,describe,,,
item_00728,trans_P1_0145,P1,trans,topical,"The nurse, the partner described.",15,22,4,9,23,32,4,9,15,22,1,partner,nurse,describe,,,
item_00729,trans_P1_0145,P1,trans,swap,The nurse described the partner.,4,9,24,31,10,19,4,9,24,31,0,partner,nurse,describe,,,
item_00730,trans_P1_0146,P1,trans,active,The engineer praised the singer.,4,12,25,31,13,20,4,12,25,31,0,engineer,singer,praise,,,
item_00731,trans_P1_0146,P1,trans,passive,The singer was praised by the engineer.,30,38,4,10,15,22,4,10,30,38,1,engineer,singer,praise,,,
item_00732,trans_P1_0146,P1,trans,cleft,It was the engineer who praised the singer.,11,19,36,42,24,31,11,19,36,42,0,engineer,singer,praise,,,
item_00733,trans_P1_0146,P1,trans,topical,"The singer, the engineer praised.",16,24,4,10,25,32,4,10,16,24,1,engineer,singer,praise,,,
item_00734,trans_P1_0146,P1,trans,swap,The singer praised the engineer.,4,10,23,31,11,18,4,10,23,31,0,engineer,singer,praise,,,
item_00735,trans_P1_0147,P1,trans,active,The historian praised the lawyer.,4,13,26,32,14,21,4,13,26,32,0,historian,lawyer,praise,,,
item_00736,trans_P1_0147,P1,trans,passive,The lawyer was praised by the historian.,30,39,4,10,15,22,4,10,30,39,1,historian,lawyer,praise,,,
item_00737,trans_P1_0147,P1,trans,cleft,It was the historian who praised the lawyer.,11,20,37,43,25,32,11,20,37,43,0,historian,lawyer,praise,,,
item_00738,trans_P1_0147,P1,trans,topical,"The lawyer, the historian praised.",16,25,4,10,26,33,4,10,16,25,1,historian,lawyer,praise,,,
item_00739,trans_P1_0147,P1,trans,swap,The lawyer praised the historian.,4,10,23,32,11,18,4,10,23,32,0,historian,lawyer,praise,,,
item_00740,trans_P1_0148,P1,trans,active,The athlete informed the singer.,4,11,25,31,12,20,4,11,25,31,0,athlete,singer,inform,,,
item_00741,trans_P1_0148,P1,trans,passive,The singer was informed by the athlete.,31,38,4,10,15,23,4,10,31,38,1,athlete,singer,inform,,,
item_00742,trans_P1_0148,P1,trans,cleft,It was the athlete who informed the singer.,11,18,36,42,23,31,11,18,36,42,0,athlete,singer,inform,,,
item_00743,trans_P1_0148,P1,trans,topical,"The singer, the athlete informed.",16,23,4,10,24,32,4,10,16,23,1,athlete,singer,inform,,,
item_00744,trans_P1_0148,P1,trans,swap,The singer informed the athlete.,4,10,24,31,11,19,4,10,24,31,0,athlete,singer,inform,,,
item_00745,trans_P1_0149,P1,trans,active,The neighbor praised the judge.,4,12,25,30,13,20,4,12,25,30,0,neighbor,judge,praise,,,
item_00746,trans_P1_0149,P1,trans,passive,The judge was praised by the neighbor.,29,37,4,9,14,21,4,9,29,37,1,neighbor,judge,praise,,,
item_00747,trans_P1_0149,P1,trans,cleft,It was the neighbor who praised the judge.,11,19,36,41,24,31,11,19,36,41,0,neighbor,judge,praise,,,
item_00748,trans_P1_0149,P1,trans,topical,"The judge, the neighbor praised.",15,23,4,9,24,31,4,9,15,23,1,neighbor,judge,praise,,,
item_00749,trans_P1_0149,P1,trans,swap,The judge praised the neighbor.,4,9,22,30,10,17,4,9,22,30,0,neighbor,judge,praise,,,
item_00750,trans_P1_0150,P1,trans,active,The student described the reporter.,4,11,26,34,12,21,4,11,26,34,0,student,reporter,describe,,,
item_00751,trans_P1_0150,P1,trans,passive,The reporter was described by the student.,34,41,4,12,17,26,4,12,34,41,1,student,reporter,describe,,,
item_00752,trans_P1_0150,P1,trans,cleft,It was the student who described the reporter.,11,18,37,45,23,32,11,18,37,45,0,student,reporter,describe,,,
item_00753,trans_P1_0150,P1,trans,topical,"The reporter, the student described.",18,25,4,12,26,35,4,12,18,25,1,student,reporter,describe,,,
item_00754,trans_P1_0150,P1,trans,swap,The reporter described the student.,4,12,27,34,13,22,4,12,27,34,0,student,reporter,describe,,,
item_00755,trans_P1_0151,P1,trans,active,The mayor greeted the baron.,4,9,22,27,10,17,4,9,22,27,0,mayor,baron,greet,,,
item_00756,trans_P1_0151,P1,trans,passive,The baron was greeted by the mayor.,29,34,4,9,14,21,4,9,29,34,1,mayor,baron,greet,,,
item_00757,trans_P1_0151,P1,trans,cleft,It was the mayor who greeted the baron.,11,16,33,38,21,28,11,16,33,38,0,mayor,baron,greet,,,
item_00758,trans_P1_0151,P1,trans,topical,"The baron, the mayor greeted.",15,20,4,9,21,28,4,9,15,20,1,mayor,baron,greet,,,
item_00759,trans_P1_0151,P1,trans,swap,The baron greeted the mayor.,4,9,22,27,10,17,4,9,22,27,0,mayor,baron,greet,,,
item_00760,trans_P1_0152,P1,trans,active,The duke informed the baron.,4,8,22,27,9,17,4,8,22,27,0,duke,baron,inform,,,
item_00761,trans_P1_0152,P1,trans,passive,The baron was informed by the duke.,30,34,4,9,14,22,4,9,30,34,1,duke,baron,inform,,,
item_00762,trans_P1_0152,P1,trans,cleft,It was the duke who informed the baron.,11,15,33,38,20,28,11,15,33,38,0,duke,baron,inform,,,
item_00763,trans_P1_0152,P1,trans,topical,"The baron, the duke informed.",15,19,4,9,20,28,4,9,15,19,1,duke,baron,inform,,,
item_00764,trans_P1_0152,P1,trans,swap,The baron informed the duke.,4,9,23,27,10,18,4,9,23,27,0,duke,baron,inform,,,
item_00765,trans_P1_0153,P1,trans,active,The engineer praised the sailor.,4,12,25,31,13,20,4,12,25,31,0,engineer,sailor,praise,,,
item_00766,trans_P1_0153,P1,trans,passive,The sailor was praised by the engineer.,30,38,4,10,15,22,4,10,30,38,1,engineer,sailor,praise,,,
item_00767,trans_P1_0153,P1,trans,cleft,It was the engineer who praised the sailor.,11,19,36,42,24,31,11,19,36,42,0,engineer,sailor,praise,,,
item_00768,trans_P1_0153,P1,trans,topical,"The sailor, the engineer praised.",16,24,4,10,25,32,4,10,16,24,1,engineer,sailor,praise,,,
item_00769,trans_P1_0153,P1,trans,swap,The sailor praised the engineer.,4,10,23,31,11,18,4,10,23,31,0,engineer,sailor,praise,,,
item_00770,trans_P1_0154,P1,trans,active,The historian honored the pharmacist.,4,13,26,36,14,21,4,13,26,36,0,historian,pharmacist,honor,,,
item_00771,trans_P1_0154,P1,trans,passive,The pharmacist was honored by the historian.,34,43,4,14,19,26,4,14,34,43,1,historian,pharmacist,honor,,,
item_00772,trans_P1_0154,P1,trans,cleft,It was the historian who honored the pharmacist.,11,20,37,47,25,32,11,20,37,47,0,historian,pharmacist,honor,,,
item_00773,trans_P1_0154,P1,trans,topical,"The pharmacist, the historian honored.",20,29,4,14,30,37,4,14,20,29,1,historian,pharmacist,honor,,,
item_00774,trans_P1_0154,P1,trans,swap,The pharmacist honored the historian.,4,14,27,36,15,22,4,14,27,36,0,historian,pharmacist,honor,,,
item_00775,trans_P1_0155,P1,trans,active,The duke described the passenger.,4,8,23,32,9,18,4,8,23,32,0,duke,passenger,describe,,,
item_00776,trans_P1_0155,P1,trans,passive,The passenger was described by the duke.,35,39,4,13,18,27,4,13,35,39,1,duke,passenger,describe,,,
item_00777,trans_P1_0155,P1,trans,cleft,It was the duke who described the passenger.,11,15,34,43,20,29,11,15,34,43,0,duke,passenger,describe,,,
item_00778,trans_P1_0155,P1,trans,topical,"The passenger, the duke described.",19,23,4,13,24,33,4,13,19,23,1,duke,passenger,describe,,,
item_00779,trans_P1_0155,P1,trans,swap,The passenger described the duke.,4,13,28,32,14,23,4,13,28,32,0,duke,passenger,describe,,,
item_00780,trans_P1_0156,P1,trans,active,The mechanic examined the baron.,4,12,26,31,13,21,4,12,26,31,0,mechanic,baron,examine,,,
item_00781,trans_P1_0156,P1,trans,passive,The baron was examined by the mechanic.,30,38,4,9,14,22,4,9,30,38,1,mechanic,baron,examine,,,
item_00782,trans_P1_0156,P1,trans,cleft,It was the mechanic who examined the baron.,11,19,37,42,24,32,11,19,37,42,0,mechanic,baron,examine,,,
item_00783,trans_P1_0156,P1,trans,topical,"The baron, the mechanic examined.",15,23,4,9,24,32,4,9,15,23,1,mechanic,baron,examine,,,
item_00784,trans_P1_0156,P1,trans,swap,The baron examined the mechanic.,4,9,23,31,10,18,4,9,23,31,0,mechanic,baron,examine,,,
item_00785,trans_P1_0157,P1,trans,active,The customer invited the engineer.,4,12,25,33,13,20,4,12,25,33,0,customer,engineer,invite,,,
item_00786,trans_P1_0157,P1,trans,passive,The engineer was invited by the customer.,32,40,4,12,17,24,4,12,32,40,1,customer,engineer,invite,,,
item_00787,trans_P1_0157,P1,trans,cleft,It was the customer who invited the engineer.,11,19,36,44,24,31,11,19,36,44,0,customer,engineer,invite,,,
item_00788,trans_P1_0157,P1,trans,topical,"The engineer, the customer invited.",18,26,4,12,27,34,4,12,18,26,1,customer,engineer,invite,,,
item_00789,trans_P1_0157,P1,trans,swap,The engineer invited the customer.,4,12,25,33,13,20,4,12,25,33,0,customer,engineer,invite,,,
item_00790,trans_P1_0158,P1,trans,active,The manager welcomed the musician.,4,11,25,33,12,20,4,11,25,33,0,manager,musician,welcome,,,
item_00791,trans_P1_0158,P1,trans,passive,The musician was welcomed by the manager.,33,40,4,12,17,25,4,12,33,40,1,manager,musician,welcome,,,
item_00792,trans_P1_0158,P1,trans,cleft,It was the manager who welcomed the musician.,11,18,36,44,23,31,11,18,36,44,0,manager,musician,welcome,,,
item_00793,trans_P1_0158,P1,trans,topical,"The musician, the manager welcomed.",18,25,4,12,26,34,4,12,18,25,1,manager,musician,welcome,,,
item_00794,trans_P1_0158,P1,trans,swap,The musician welcomed the manager.,4,12,26,33,13,21,4,12,26,33,0,manager,musician,welcome,,,
item_00795,trans_P1_0159,P1,trans,active,The inventor respected the passenger.,4,12,27,36,13,22,4,12,27,36,0,inventor,passenger,respect,,,
item_00796,trans_P1_0159,P1,trans,passive,The passenger was respected by the inventor.,35,43,4,13,18,27,4,13,35,43,1,inventor,passenger,respect,,,
item_00797,trans_P1_0159,P1,trans,cleft,It was the inventor who respected the passenger.,11,19,38,47,24,33,11,19,38,47,0,inventor,passenger,respect,,,
item_00798,trans_P1_0159,P1,trans,topical,"The passenger, the inventor respected.",19,27,4,13,28,37,4,13,19,27,1,inventor,passenger,respect,,,
item_00799,trans_P1_0159,P1,trans,swap,The passenger respected the inventor.,4,13,28,36,14,23,4,13,28,36,0,inventor,passenger,respect,,,
item_00800,trans_P1_0160,P1,trans,active,The nurse welcomed the dancer.,4,9,23,29,10,18,4,9,23,29,0,nurse,dancer,welcome,,,
item_00801,trans_P1_0160,P1,trans,passive,The dancer was welcomed by the nurse.,31,36,4,10,15,23,4,10,31,36,1,nurse,dancer,welcome,,,
item_00802,trans_P1_0160,P1,trans,cleft,It was the nurse who welcomed the dancer.,11,16,34,40,21,29,11,16,34,40,0,nurse,dancer,welcome,,,
item_00803,trans_P1_0160,P1,trans,topical,"The dancer, the nurse welcomed.",16,21,4,10,22,30,4,10,16,21,1,nurse,dancer,welcome,,,
item_00804,trans_P1_0160,P1,trans,swap,The dancer welcomed the nurse.,4,10,24,29,11,19,4,10,24,29,0,nurse,dancer,welcome,,,
item_00805,trans_P1_0161,P1,trans,active,The waiter honored the driver.,4,10,23,29,11,18,4,10,23,29,0,waiter,driver,honor,,,
item_00806,trans_P1_0161,P1,trans,passive,The driver was honored by the waiter.,30,36,4,10,15,22,4,10,30,36,1,waiter,driver,honor,,,
item_00807,trans_P1_0161,P1,trans,cleft,It was the waiter who honored the driver.,11,17,34,40,22,29,11,17,34,40,0,waiter,driver,honor,,,
item_00808,trans_P1_0161,P1,trans,topical,"The driver, the waiter honored.",16,22,4,10,23,30,4,10,16,22,1,waiter,driver,honor,,,
item_00809,trans_P1_0161,P1,trans,swap,The driver honored the waiter.,4,10,23,29,11,18,4,10,23,29,0,waiter,driver,honor,,,
item_00810,trans_P1_0162,P1,trans,active,The princess praised the baron.,4,12,25,30,13,20,4,12,25,30,0,princess,baron,praise,,,
item_00811,trans_P1_0162,P1,trans,passive,The baron was praised by the princess.,29,37,4,9,14,21,4,9,29,37,1,princess,baron,praise,,,
item_00812,trans_P1_0162,P1,trans,cleft,It was the princess who praised the baron.,11,19,36,41,24,31,11,19,36,41,0,princess,baron,praise,,,
item_00813,trans_P1_0162,P1,trans,topical,"The baron, the princess praised.",15,23,4,9,24,31,4,9,15,23,1,princess,baron,praise,,,
item_00814,trans_P1_0162,P1,trans,swap,The baron praised the princess.,4,9,22,30,10,17,4,9,22,30,0,princess,baron,praise,,,
item_00815,trans_P1_0163,P1,trans,active,The waiter greeted the lawyer.,4,10,23,29,11,18,4,10,23,29,0,waiter,lawyer,greet,,,
item_00816,trans_P1_0163,P1,trans,passive,The lawyer was greeted by the waiter.,30,36,4,10,15,22,4,10,30,36,1,waiter,lawyer,greet,,,
item_00817,trans_P1_0163,P1,trans,cleft,It was the waiter who greeted the lawyer.,11,17,34,40,22,29,11,17,34,40,0,waiter,lawyer,greet,,,
item_00818,trans_P1_0163,P1,trans,topical,"The lawyer, the waiter greeted.",16,22,4,10,23,30,4,10,16,22,1,waiter,lawyer,greet,,,
item_00819,trans_P1_0163,P1,trans,swap,The lawyer greeted the waiter.,4,10,23,29,11,18,4,10,23,29,0,waiter,lawyer,greet,,,
item_00820,trans_P1_0164,P1,trans,active,The partner assisted the baron.,4,11,25,30,12,20,4,11,25,30,0,partner,baron,assist,,,
item_00821,trans_P1_0164,P1,trans,passive,The baron was assisted by the partner.,30,37,4,9,14,22,4,9,30,37,1,partner,baron,assist,,,
item_00822,trans_P1_0164,P1,trans,cleft,It was the partner who assisted the baron.,11,18,36,41,23,31,11,18,36,41,0,partner,baron,assist,,,
item_00823,trans_P1_0164,P1,trans,topical,"The baron, the partner assisted.",15,22,4,9,23,31,4,9,15,22,1,partner,baron,assist,,,
item_00824,trans_P1_0164,P1,trans,swap,The baron assisted the partner.,4,9,23,30,10,18,4,9,23,30,0,partner,baron,assist,,,
item_00825,trans_P1_0165,P1,trans,active,The passenger described the neighbor.,4,13,28,36,14,23,4,13,28,36,0,passenger,neighbor,describe,,,
item_00826,trans_P1_0165,P1,trans,passive,The neighbor was described by the passenger.,34,43,4,12,17,26,4,12,34,43,1,passenger,neighbor,describe,,,
item_00827,trans_P1_0165,P1,trans,cleft,It was the passenger who described the neighbor.,11,20,39,47,25,34,11,20,39,47,0,passenger,neighbor,describe,,,
item_00828,trans_P1_0165,P1,trans,topical,"The neighbor, the passenger described.",18,27,4,12,28,37,4,12,18,27,1,passenger,neighbor,describe,,,
item_00829,trans_P1_0165,P1,trans,swap,The neighbor described the passenger.,4,12,27,36,13,22,4,12,27,36,0,passenger,neighbor,describe,,,
item_00830,trans_P1_0166,P1,trans,active,The driver welcomed the soldier.,4,10,24,31,11,19,4,10,24,31,0,driver,soldier,welcome,,,
item_00831,trans_P1_0166,P1,trans,passive,The soldier was welcomed by the driver.,32,38,4,11,16,24,4,11,32,38,1,driver,soldier,welcome,,,
item_00832,trans_P1_0166,P1,trans,cleft,It was the driver who welcomed the soldier.,11,17,35,42,22,30,11,17,35,42,0,driver,soldier,welcome,,,
item_00833,trans_P1_0166,P1,trans,topical,"The soldier, the driver welcomed.",17,23,4,11,24,32,4,11,17,23,1,driver,soldier,welcome,,,
item_00834,trans_P1_0166,P1,trans,swap,The soldier welcomed the driver.,4,11,25,31,12,20,4,11,25,31,0,driver,soldier,welcome,,,
item_00835,trans_P1_0167,P1,trans,active,The curator respected the engineer.,4,11,26,34,12,21,4,11,26,34,0,curator,engineer,respect,,,
item_00836,trans_P1_0167,P1,trans,passive,The engineer was respected by the curator.,34,41,4,12,17,26,4,12,34,41,1,curator,engineer,respect,,,
item_00837,trans_P1_0167,P1,trans,cleft,It was the curator who respected the engineer.,11,18,37,45,23,32,11,18,37,45,0,curator,engineer,respect,,,
item_00838,trans_P1_0167,P1,trans,topical,"The engineer, the curator respected.",18,25,4,12,26,35,4,12,18,25,1,curator,engineer,respect,,,
item_00839,trans_P1_0167,P1,trans,swap,The engineer respected the curator.,4,12,27,34,13,22,4,12,27,34,0,curator,engineer,respect,,,
item_00840,trans_P1_0168,P1,trans,active,The engineer trusted the librarian.,4,12,25,34,13,20,4,12,25,34,0,engineer,librarian,trust,,,
item_00841,trans_P1_0168,P1,trans,passive,The librarian was trusted by the engineer.,33,41,4,13,18,25,4,13,33,41,1,engineer,librarian,trust,,,
item_00842,trans_P1_0168,P1,trans,cleft,It was the engineer who trusted the librarian.,11,19,36,45,24,31,11,19,36,45,0,engineer,librarian,trust,,,
item_00843,trans_P1_0168,P1,trans,topical,"The librarian, the engineer trusted.",19,27,4,13,28,35,4,13,19,27,1,engineer,librarian,trust,,,
item_00844,trans_P1_0168,P1,trans,swap,The librarian trusted the engineer.,4,13,26,34,14,21,4,13,26,34,0,engineer,librarian,trust,,,
item_00845,trans_P1_0169,P1,trans,active,The reporter informed the duke.,4,12,26,30,13,21,4,12,26,30,0,reporter,duke,inform,,,
item_00846,trans_P1_0169,P1,trans,passive,The duke was informed by the reporter.,29,37,4,8,13,21,4,8,29,37,1,reporter,duke,inform,,,
item_00847,trans_P1_0169,P1,trans,cleft,It was the reporter who informed the duke.,11,19,37,41,24,32,11,19,37,41,0,reporter,duke,inform,,,
item_00848,trans_P1_0169,P1,trans,topical,"The duke, the reporter informed.",14,22,4,8,23,31,4,8,14,22,1,reporter,duke,inform,,,
item_00849,trans_P1_0169,P1,trans,swap,The duke informed the reporter.,4,8,22,30,9,17,4,8,22,30,0,reporter,duke,inform,,,
item_00850,trans_P1_0170,P1,trans,active,The musician informed the engineer.,4,12,26,34,13,21,4,12,26,34,0,musician,engineer,inform,,,
item_00851,trans_P1_0170,P1,trans,passive,The engineer was informed by the musician.,33,41,4,12,17,25,4,12,33,41,1,musician,engineer,inform,,,
item_00852,trans_P1_0170,P1,trans,cleft,It was the musician who informed the engineer.,11,19,37,45,24,32,11,19,37,45,0,musician,engineer,inform,,,
item_00853,trans_P1_0170,P1,trans,topical,"The engineer, the musician informed.",18,26,4,12,27,35,4,12,18,26,1,musician,engineer,inform,,,
item_00854,trans_P1_0170,P1,trans,swap,The engineer informed the musician.,4,12,26,34,13,21,4,12,26,34,0,musician,engineer,inform,,,
item_00855,trans_P1_0171,P1,trans,active,The baron invited the pharmacist.,4,9,22,32,10,17,4,9,22,32,0,baron,pharmacist,invite,,,
item_00856,trans_P1_0171,P1,trans,passive,The pharmacist was invited by the baron.,34,39,4,14,19,26,4,14,34,39,1,baron,pharmacist,invite,,,
item_00857,trans_P1_0171,P1,trans,cleft,It was the baron who invited the pharmacist.,11,16,33,43,21,28,11,16,33,43,0,baron,pharmacist,invite,,,
item_00858,trans_P1_0171,P1,trans,topical,"The pharmacist, the baron invited.",20,25,4,14,26,33,4,14,20,25,1,baron,pharmacist,invite,,,
item_00859,trans_P1_0171,P1,trans,swap,The pharmacist invited the baron.,4,14,27,32,15,22,4,14,27,32,0,baron,pharmacist,invite,,,
item_00860,trans_P1_0172,P1,trans,active,The coach assisted the passenger.,4,9,23,32,10,18,4,9,23,32,0,coach,passenger,assist,,,
item_00861,trans_P1_0172,P1,trans,passive,The passenger was assisted by the coach.,34,39,4,13,18,26,4,13,34,39,1,coach,passenger,assist,,,
item_00862,trans_P1_0172,P1,trans,cleft,It was the coach who assisted the passenger.,11,16,34,43,21,29,11,16,34,43,0,coach,passenger,assist,,,
item_00863,trans_P1_0172,P1,trans,topical,"The passenger, the coach assisted.",19,24,4,13,25,33,4,13,19,24,1,coach,passenger,assist,,,
item_00864,trans_P1_0172,P1,trans,swap,The passenger assisted the coach.,4,13,27,32,14,22,4,13,27,32,0,coach,passenger,assist,,,
item_00865,trans_P1_0173,P1,trans,active,The engineer praised the reporter.,4,12,25,33,13,20,4,12,25,33,0,engineer,reporter,praise,,,
item_00866,trans_P1_0173,P1,trans,passive,The reporter was praised by the engineer.,32,40,4,12,17,24,4,12,32,40,1,engineer,reporter,praise,,,
item_00867,trans_P1_0173,P1,trans,cleft,It was the engineer who praised the reporter.,11,19,36,44,24,31,11,19,36,44,0,engineer,reporter,praise,,,
item_00868,trans_P1_0173,P1,trans,topical,"The reporter, the engineer praised.",18,26,4,12,27,34,4,12,18,26,1,engineer,reporter,praise,,,
item_00869,trans_P1_0173,P1,trans,swap,The reporter praised the engineer.,4,12,25,33,13,20,4,12,25,33,0,engineer,reporter,praise,,,
item_00870,trans_P1_0174,P1,trans,active,The waiter praised the judge.,4,10,23,28,11,18,4,10,23,28,0,waiter,judge,praise,,,
item_00871,trans_P1_0174,P1,trans,passive,The judge was praised by the waiter.,29,35,4,9,14,21,4,9,29,35,1,waiter,judge,praise,,,
item_00872,trans_P1_0174,P1,trans,cleft,It was the waiter who praised the judge.,11,17,34,39,22,29,11,17,34,39,0,waiter,judge,praise,,,
item_00873,trans_P1_0174,P1,trans,topical,"The judge, the waiter praised.",15,21,4,9,22,29,4,9,15,21,1,waiter,judge,praise,,,
item_00874,trans_P1_0174,P1,trans,swap,The judge praised the waiter.,4,9,22,28,10,17,4,9,22,28,0,waiter,judge,praise,,,
item_00875,trans_P1_0175,P1,trans,active,The engineer guided the driver.,4,12,24,30,13,19,4,12,24,30,0,engineer,driver,guide,,,
item_00876,trans_P1_0175,P1,trans,passive,The driver was guided by the engineer.,29,37,4,10,15,21,4,10,29,37,1,engineer,driver,guide,,,
item_00877,trans_P1_0175,P1,trans,cleft,It was the engineer who guided the driver.,11,19,35,41,24,30,11,19,35,41,0,engineer,driver,guide,,,
item_00878,trans_P1_0175,P1,trans,topical,"The driver, the engineer guided.",16,24,4,10,25,31,4,10,16,24,1,engineer,driver,guide,,,
item_00879,trans_P1_0175,P1,trans,swap,The driver guided the engineer.,4,10,22,30,11,17,4,10,22,30,0,engineer,driver,guide,,,
item_00880,trans_P1_0176,P1,trans,active,The athlete informed the judge.,4,11,25,30,12,20,4,11,25,30,0,athlete,judge,inform,,,
item_00881,trans_P1_0176,P1,trans,passive,The judge was informed by the athlete.,30,37,4,9,14,22,4,9,30,37,1,athlete,judge,inform,,,
item_00882,trans_P1_0176,P1,trans,cleft,It was the athlete who informed the judge.,11,18,36,41,23,31,11,18,36,41,0,athlete,judge,inform,,,
item_00883,trans_P1_0176,P1,trans,topical,"The judge, the athlete informed.",15,22,4,9,23,31,4,9,15,22,1,athlete,judge,inform,,,
item_00884,trans_P1_0176,P1,trans,swap,The judge informed the athlete.,4,9,23,30,10,18,4,9,23,30,0,athlete,judge,inform,,,
item_00885,trans_P1_0177,P1,trans,active,The passenger guided the client.,4,13,25,31,14,20,4,13,25,31,0,passenger,client,guide,,,
item_00886,trans_P1_0177,P1,trans,passive,The client was guided by the passenger.,29,38,4,10,15,21,4,10,29,38,1,passenger,client,guide,,,
item_00887,trans_P1_0177,P1,trans,cleft,It was the passenger who guided the client.,11,20,36,42,25,31,11,20,36,42,0,passenger,client,guide,,,
item_00888,trans_P1_0177,P1,trans,topical,"The client, the passenger guided.",16,25,4,10,26,32,4,10,16,25,1,passenger,client,guide,,,
item_00889,trans_P1_0177,P1,trans,swap,The client guided the passenger.,4,10,22,31,11,17,4,10,22,31,0,passenger,client,guide,,,
item_00890,trans_P1_0178,P1,trans,active,The broker praised the inventor.,4,10,23,31,11,18,4,10,23,31,0,broker,inventor,praise,,,
item_00891,trans_P1_0178,P1,trans,passive,The inventor was praised by the broker.,32,38,4,12,17,24,4,12,32,38,1,broker,inventor,praise,,,
item_00892,trans_P1_0178,P1,trans,cleft,It was the broker who praised the inventor.,11,17,34,42,22,29,11,17,34,42,0,broker,inventor,praise,,,
item_00893,trans_P1_0178,P1,trans,topical,"The inventor, the broker praised.",18,24,4,12,25,32,4,12,18,24,1,broker,inventor,praise,,,
item_00894,trans_P1_0178,P1,trans,swap,The inventor praised the broker.,4,12,25,31,13,20,4,12,25,31,0,broker,inventor,praise,,,
item_00895,trans_P1_0179,P1,trans,active,The pharmacist greeted the student.,4,14,27,34,15,22,4,14,27,34,0,pharmacist,student,greet,,,
item_00896,trans_P1_0179,P1,trans,passive,The student was greeted by the pharmacist.,31,41,4,11,16,23,4,11,31,41,1,pharmacist,student,greet,,,
item_00897,trans_P1_0179,P1,trans,cleft,It was the pharmacist who greeted the student.,11,21,38,45,26,33,11,21,38,45,0,pharmacist,student,greet,,,
item_00898,trans_P1_0179,P1,trans,topical,"The student, the pharmacist greeted.",17,27,4,11,28,35,4,11,17,27,1,pharmacist,student,greet,,,
item_00899,trans_P1_0179,P1,trans,swap,The student greeted the pharmacist.,4,11,24,34,12,19,4,11,24,34,0,pharmacist,student,greet,,,
item_00900,trans_P1_0180,P1,trans,active,The mechanic honored the manager.,4,12,25,32,13,20,4,12,25,32,0,mechanic,manager,honor,,,
item_00901,trans_P1_0180,P1,trans,passive,The manager was honored by the mechanic.,31,39,4,11,16,23,4,11,31,39,1,mechanic,manager,honor,,,
item_00902,trans_P1_0180,P1,trans,cleft,It was the mechanic who honored the manager.,11,19,36,43,24,31,11,19,36,43,0,mechanic,manager,honor,,,
item_00903,trans_P1_0180,P1,trans,topical,"The manager, the mechanic honored.",17,25,4,11,26,33,4,11,17,25,1,mechanic,manager,honor,,,
item_00904,trans_P1_0180,P1,trans,swap,The manager honored the mechanic.,4,11,24,32,12,19,4,11,24,32,0,mechanic,manager,honor,,,
item_00905,trans_P1_0181,P1,trans,active,The customer invited the baron.,4,12,25,30,13,20,4,12,25,30,0,customer,baron,invite,,,
item_00906,trans_P1_0181,P1,trans,passive,The baron was invited by the customer.,29,37,4,9,14,21,4,9,29,37,1,customer,baron,invite,,,
item_00907,trans_P1_0181,P1,trans,cleft,It was the customer who invited the baron.,11,19,36,41,24,31,11,19,36,41,0,customer,baron,invite,,,
item_00908,trans_P1_0181,P1,trans,topical,"The baron, the customer invited.",15,23,4,9,24,31,4,9,15,23,1,customer,baron,invite,,,
item_00909,trans_P1_0181,P1,trans,swap,The baron invited the customer.,4,9,22,30,10,17,4,9,22,30,0,customer,baron,invite,,,
item_00910,trans_P1_0182,P1,trans,active,The mayor honored the knight.,4,9,22,28,10,17,4,9,22,28,0,mayor,knight,honor,,,
item_00911,trans_P1_0182,P1,trans,passive,The knight was honored by the mayor.,30,35,4,10,15,22,4,10,30,35,1,mayor,knight,honor,,,
item_00912,trans_P1_0182,P1,trans,cleft,It was the mayor who honored the knight.,11,16,33,39,21,28,11,16,33,39,0,mayor,knight,honor,,,
item_00913,trans_P1_0182,P1,trans,topical,"The knight, the mayor honored.",16,21,4,10,22,29,4,10,16,21,1,mayor,knight,honor,,,
item_00914,trans_P1_0182,P1,trans,swap,The knight honored the mayor.,4,10,23,28,11,18,4,10,23,28,0,mayor,knight,honor,,,
item_00915,trans_P1_0183,P1,trans,active,The queen honored the knight.,4,9,22,28,10,17,4,9,22,28,0,queen,knight,honor,,,
item_00916,trans_P1_0183,P1,trans,passive,The knight was honored by the queen.,30,35,4,10,15,22,4,10,30,35,1,queen,knight,honor,,,
item_00917,trans_P1_0183,P1,trans,cleft,It was the queen who honored the knight.,11,16,33,39,21,28,11,16,33,39,0,queen,knight,honor,,,
item_00918,trans_P1_0183,P1,trans,topical,"The knight, the queen honored.",16,21,4,10,22,29,4,10,16,21,1,queen,knight,honor,,,
item_00919,trans_P1_0183,P1,trans,swap,The knight honored the queen.,4,10,23,28,11,18,4,10,23,28,0,queen,knight,honor,,,
item_00920,trans_P1_0184,P1,trans,active,The mechanic respected the pharmacist.,4,12,27,37,13,22,4,12,27,37,0,mechanic,pharmacist,respect,,,
item_00921,trans_P1_0184,P1,trans,passive,The pharmacist was respected by the mechanic.,36,44,4,14,19,28,4,14,36,44,1,mechanic,pharmacist,respect,,,
item_00922,trans_P1_0184,P1,trans,cleft,It was the mechanic who respected the pharmacist.,11,19,38,48,24,33,11,19,38,48,0,mechanic,pharmacist,respect,,,
item_00923,trans_P1_0184,P1,trans,topical,"The pharmacist, the mechanic respected.",20,28,4,14,29,38,4,14,20,28,1,mechanic,pharmacist,respect,,,
item_00924,trans_P1_0184,P1,trans,swap,The pharmacist respected the mechanic.,4,14,29,37,15,24,4,14,29,37,0,mechanic,pharmacist,respect,,,
item_00925,trans_P1_0185,P1,trans,active,The queen greeted the nurse.,4,9,22,27,10,17,4,9,22,27,0,queen,nurse,greet,,,
item_00926,trans_P1_0185,P1,trans,passive,The nurse was greeted by the queen.,29,34,4,9,14,21,4,9,29,34,1,queen,nurse,greet,,,
item_00927,trans_P1_0185,P1,trans,cleft,It was the queen who greeted the nurse.,11,16,33,38,21,28,11,16,33,38,0,queen,nurse,greet,,,
item_00928,trans_P1_0185,P1,trans,topical,"The nurse, the queen greeted.",15,20,4,9,21,28,4,9,15,20,1,queen,nurse,greet,,,
item_00929,trans_P1_0185,P1,trans,swap,The nurse greeted the queen.,4,9,22,27,10,17,4,9,22,27,0,queen,nurse,greet,,,
item_00930,trans_P1_0186,P1,trans,active,The librarian informed the historian.,4,13,27,36,14,22,4,13,27,36,0,librarian,historian,inform,,,
item_00931,trans_P1_0186,P1,trans,passive,The historian was informed by the librarian.,34,43,4,13,18,26,4,13,34,43,1,librarian,historian,inform,,,
item_00932,trans_P1_0186,P1,trans,cleft,It was the librarian who informed the historian.,11,20,38,47,25,33,11,20,38,47,0,librarian,historian,inform,,,
item_00933,trans_P1_0186,P1,trans,topical,"The historian, the librarian informed.",19,28,4,13,29,37,4,13,19,28,1,librarian,historian,inform,,,
item_00934,trans_P1_0186,P1,trans,swap,The historian informed the librarian.,4,13,27,36,14,22,4,13,27,36,0,librarian,historian,inform,,,
item_00935,trans_P1_0187,P1,trans,active,The princess welcomed the student.,4,12,26,33,13,21,4,12,26,33,0,princess,student,welcome,,,
item_00936,trans_P1_0187,P1,trans,passive,The student was welcomed by the princess.,32,40,4,11,16,24,4,11,32,40,1,princess,student,welcome,,,
item_00937,trans_P1_0187,P1,trans,cleft,It was the princess who welcomed the student.,11,19,37,44,24,32,11,19,37,44,0,princess,student,welcome,,,
item_00938,trans_P1_0187,P1,trans,topical,"The student, the princess welcomed.",17,25,4,11,26,34,4,11,17,25,1,princess,student,welcome,,,
item_00939,trans_P1_0187,P1,trans,swap,The student welcomed the princess.,4,11,25,33,12,20,4,11,25,33,0,princess,student,welcome,,,
item_00940,trans_P1_0188,P1,trans,active,The sailor described the judge.,4,10,25,30,11,20,4,10,25,30,0,sailor,judge,describe,,,
item_00941,trans_P1_0188,P1,trans,passive,The judge was described by the sailor.,31,37,4,9,14,23,4,9,31,37,1,sailor,judge,describe,,,
item_00942,trans_P1_0188,P1,trans,cleft,It was the sailor who described the judge.,11,17,36,41,22,31,11,17,36,41,0,sailor,judge,describe,,,
item_00943,trans_P1_0188,P1,trans,topical,"The judge, the sailor described.",15,21,4,9,22,31,4,9,15,21,1,sailor,judge,describe,,,
item_00944,trans_P1_0188,P1,trans,swap,The judge described the sailor.,4,9,24,30,10,19,4,9,24,30,0,sailor,judge,describe,,,
item_00945,trans_P1_0189,P1,trans,active,The nurse informed the passenger.,4,9,23,32,10,18,4,9,23,32,0,nurse,passenger,inform,,,
item_00946,trans_P1_0189,P1,trans,passive,The passenger was informed by the nurse.,34,39,4,13,18,26,4,13,34,39,1,nurse,passenger,inform,,,
item_00947,trans_P1_0189,P1,trans,cleft,It was the nurse who informed the passenger.,11,16,34,43,21,29,11,16,34,43,0,nurse,passenger,inform,,,
item_00948,trans_P1_0189,P1,trans,topical,"The passenger, the nurse informed.",19,24,4,13,25,33,4,13,19,24,1,nurse,passenger,inform,,,
item_00949,trans_P1_0189,P1,trans,swap,The passenger informed the nurse.,4,13,27,32,14,22,4,13,27,32,0,nurse,passenger,inform,,,
item_00950,trans_P1_0190,P1,trans,active,The manager trusted the athlete.,4,11,24,31,12,19,4,11,24,31,0,manager,athlete,trust,,,
item_00951,trans_P1_0190,P1,trans,passive,The athlete was trusted by the manager.,31,38,4,11,16,23,4,11,31,38,1,manager,athlete,trust,,,
item_00952,trans_P1_0190,P1,trans,cleft,It was the manager who trusted the athlete.,11,18,35,42,23,30,11,18,35,42,0,manager,athlete,trust,,,
item_00953,trans_P1_0190,P1,trans,topical,"The athlete, the manager trusted.",17,24,4,11,25,32,4,11,17,24,1,manager,athlete,trust,,,
item_00954,trans_P1_0190,P1,trans,swap,The athlete trusted the manager.,4,11,24,31,12,19,4,11,24,31,0,manager,athlete,trust,,,
item_00955,trans_P1_0191,P1,trans,active,The waiter examined the partner.,4,10,24,31,11,19,4,10,24,31,0,waiter,partner,examine,,,
item_00956,trans_P1_0191,P1,trans,passive,The partner was examined by the waiter.,32,38,4,11,16,24,4,11,32,38,1,waiter,partner,examine,,,
item_00957,trans_P1_0191,P1,trans,cleft,It was the waiter who examined the partner.,11,17,35,42,22,30,11,17,35,42,0,waiter,partner,examine,,,
item_00958,trans_P1_0191,P1,trans,topical,"The partner, the waiter examined.",17,23,4,11,24,32,4,11,17,23,1,waiter,partner,examine,,,
item_00959,trans_P1_0191,P1,trans,swap,The partner examined the waiter.,4,11,25,31,12,20,4,11,25,31,0,waiter,partner,examine,,,
item_00960,trans_P1_0192,P1,trans,active,The neighbor praised the singer.,4,12,25,31,13,20,4,12,25,31,0,neighbor,singer,praise,,,
item_00961,trans_P1_0192,P1,trans,passive,The singer was praised by the neighbor.,30,38,4,10,15,22,4,10,30,38,1,neighbor,singer,praise,,,
item_00962,trans_P1_0192,P1,trans,cleft,It was the neighbor who praised the singer.,11,19,36,42,24,31,11,19,36,42,0,neighbor,singer,praise,,,
item_00963,trans_P1_0192,P1,trans,topical,"The singer, the neighbor praised.",16,24,4,10,25,32,4,10,16,24,1,neighbor,singer,praise,,,
item_00964,trans_P1_0192,P1,trans,swap,The singer praised the neighbor.,4,10,23,31,11,18,4,10,23,31,0,neighbor,singer,praise,,,
item_00965,trans_P1_0193,P1,trans,active,The manager informed the waiter.,4,11,25,31,12,20,4,11,25,31,0,manager,waiter,inform,,,
item_00966,trans_P1_0193,P1,trans,passive,The waiter was informed by the manager.,31,38,4,10,15,23,4,10,31,38,1,manager,waiter,inform,,,
item_00967,trans_P1_0193,P1,trans,cleft,It was the manager who informed the waiter.,11,18,36,42,23,31,11,18,36,42,0,manager,waiter,inform,,,
item_00968,trans_P1_0193,P1,trans,topical,"The waiter, the manager informed.",16,23,4,10,24,32,4,10,16,23,1,manager,waiter,inform,,,
item_00969,trans_P1_0193,P1,trans,swap,The waiter informed the manager.,4,10,24,31,11,19,4,10,24,31,0,manager,waiter,inform,,,
item_00970,trans_P1_0194,P1,trans,active,The student welcomed the judge.,4,11,25,30,12,20,4,11,25,30,0,student,judge,welcome,,,
item_00971,trans_P1_0194,P1,trans,passive,The judge was welcomed by the student.,30,37,4,9,14,22,4,9,30,37,1,student,judge,welcome,,,
item_00972,trans_P1_0194,P1,trans,cleft,It was the student who welcomed the judge.,11,18,36,41,23,31,11,18,36,41,0,student,judge,welcome,,,
item_00973,trans_P1_0194,P1,trans,topical,"The judge, the student welcomed.",15,22,4,9,23,31,4,9,15,22,1,student,judge,welcome,,,
item_00974,trans_P1_0194,P1,trans,swap,The judge welcomed the student.,4,9,23,30,10,18,4,9,23,30,0,student,judge,welcome,,,
item_00975,trans_P1_0195,P1,trans,active,The student greeted the historian.,4,11,24,33,12,19,4,11,24,33,0,student,historian,greet,,,
item_00976,trans_P1_0195,P1,trans,passive,The historian was greeted by the student.,33,40,4,13,18,25,4,13,33,40,1,student,historian,greet,,,
item_00977,trans_P1_0195,P1,trans,cleft,It was the student who greeted the historian.,11,18,35,44,23,30,11,18,35,44,0,student,historian,greet,,,
item_00978,trans_P1_0195,P1,trans,topical,"The historian, the student greeted.",19,26,4,13,27,34,4,13,19,26,1,student,historian,greet,,,
item_00979,trans_P1_0195,P1,trans,swap,The historian greeted the student.,4,13,26,33,14,21,4,13,26,33,0,student,historian,greet,,,
item_00980,trans_P1_0196,P1,trans,active,The nurse described the neighbor.,4,9,24,32,10,19,4,9,24,32,0,nurse,neighbor,describe,,,
item_00981,trans_P1_0196,P1,trans,passive,The neighbor was described by the nurse.,34,39,4,12,17,26,4,12,34,39,1,nurse,neighbor,describe,,,
item_00982,trans_P1_0196,P1,trans,cleft,It was the nurse who described the neighbor.,11,16,35,43,21,30,11,16,35,43,0,nurse,neighbor,describe,,,
item_00983,trans_P1_0196,P1,trans,topical,"The neighbor, the nurse described.",18,23,4,12,24,33,4,12,18,23,1,nurse,neighbor,describe,,,
item_00984,trans_P1_0196,P1,trans,swap,The neighbor described the nurse.,4,12,27,32,13,22,4,12,27,32,0,nurse,neighbor,describe,,,
item_00985,trans_P1_0197,P1,trans,active,The duke invited the mechanic.,4,8,21,29,9,16,4,8,21,29,0,duke,mechanic,invite,,,
item_00986,trans_P1_0197,P1,trans,passive,The mechanic was invited by the duke.,32,36,4,12,17,24,4,12,32,36,1,duke,mechanic,invite,,,
item_00987,trans_P1_0197,P1,trans,cleft,It was the duke who invited the mechanic.,11,15,32,40,20,27,11,15,32,40,0,duke,mechanic,invite,,,
item_00988,trans_P1_0197,P1,trans,topical,"The mechanic, the duke invited.",18,22,4,12,23,30,4,12,18,22,1,duke,mechanic,invite,,,
item_00989,trans_P1_0197,P1,trans,swap,The mechanic invited the duke.,4,12,25,29,13,20,4,12,25,29,0,duke,mechanic,invite,,,
item_00990,trans_P1_0198,P1,trans,active,The broker welcomed the musician.,4,10,24,32,11,19,4,10,24,32,0,broker,musician,welcome,,,
item_00991,trans_P1_0198,P1,trans,passive,The musician was welcomed by the broker.,33,39,4,12,17,25,4,12,33,39,1,broker,musician,welcome,,,
item_00992,trans_P1_0198,P1,trans,cleft,It was the broker who welcomed the musician.,11,17,35,43,22,30,11,17,35,43,0,broker,musician,welcome,,,
item_00993,trans_P1_0198,P1,trans,topical,"The musician, the broker welcomed.",18,24,4,12,25,33,4,12,18,24,1,broker,musician,welcome,,,
item_00994,trans_P1_0198,P1,trans,swap,The musician welcomed the broker.,4,12,26,32,13,21,4,12,26,32,0,broker,musician,welcome,,,
item_00995,trans_P1_0199,P1,trans,active,The coach assisted the rider.,4,9,23,28,10,18,4,9,23,28,0,coach,rider,assist,,,
item_00996,trans_P1_0199,P1,trans,passive,The rider was assisted by the coach.,30,35,4,9,14,22,4,9,30,35,1,coach,rider,assist,,,
item_00997,trans_P1_0199,P1,trans,cleft,It was the coach who assisted the rider.,11,16,34,39,21,29,11,16,34,39,0,coach,rider,assist,,,
item_00998,trans_P1_0199,P1,trans,topical,"The rider, the coach assisted.",15,20,4,9,21,29,4,9,15,20,1,coach,rider,assist,,,
item_00999,trans_P1_0199,P1,trans,swap,The rider assisted the coach.,4,9,23,28,10,18,4,9,23,28,0,coach,rider,assist,,,
item_01000,trans_P1_0200,P1,trans,active,The coach trusted the knight.,4,9,22,28,10,17,4,9,22,28,0,coach,knight,trust,,,
item_01001,trans_P1_0200,P1,trans,passive,The knight was trusted by the coach.,30,35,4,10,15,22,4,10,30,35,1,coach,knight,trust,,,
item_01002,trans_P1_0200,P1,trans,cleft,It was the coach who trusted the knight.,11,16,33,39,21,28,11,16,33,39,0,coach,knight,trust,,,
item_01003,trans_P1_0200,P1,trans,topical,"The knight, the coach trusted.",16,21,4,10,22,29,4,10,16,21,1,coach,knight,trust,,,
item_01004,trans_P1_0200,P1,trans,swap,The knight trusted the coach.,4,10,23,28,11,18,4,10,23,28,0,coach,knight,trust,,,
item_01005,trans_P1_0201,P1,trans,active,The client greeted the judge.,4,10,23,28,11,18,4,10,23,28,0,client,judge,greet,,,
item_01006,trans_P1_0201,P1,trans,passive,The judge was greeted by the client.,29,35,4,9,14,21,4,9,29,35,1,client,judge,greet,,,
item_01007,trans_P1_0201,P1,trans,cleft,It was the client who greeted the judge.,11,17,34,39,22,29,11,17,34,39,0,client,judge,greet,,,
item_01008,trans_P1_0201,P1,trans,topical,"The judge, the client greeted.",15,21,4,9,22,29,4,9,15,21,1,client,judge,greet,,,
item_01009,trans_P1_0201,P1,trans,swap,The judge greeted the client.,4,9,22,28,10,17,4,9,22,28,0,client,judge,greet,,,
item_01010,trans_P1_0202,P1,trans,active,The rider examined the mayor.,4,9,23,28,10,18,4,9,23,28,0,rider,mayor,examine,,,
item_01011,trans_P1_0202,P1,trans,passive,The mayor was examined by the rider.,30,35,4,9,14,22,4,9,30,35,1,rider,mayor,examine,,,
item_01012,trans_P1_0202,P1,trans,cleft,It was the rider who examined the mayor.,11,16,34,39,21,29,11,16,34,39,0,rider,mayor,examine,,,
item_01013,trans_P1_0202,P1,trans,topical,"The mayor, the rider examined.",15,20,4,9,21,29,4,9,15,20,1,rider,mayor,examine,,,
item_01014,trans_P1_0202,P1,trans,swap,The mayor examined the rider.,4,9,23,28,10,18,4,9,23,28,0,rider,mayor,examine,,,
item_01015,trans_P1_0203,P1,trans,active,The inventor invited the soldier.,4,12,25,32,13,20,4,12,25,32,0,inventor,soldier,invite,,,
item_01016,trans_P1_0203,P1,trans,passive,The soldier was invited by the inventor.,31,39,4,11,16,23,4,11,31,39,1,inventor,soldier,invite,,,
item_01017,trans_P1_0203,P1,trans,cleft,It was the inventor who invited the soldier.,11,19,36,43,24,31,11,19,36,43,0,inventor,soldier,invite,,,
item_01018,trans_P1_0203,P1,trans,topical,"The soldier, the inventor invited.",17,25,4,11,26,33,4,11,17,25,1,inventor,soldier,invite,,,
item_01019,trans_P1_0203,P1,trans,swap,The soldier invited the inventor.,4,11,24,32,12,19,4,11,24,32,0,inventor,soldier,invite,,,
item_01020,trans_P1_0204,P1,trans,active,The knight informed the rider.,4,10,24,29,11,19,4,10,24,29,0,knight,rider,inform,,,
item_01021,trans_P1_0204,P1,trans,passive,The rider was informed by the knight.,30,36,4,9,14,22,4,9,30,36,1,knight,rider,inform,,,
item_01022,trans_P1_0204,P1,trans,cleft,It was the knight who informed the rider.,11,17,35,40,22,30,11,17,35,40,0,knight,rider,inform,,,
item_01023,trans_P1_0204,P1,trans,topical,"The rider, the knight informed.",15,21,4,9,22,30,4,9,15,21,1,knight,rider,inform,,,
item_01024,trans_P1_0204,P1,trans,swap,The rider informed the knight.,4,9,23,29,10,18,4,9,23,29,0,knight,rider,inform,,,
item_01025,trans_P1_0205,P1,trans,active,The curator described the reporter.,4,11,26,34,12,21,4,11,26,34,0,curator,reporter,describe,,,
item_01026,trans_P1_0205,P1,trans,passive,The reporter was described by the curator.,34,41,4,12,17,26,4,12,34,41,1,curator,reporter,describe,,,
item_01027,trans_P1_0205,P1,trans,cleft,It was the curator who described the reporter.,11,18,37,45,23,32,11,18,37,45,0,curator,reporter,describe,,,
item_01028,trans_P1_0205,P1,trans,topical,"The reporter, the curator described.",18,25,4,12,26,35,4,12,18,25,1,curator,reporter,describe,,,
item_01029,trans_P1_0205,P1,trans,swap,The reporter described the curator.,4,12,27,34,13,22,4,12,27,34,0,curator,reporter,describe,,,
item_01030,trans_P1_0206,P1,trans,active,The engineer praised the soldier.,4,12,25,32,13,20,4,12,25,32,0,engineer,soldier,praise,,,
item_01031,trans_P1_0206,P1,trans,passive,The soldier was praised by the engineer.,31,39,4,11,16,23,4,11,31,39,1,engineer,soldier,praise,,,
item_01032,trans_P1_0206,P1,trans,cleft,It was the engineer who praised the soldier.,11,19,36,43,24,31,11,19,36,43,0,engineer,soldier,praise,,,
item_01033,trans_P1_0206,P1,trans,topical,"The soldier, the engineer praised.",17,25,4,11,26,33,4,11,17,25,1,engineer,soldier,praise,,,
item_01034,trans_P1_0206,P1,trans,swap,The soldier praised the engineer.,4,11,24,32,12,19,4,11,24,32,0,engineer,soldier,praise,,,
item_01035,trans_P1_0207,P1,trans,active,The dancer praised the singer.,4,10,23,29,11,18,4,10,23,29,0,dancer,singer,praise,,,
item_01036,trans_P1_0207,P1,trans,passive,The singer was praised by the dancer.,30,36,4,10,15,22,4,10,30,36,1,dancer,singer,praise,,,
item_01037,trans_P1_0207,P1,trans,cleft,It was the dancer who praised the singer.,11,17,34,40,22,29,11,17,34,40,0,dancer,singer,praise,,,
item_01038,trans_P1_0207,P1,trans,topical,"The singer, the dancer praised.",16,22,4,10,23,30,4,10,16,22,1,dancer,singer,praise,,,
item_01039,trans_P1_0207,P1,trans,swap,The singer praised the dancer.,4,10,23,29,11,18,4,10,23,29,0,dancer,singer,praise,,,
item_01040,trans_P1_0208,P1,trans,active,The mechanic examined the neighbor.,4,12,26,34,13,21,4,12,26,34,0,mechanic,neighbor,examine,,,
item_01041,trans_P1_0208,P1,trans,passive,The neighbor was examined by the mechanic.,33,41,4,12,17,25,4,12,33,41,1,mechanic,neighbor,examine,,,
item_01042,trans_P1_0208,P1,trans,cleft,It was the mechanic who examined the neighbor.,11,19,37,45,24,32,11,19,37,45,0,mechanic,neighbor,examine,,,
item_01043,trans_P1_0208,P1,trans,topical,"The neighbor, the mechanic examined.",18,26,4,12,27,35,4,12,18,26,1,mechanic,neighbor,examine,,,
item_01044,trans_P1_0208,P1,trans,swap,The neighbor examined the mechanic.,4,12,26,34,13,21,4,12,26,34,0,mechanic,neighbor,examine,,,
item_01045,trans_P1_0209,P1,trans,active,The judge welcomed the client.,4,9,23,29,10,18,4,9,23,29,0,judge,client,welcome,,,
item_01046,trans_P1_0209,P1,trans,passive,The client was welcomed by the judge.,31,36,4,10,15,23,4,10,31,36,1,judge,client,welcome,,,
item_01047,trans_P1_0209,P1,trans,cleft,It was the judge who welcomed the client.,11,16,34,40,21,29,11,16,34,40,0,judge,client,welcome,,,
item_01048,trans_P1_0209,P1,trans,topical,"The client, the judge welcomed.",16,21,4,10,22,30,4,10,16,21,1,judge,client,welcome,,,
item_01049,trans_P1_0209,P1,trans,swap,The client welcomed the judge.,4,10,24,29,11,19,4,10,24,29,0,judge,client,welcome,,,
item_01050,trans_P1_0210,P1,trans,active,The client welcomed the waiter.,4,10,24,30,11,19,4,10,24,30,0,client,waiter,welcome,,,
item_01051,trans_P1_0210,P1,trans,passive,The waiter was welcomed by the client.,31,37,4,10,15,23,4,10,31,37,1,client,waiter,welcome,,,
item_01052,trans_P1_0210,P1,trans,cleft,It was the client who welcomed the waiter.,11,17,35,41,22,30,11,17,35,41,0,client,waiter,welcome,,,
item_01053,trans_P1_0210,P1,trans,topical,"The waiter, the client welcomed.",16,22,4,10,23,31,4,10,16,22,1,client,waiter,welcome,,,
item_01054,trans_P1_0210,P1,trans,swap,The waiter welcomed the client.,4,10,24,30,11,19,4,10,24,30,0,client,waiter,welcome,,,
item_01055,trans_P1_0211,P1,trans,active,The singer assisted the knight.,4,10,24,30,11,19,4,10,24,30,0,singer,knight,assist,,,
item_01056,trans_P1_0211,P1,trans,passive,The knight was assisted by the singer.,31,37,4,10,15,23,4,10,31,37,1,singer,knight,assist,,,
item_01057,trans_P1_0211,P1,trans,cleft,It was the singer who assisted the knight.,11,17,35,41,22,30,11,17,35,41,0,singer,knight,assist,,,
item_01058,trans_P1_0211,P1,trans,topical,"The knight, the singer assisted.",16,22,4,10,23,31,4,10,16,22,1,singer,knight,assist,,,
item_01059,trans_P1_0211,P1,trans,swap,The knight assisted the singer.,4,10,24,30,11,19,4,10,24,30,0,singer,knight,assist,,,
item_01060,trans_P1_0212,P1,trans,active,The tailor assisted the customer.,4,10,24,32,11,19,4,10,24,32,0,tailor,customer,assist,,,
item_01061,trans_P1_0212,P1,trans,passive,The customer was assisted by the tailor.,33,39,4,12,17,25,4,12,33,39,1,tailor,customer,assist,,,
item_01062,trans_P1_0212,P1,trans,cleft,It was the tailor who assisted the customer.,11,17,35,43,22,30,11,17,35,43,0,tailor,customer,assist,,,
item_01063,trans_P1_0212,P1,trans,topical,"The customer, the tailor assisted.",18,24,4,12,25,33,4,12,18,24,1,tailor,customer,assist,,,
item_01064,trans_P1_0212,P1,trans,swap,The customer assisted the tailor.,4,12,26,32,13,21,4,12,26,32,0,tailor,customer,assist,,,
item_01065,trans_P1_0213,P1,trans,active,The librarian trusted the engineer.,4,13,26,34,14,21,4,13,26,34,0,librarian,engineer,trust,,,
item_01066,trans_P1_0213,P1,trans,passive,The engineer was trusted by the librarian.,32,41,4,12,17,24,4,12,32,41,1,librarian,engineer,trust,,,
item_01067,trans_P1_0213,P1,trans,cleft,It was the librarian who trusted the engineer.,11,20,37,45,25,32,11,20,37,45,0,librarian,engineer,trust,,,
item_01068,trans_P1_0213,P1,trans,topical,"The engineer, the librarian trusted.",18,27,4,12,28,35,4,12,18,27,1,librarian,engineer,trust,,,
item_01069,trans_P1_0213,P1,trans,swap,The engineer trusted the librarian.,4,12,25,34,13,20,4,12,25,34,0,librarian,engineer,trust,,,
item_01070,trans_P1_0214,P1,trans,active,The driver examined the neighbor.,4,10,24,32,11,19,4,10,24,32,0,driver,neighbor,examine,,,
item_01071,trans_P1_0214,P1,trans,passive,The neighbor was examined by the driver.,33,39,4,12,17,25,4,12,33,39,1,driver,neighbor,examine,,,
item_01072,trans_P1_0214,P1,trans,cleft,It was the driver who examined the neighbor.,11,17,35,43,22,30,11,17,35,43,0,driver,neighbor,examine,,,
item_01073,trans_P1_0214,P1,trans,topical,"The neighbor, the driver examined.",18,24,4,12,25,33,4,12,18,24,1,driver,neighbor,examine,,,
item_01074,trans_P1_0214,P1,trans,swap,The neighbor examined the driver.,4,12,26,32,13,21,4,12,26,32,0,driver,neighbor,examine,,,
item_01075,trans_P1_0215,P1,trans,active,The princess welcomed the nurse.,4,12,26,31,13,21,4,12,26,31,0,princess,nurse,welcome,,,
item_01076,trans_P1_0215,P1,trans,passive,The nurse was welcomed by the princess.,30,38,4,9,14,22,4,9,30,38,1,princess,nurse,welcome,,,
item_01077,trans_P1_0215,P1,trans,cleft,It was the princess who welcomed the nurse.,11,19,37,42,24,32,11,19,37,42,0,princess,nurse,welcome,,,
item_01078,trans_P1_0215,P1,trans,topical,"The nurse, the princess welcomed.",15,23,4,9,24,32,4,9,15,23,1,princess,nurse,welcome,,,
item_01079,trans_P1_0215,P1,trans,swap,The nurse welcomed the princess.,4,9,23,31,10,18,4,9,23,31,0,princess,nurse,welcome,,,
item_01080,trans_P1_0216,P1,trans,active,The broker praised the judge.,4,10,23,28,11,18,4,10,23,28,0,broker,judge,praise,,,
item_01081,trans_P1_0216,P1,trans,passive,The judge was praised by the broker.,29,35,4,9,14,21,4,9,29,35,1,broker,judge,praise,,,
item_01082,trans_P1_0216,P1,trans,cleft,It was the broker who praised the judge.,11,17,34,39,22,29,11,17,34,39,0,broker,judge,praise,,,
item_01083,trans_P1_0216,P1,trans,topical,"The judge, the broker praised.",15,21,4,9,22,29,4,9,15,21,1,broker,judge,praise,,,
item_01084,trans_P1_0216,P1,trans,swap,The judge praised the broker.,4,9,22,28,10,17,4,9,22,28,0,broker,judge,praise,,,
item_01085,trans_P1_0217,P1,trans,active,The partner honored the customer.,4,11,24,32,12,19,4,11,24,32,0,partner,customer,honor,,,
item_01086,trans_P1_0217,P1,trans,passive,The customer was honored by the partner.,32,39,4,12,17,24,4,12,32,39,1,partner,customer,honor,,,
item_01087,trans_P1_0217,P1,trans,cleft,It was the partner who honored the customer.,11,18,35,43,23,30,11,18,35,43,0,partner,customer,honor,,,
item_01088,trans_P1_0217,P1,trans,topical,"The customer, the partner honored.",18,25,4,12,26,33,4,12,18,25,1,partner,customer,honor,,,
item_01089,trans_P1_0217,P1,trans,swap,The customer honored the partner.,4,12,25,32,13,20,4,12,25,32,0,partner,customer,honor,,,
item_01090,trans_P1_0218,P1,trans,active,The singer honored the client.,4,10,23,29,11,18,4,10,23,29,0,singer,client,honor,,,
item_01091,trans_P1_0218,P1,trans,passive,The client was honored by the singer.,30,36,4,10,15,22,4,10,30,36,1,singer,client,honor,,,
item_01092,trans_P1_0218,P1,trans,cleft,It was the singer who honored the client.,11,17,34,40,22,29,11,17,34,40,0,singer,client,honor,,,
item_01093,trans_P1_0218,P1,trans,topical,"The client, the singer honored.",16,22,4,10,23,30,4,10,16,22,1,singer,client,honor,,,
item_01094,trans_P1_0218,P1,trans,swap,The client honored the singer.,4,10,23,29,11,18,4,10,23,29,0,singer,client,honor,,,
item_01095,trans_P1_0219,P1,trans,active,The driver respected the sailor.,4,10,25,31,11,20,4,10,25,31,0,driver,sailor,respect,,,
item_01096,trans_P1_0219,P1,trans,passive,The sailor was respected by the driver.,32,38,4,10,15,24,4,10,32,38,1,driver,sailor,respect,,,
item_01097,trans_P1_0219,P1,trans,cleft,It was the driver who respected the sailor.,11,17,36,42,22,31,11,17,36,42,0,driver,sailor,respect,,,
item_01098,trans_P1_0219,P1,trans,topical,"The sailor, the driver respected.",16,22,4,10,23,32,4,10,16,22,1,driver,sailor,respect,,,
item_01099,trans_P1_0219,P1,trans,swap,The sailor respected the driver.,4,10,25,31,11,20,4,10,25,31,0,driver,sailor,respect,,,
item_01100,trans_P1_0220,P1,trans,active,The baron informed the duke.,4,9,23,27,10,18,4,9,23,27,0,baron,duke,inform,,,
item_01101,trans_P1_0220,P1,trans,passive,The duke was informed by the baron.,29,34,4,8,13,21,4,8,29,34,1,baron,duke,inform,,,
item_01102,trans_P1_0220,P1,trans,cleft,It was the baron who informed the duke.,11,16,34,38,21,29,11,16,34,38,0,baron,duke,inform,,,
item_01103,trans_P1_0220,P1,trans,topical,"The duke, the baron informed.",14,19,4,8,20,28,4,8,14,19,1,baron,duke,inform,,,
item_01104,trans_P1_0220,P1,trans,swap,The duke informed the baron.,4,8,22,27,9,17,4,8,22,27,0,baron,duke,inform,,,
item_01105,trans_P1_0221,P1,trans,active,The knight examined the athlete.,4,10,24,31,11,19,4,10,24,31,0,knight,athlete,examine,,,
item_01106,trans_P1_0221,P1,trans,passive,The athlete was examined by the knight.,32,38,4,11,16,24,4,11,32,38,1,knight,athlete,examine,,,
item_01107,trans_P1_0221,P1,trans,cleft,It was the knight who examined the athlete.,11,17,35,42,22,30,11,17,35,42,0,knight,athlete,examine,,,
item_01108,trans_P1_0221,P1,trans,topical,"The athlete, the knight examined.",17,23,4,11,24,32,4,11,17,23,1,knight,athlete,examine,,,
item_01109,trans_P1_0221,P1,trans,swap,The athlete examined the knight.,4,11,25,31,12,20,4,11,25,31,0,knight,athlete,examine,,,
item_01110,trans_P1_0222,P1,trans,active,The musician guided the singer.,4,12,24,30,13,19,4,12,24,30,0,musician,singer,guide,,,
item_01111,trans_P1_0222,P1,trans,passive,The singer was guided by the musician.,29,37,4,10,15,21,4,10,29,37,1,musician,singer,guide,,,
item_01112,trans_P1_0222,P1,trans,cleft,It was the musician who guided the singer.,11,19,35,41,24,30,11,19,35,41,0,musician,singer,guide,,,
item_01113,trans_P1_0222,P1,trans,topical,"The singer, the musician guided.",16,24,4,10,25,31,4,10,16,24,1,musician,singer,guide,,,
item_01114,trans_P1_0222,P1,trans,swap,The singer guided the musician.,4,10,22,30,11,17,4,10,22,30,0,musician,singer,guide,,,
item_01115,trans_P1_0223,P1,trans,active,The baron invited the coach.,4,9,22,27,10,17,4,9,22,27,0,baron,coach,invite,,,
item_01116,trans_P1_0223,P1,trans,passive,The coach was invited by the baron.,29,34,4,9,14,21,4,9,29,34,1,baron,coach,invite,,,
item_01117,trans_P1_0223,P1,trans,cleft,It was the baron who invited the coach.,11,16,33,38,21,28,11,16,33,38,0,baron,coach,invite,,,
item_01118,trans_P1_0223,P1,trans,topical,"The coach, the baron invited.",15,20,4,9,21,28,4,9,15,20,1,baron,coach,invite,,,
item_01119,trans_P1_0223,P1,trans,swap,The coach invited the baron.,4,9,22,27,10,17,4,9,22,27,0,baron,coach,invite,,,
item_01120,trans_P1_0224,P1,trans,active,The musician honored the soldier.,4,12,25,32,13,20,4,12,25,32,0,musician,soldier,honor,,,
item_01121,trans_P1_0224,P1,trans,passive,The soldier was honored by the musician.,31,39,4,11,16,23,4,11,31,39,1,musician,soldier,honor,,,
item_01122,trans_P1_0224,P1,trans,cleft,It was the musician who honored the soldier.,11,19,36,43,24,31,11,19,36,43,0,musician,soldier,honor,,,
item_01123,trans_P1_0224,P1,trans,topical,"The soldier, the musician honored.",17,25,4,11,26,33,4,11,17,25,1,musician,soldier,honor,,,
item_01124,trans_P1_0224,P1,trans,swap,The soldier honored the musician.,4,11,24,32,12,19,4,11,24,32,0,musician,soldier,honor,,,
item_01125,trans_P1_0225,P1,trans,active,The driver guided the reporter.,4,10,22,30,11,17,4,10,22,30,0,driver,reporter,guide,,,
item_01126,trans_P1_0225,P1,trans,passive,The reporter was guided by the driver.,31,37,4,12,17,23,4,12,31,37,1,driver,reporter,guide,,,
item_01127,trans_P1_0225,P1,trans,cleft,It was the driver who guided the reporter.,11,17,33,41,22,28,11,17,33,41,0,driver,reporter,guide,,,
item_01128,trans_P1_0225,P1,trans,topical,"The reporter, the driver guided.",18,24,4,12,25,31,4,12,18,24,1,driver,reporter,guide,,,
item_01129,trans_P1_0225,P1,trans,swap,The reporter guided the driver.,4,12,24,30,13,19,4,12,24,30,0,driver,reporter,guide,,,
item_01130,trans_P1_0226,P1,trans,active,The inventor described the judge.,4,12,27,32,13,22,4,12,27,32,0,inventor,judge,describe,,,
item_01131,trans_P1_0226,P1,trans,passive,The judge was described by the inventor.,31,39,4,9,14,23,4,9,31,39,1,inventor,judge,describe,,,
item_01132,trans_P1_0226,P1,trans,cleft,It was the inventor who described the judge.,11,19,38,43,24,33,11,19,38,43,0,inventor,judge,describe,,,
item_01133,trans_P1_0226,P1,trans,topical,"The judge, the inventor described.",15,23,4,9,24,33,4,9,15,23,1,inventor,judge,describe,,,
item_01134,trans_P1_0226,P1,trans,swap,The judge described the inventor.,4,9,24,32,10,19,4,9,24,32,0,inventor,judge,describe,,,
item_01135,trans_P1_0227,P1,trans,active,The queen invited the curator.,4,9,22,29,10,17,4,9,22,29,0,queen,curator,invite,,,
item_01136,trans_P1_0227,P1,trans,passive,The curator was invited by the queen.,31,36,4,11,16,23,4,11,31,36,1,queen,curator,invite,,,
item_01137,trans_P1_0227,P1,trans,cleft,It was the queen who invited the curator.,11,16,33,40,21,28,11,16,33,40,0,queen,curator,invite,,,
item_01138,trans_P1_0227,P1,trans,topical,"The curator, the queen invited.",17,22,4,11,23,30,4,11,17,22,1,queen,curator,invite,,,
item_01139,trans_P1_0227,P1,trans,swap,The curator invited the queen.,4,11,24,29,12,19,4,11,24,29,0,queen,curator,invite,,,
item_01140,trans_P1_0228,P1,trans,active,The mechanic assisted the waiter.,4,12,26,32,13,21,4,12,26,32,0,mechanic,waiter,assist,,,
item_01141,trans_P1_0228,P1,trans,passive,The waiter was assisted by the mechanic.,31,39,4,10,15,23,4,10,31,39,1,mechanic,waiter,assist,,,
item_01142,trans_P1_0228,P1,trans,cleft,It was the mechanic who assisted the waiter.,11,19,37,43,24,32,11,19,37,43,0,mechanic,waiter,assist,,,
item_01143,trans_P1_0228,P1,trans,topical,"The waiter, the mechanic assisted.",16,24,4,10,25,33,4,10,16,24,1,mechanic,waiter,assist,,,
item_01144,trans_P1_0228,P1,trans,swap,The waiter assisted the mechanic.,4,10,24,32,11,19,4,10,24,32,0,mechanic,waiter,assist,,,
item_01145,trans_P1_0229,P1,trans,active,The judge guided the passenger.,4,9,21,30,10,16,4,9,21,30,0,judge,passenger,guide,,,
item_01146,trans_P1_0229,P1,trans,passive,The passenger was guided by the judge.,32,37,4,13,18,24,4,13,32,37,1,judge,passenger,guide,,,
item_01147,trans_P1_0229,P1,trans,cleft,It was the judge who guided the passenger.,11,16,32,41,21,27,11,16,32,41,0,judge,passenger,guide,,,
item_01148,trans_P1_0229,P1,trans,topical,"The passenger, the judge guided.",19,24,4,13,25,31,4,13,19,24,1,judge,passenger,guide,,,
item_01149,trans_P1_0229,P1,trans,swap,The passenger guided the judge.,4,13,25,30,14,20,4,13,25,30,0,judge,passenger,guide,,,
item_01150,trans_P1_0230,P1,trans,active,The mayor invited the inventor.,4,9,22,30,10,17,4,9,22,30,0,mayor,inventor,invite,,,
item_01151,trans_P1_0230,P1,trans,passive,The inventor was invited by the mayor.,32,37,4,12,17,24,4,12,32,37,1,mayor,inventor,invite,,,
item_01152,trans_P1_0230,P1,trans,cleft,It was the mayor who invited the inventor.,11,16,33,41,21,28,11,16,33,41,0,mayor,inventor,invite,,,
item_01153,trans_P1_0230,P1,trans,topical,"The inventor, the mayor invited.",18,23,4,12,24,31,4,12,18,23,1,mayor,inventor,invite,,,
item_01154,trans_P1_0230,P1,trans,swap,The inventor invited the mayor.,4,12,25,30,13,20,4,12,25,30,0,mayor,inventor,invite,,,
item_01155,trans_P1_0231,P1,trans,active,The duke respected the curator.,4,8,23,30,9,18,4,8,23,30,0,duke,curator,respect,,,
item_01156,trans_P1_0231,P1,trans,passive,The curator was respected by the duke.,33,37,4,11,16,25,4,11,33,37,1,duke,curator,respect,,,
item_01157,trans_P1_0231,P1,trans,cleft,It was the duke who respected the curator.,11,15,34,41,20,29,11,15,34,41,0,duke,curator,respect,,,
item_01158,trans_P1_0231,P1,trans,topical,"The curator, the duke respected.",17,21,4,11,22,31,4,11,17,21,1,duke,curator,respect,,,
item_01159,trans_P1_0231,P1,trans,swap,The curator respected the duke.,4,11,26,30,12,21,4,11,26,30,0,duke,curator,respect,,,
item_01160,trans_P1_0232,P1,trans,active,The curator praised the musician.,4,11,24,32,12,19,4,11,24,32,0,curator,musician,praise,,,
item_01161,trans_P1_0232,P1,trans,passive,The musician was praised by the curator.,32,39,4,12,17,24,4,12,32,39,1,curator,musician,praise,,,
item_01162,trans_P1_0232,P1,trans,cleft,It was the curator who praised the musician.,11,18,35,43,23,30,11,18,35,43,0,curator,musician,praise,,,
item_01163,trans_P1_0232,P1,trans,topical,"The musician, the curator praised.",18,25,4,12,26,33,4,12,18,25,1,curator,musician,praise,,,
item_01164,trans_P1_0232,P1,trans,swap,The musician praised the curator.,4,12,25,32,13,20,4,12,25,32,0,curator,musician,praise,,,
item_01165,trans_P1_0233,P1,trans,active,The passenger examined the pharmacist.,4,13,27,37,14,22,4,13,27,37,0,passenger,pharmacist,examine,,,
item_01166,trans_P1_0233,P1,trans,passive,The pharmacist was examined by the passenger.,35,44,4,14,19,27,4,14,35,44,1,passenger,pharmacist,examine,,,
item_01167,trans_P1_0233,P1,trans,cleft,It was the passenger who examined the pharmacist.,11,20,38,48,25,33,11,20,38,48,0,passenger,pharmacist,examine,,,
item_01168,trans_P1_0233,P1,trans,topical,"The pharmacist, the passenger examined.",20,29,4,14,30,38,4,14,20,29,1,passenger,pharmacist,examine,,,
item_01169,trans_P1_0233,P1,trans,swap,The pharmacist examined the passenger.,4,14,28,37,15,23,4,14,28,37,0,passenger,pharmacist,examine,,,
item_01170,trans_P1_0234,P1,trans,active,The knight honored the librarian.,4,10,23,32,11,18,4,10,23,32,0,knight,librarian,honor,,,
item_01171,trans_P1_0234,P1,trans,passive,The librarian was honored by the knight.,33,39,4,13,18,25,4,13,33,39,1,knight,librarian,honor,,,
item_01172,trans_P1_0234,P1,trans,cleft,It was the knight who honored the librarian.,11,17,34,43,22,29,11,17,34,43,0,knight,librarian,honor,,,
item_01173,trans_P1_0234,P1,trans,topical,"The librarian, the knight honored.",19,25,4,13,26,33,4,13,19,25,1,knight,librarian,honor,,,
item_01174,trans_P1_0234,P1,trans,swap,The librarian honored the knight.,4,13,26,32,14,21,4,13,26,32,0,knight,librarian,honor,,,
item_01175,trans_P1_0235,P1,trans,active,The soldier informed the tailor.,4,11,25,31,12,20,4,11,25,31,0,soldier,tailor,inform,,,
item_01176,trans_P1_0235,P1,trans,passive,The tailor was informed by the soldier.,31,38,4,10,15,23,4,10,31,38,1,soldier,tailor,inform,,,
item_01177,trans_P1_0235,P1,trans,cleft,It was the soldier who informed the tailor.,11,18,36,42,23,31,11,18,36,42,0,soldier,tailor,inform,,,
item_01178,trans_P1_0235,P1,trans,topical,"The tailor, the soldier informed.",16,23,4,10,24,32,4,10,16,23,1,soldier,tailor,inform,,,
item_01179,trans_P1_0235,P1,trans,swap,The tailor informed the soldier.,4,10,24,31,11,19,4,10,24,31,0,soldier,tailor,inform,,,
item_01180,trans_P1_0236,P1,trans,active,The engineer described the neighbor.,4,12,27,35,13,22,4,12,27,35,0,engineer,neighbor,describe,,,
item_01181,trans_P1_0236,P1,trans,passive,The neighbor was described by the engineer.,34,42,4,12,17,26,4,12,34,42,1,engineer,neighbor,describe,,,
item_01182,trans_P1_0236,P1,trans,cleft,It was the engineer who described the neighbor.,11,19,38,46,24,33,11,19,38,46,0,engineer,neighbor,describe,,,
item_01183,trans_P1_0236,P1,trans,topical,"The neighbor, the engineer described.",18,26,4,12,27,36,4,12,18,26,1,engineer,neighbor,describe,,,
item_01184,trans_P1_0236,P1,trans,swap,The neighbor described the engineer.,4,12,27,35,13,22,4,12,27,35,0,engineer,neighbor,describe,,,
item_01185,trans_P1_0237,P1,trans,active,The manager praised the sailor.,4,11,24,30,12,19,4,11,24,30,0,manager,sailor,praise,,,
item_01186,trans_P1_0237,P1,trans,passive,The sailor was praised by the manager.,30,37,4,10,15,22,4,10,30,37,1,manager,sailor,praise,,,
item_01187,trans_P1_0237,P1,trans,cleft,It was the manager who praised the sailor.,11,18,35,41,23,30,11,18,35,41,0,manager,sailor,praise,,,
item_01188,trans_P1_0237,P1,trans,topical,"The sailor, the manager praised.",16,23,4,10,24,31,4,10,16,23,1,manager,sailor,praise,,,
item_01189,trans_P1_0237,P1,trans,swap,The sailor praised the manager.,4,10,23,30,11,18,4,10,23,30,0,manager,sailor,praise,,,
item_01190,trans_P1_0238,P1,trans,active,The librarian examined the coach.,4,13,27,32,14,22,4,13,27,32,0,librarian,coach,examine,,,
item_01191,trans_P1_0238,P1,trans,passive,The coach was examined by the librarian.,30,39,4,9,14,22,4,9,30,39,1,librarian,coach,examine,,,
item_01192,trans_P1_0238,P1,trans,cleft,It was the librarian who examined the coach.,11,20,38,43,25,33,11,20,38,43,0,librarian,coach,examine,,,
item_01193,trans_P1_0238,P1,trans,topical,"The coach, the librarian examined.",15,24,4,9,25,33,4,9,15,24,1,librarian,coach,examine,,,
item_01194,trans_P1_0238,P1,trans,swap,The coach examined the librarian.,4,9,23,32,10,18,4,9,23,32,0,librarian,coach,examine,,,
item_01195,trans_P1_0239,P1,trans,active,The sailor praised the broker.,4,10,23,29,11,18,4,10,23,29,0,sailor,broker,praise,,,
item_01196,trans_P1_0239,P1,trans,passive,The broker was praised by the sailor.,30,36,4,10,15,22,4,10,30,36,1,sailor,broker,praise,,,
item_01197,trans_P1_0239,P1,trans,cleft,It was the sailor who praised the broker.,11,17,34,40,22,29,11,17,34,40,0,sailor,broker,praise,,,
item_01198,trans_P1_0239,P1,trans,topical,"The broker, the sailor praised.",16,22,4,10,23,30,4,10,16,22,1,sailor,broker,praise,,,
item_01199,trans_P1_0239,P1,trans,swap,The broker praised the sailor.,4,10,23,29,11,18,4,10,23,29,0,sailor,broker,praise,,,
item_01200,trans_P1_0240,P1,trans,active,The customer greeted the nurse.,4,12,25,30,13,20,4,12,25,30,0,customer,nurse,greet,,,
item_01201,trans_P1_0240,P1,trans,passive,The nurse was greeted by the customer.,29,37,4,9,14,21,4,9,29,37,1,customer,nurse,greet,,,
item_01202,trans_P1_0240,P1,trans,cleft,It was the customer who greeted the nurse.,11,19,36,41,24,31,11,19,36,41,0,customer,nurse,greet,,,
item_01203,trans_P1_0240,P1,trans,topical,"The nurse, the customer greeted.",15,23,4,9,24,31,4,9,15,23,1,customer,nurse,greet,,,
item_01204,trans_P1_0240,P1,trans,swap,The nurse greeted the customer.,4,9,22,30,10,17,4,9,22,30,0,customer,nurse,greet,,,
item_01205,trans_P1_0241,P1,trans,active,The lawyer informed the neighbor.,4,10,24,32,11,19,4,10,24,32,0,lawyer,neighbor,inform,,,
item_01206,trans_P1_0241,P1,trans,passive,The neighbor was informed by the lawyer.,33,39,4,12,17,25,4,12,33,39,1,lawyer,neighbor,inform,,,
item_01207,trans_P1_0241,P1,trans,cleft,It was the lawyer who informed the neighbor.,11,17,35,43,22,30,11,17,35,43,0,lawyer,neighbor,inform,,,
item_01208,trans_P1_0241,P1,trans,topical,"The neighbor, the lawyer informed.",18,24,4,12,25,33,4,12,18,24,1,lawyer,neighbor,inform,,,
item_01209,trans_P1_0241,P1,trans,swap,The neighbor informed the lawyer.,4,12,26,32,13,21,4,12,26,32,0,lawyer,neighbor,inform,,,
item_01210,trans_P1_0242,P1,trans,active,The librarian honored the princess.,4,13,26,34,14,21,4,13,26,34,0,librarian,princess,honor,,,
item_01211,trans_P1_0242,P1,trans,passive,The princess was honored by the librarian.,32,41,4,12,17,24,4,12,32,41,1,librarian,princess,honor,,,
item_01212,trans_P1_0242,P1,trans,cleft,It was the librarian who honored the princess.,11,20,37,45,25,32,11,20,37,45,0,librarian,princess,honor,,,
item_01213,trans_P1_0242,P1,trans,topical,"The princess, the librarian honored.",18,27,4,12,28,35,4,12,18,27,1,librarian,princess,honor,,,
item_01214,trans_P1_0242,P1,trans,swap,The princess honored the librarian.,4,12,25,34,13,20,4,12,25,34,0,librarian,princess,honor,,,
item_01215,trans_P1_0243,P1,trans,active,The dancer welcomed the mechanic.,4,10,24,32,11,19,4,10,24,32,0,dancer,mechanic,welcome,,,
item_01216,trans_P1_0243,P1,trans,passive,The mechanic was welcomed by the dancer.,33,39,4,12,17,25,4,12,33,39,1,dancer,mechanic,welcome,,,
item_01217,trans_P1_0243,P1,trans,cleft,It was the dancer who welcomed the mechanic.,11,17,35,43,22,30,11,17,35,43,0,dancer,mechanic,welcome,,,
item_01218,trans_P1_0243,P1,trans,topical,"The mechanic, the dancer welcomed.",18,24,4,12,25,33,4,12,18,24,1,dancer,mechanic,welcome,,,
item_01219,trans_P1_0243,P1,trans,swap,The mechanic welcomed the dancer.,4,12,26,32,13,21,4,12,26,32,0,dancer,mechanic,welcome,,,
item_01220,trans_P1_0244,P1,trans,active,The athlete assisted the princess.,4,11,25,33,12,20,4,11,25,33,0,athlete,princess,assist,,,
item_01221,trans_P1_0244,P1,trans,passive,The princess was assisted by the athlete.,33,40,4,12,17,25,4,12,33,40,1,athlete,princess,assist,,,
item_01222,trans_P1_0244,P1,trans,cleft,It was the athlete who assisted the princess.,11,18,36,44,23,31,11,18,36,44,0,athlete,princess,assist,,,
item_01223,trans_P1_0244,P1,trans,topical,"The princess, the athlete assisted.",18,25,4,12,26,34,4,12,18,25,1,athlete,princess,assist,,,
item_01224,trans_P1_0244,P1,trans,swap,The princess assisted the athlete.,4,12,26,33,13,21,4,12,26,33,0,athlete,princess,assist,,,
item_01225,trans_P1_0245,P1,trans,active,The librarian welcomed the nurse.,4,13,27,32,14,22,4,13,27,32,0,librarian,nurse,welcome,,,
item_01226,trans_P1_0245,P1,trans,passive,The nurse was welcomed by the librarian.,30,39,4,9,14,22,4,9,30,39,1,librarian,nurse,welcome,,,
item_01227,trans_P1_0245,P1,trans,cleft,It was the librarian who welcomed the nurse.,11,20,38,43,25,33,11,20,38,43,0,librarian,nurse,welcome,,,
item_01228,trans_P1_0245,P1,trans,topical,"The nurse, the librarian welcomed.",15,24,4,9,25,33,4,9,15,24,1,librarian,nurse,welcome,,,
item_01229,trans_P1_0245,P1,trans,swap,The nurse welcomed the librarian.,4,9,23,32,10,18,4,9,23,32,0,librarian,nurse,welcome,,,
item_01230,trans_P1_0246,P1,trans,active,The broker respected the student.,4,10,25,32,11,20,4,10,25,32,0,broker,student,respect,,,
item_01231,trans_P1_0246,P1,trans,passive,The student was respected by the broker.,33,39,4,11,16,25,4,11,33,39,1,broker,student,respect,,,
item_01232,trans_P1_0246,P1,trans,cleft,It was the broker who respected the student.,11,17,36,43,22,31,11,17,36,43,0,broker,student,respect,,,
item_01233,trans_P1_0246,P1,trans,topical,"The student, the broker respected.",17,23,4,11,24,33,4,11,17,23,1,broker,student,respect,,,
item_01234,trans_P1_0246,P1,trans,swap,The student respected the broker.,4,11,26,32,12,21,4,11,26,32,0,broker,student,respect,,,
item_01235,trans_P1_0247,P1,trans,active,The tailor invited the sailor.,4,10,23,29,11,18,4,10,23,29,0,tailor,sailor,invite,,,
item_01236,trans_P1_0247,P1,trans,passive,The sailor was invited by the tailor.,30,36,4,10,15,22,4,10,30,36,1,tailor,sailor,invite,,,
item_01237,trans_P1_0247,P1,trans,cleft,It was the tailor who invited the sailor.,11,17,34,40,22,29,11,17,34,40,0,tailor,sailor,invite,,,
item_01238,trans_P1_0247,P1,trans,topical,"The sailor, the tailor invited.",16,22,4,10,23,30,4,10,16,22,1,tailor,sailor,invite,,,
item_01239,trans_P1_0247,P1,trans,swap,The sailor invited the tailor.,4,10,23,29,11,18,4,10,23,29,0,tailor,sailor,invite,,,
item_01240,trans_P1_0248,P1,trans,active,The coach informed the pharmacist.,4,9,23,33,10,18,4,9,23,33,0,coach,pharmacist,inform,,,
item_01241,trans_P1_0248,P1,trans,passive,The pharmacist was informed by the coach.,35,40,4,14,19,27,4,14,35,40,1,coach,pharmacist,inform,,,
item_01242,trans_P1_0248,P1,trans,cleft,It was the coach who informed the pharmacist.,11,16,34,44,21,29,11,16,34,44,0,coach,pharmacist,inform,,,
item_01243,trans_P1_0248,P1,trans,topical,"The pharmacist, the coach informed.",20,25,4,14,26,34,4,14,20,25,1,coach,pharmacist,inform,,,
item_01244,trans_P1_0248,P1,trans,swap,The pharmacist informed the coach.,4,14,28,33,15,23,4,14,28,33,0,coach,pharmacist,inform,,,
item_01245,trans_P1_0249,P1,trans,active,The client examined the engineer.,4,10,24,32,11,19,4,10,24,32,0,client,engineer,examine,,,
item_01246,trans_P1_0249,P1,trans,passive,The engineer was examined by the client.,33,39,4,12,17,25,4,12,33,39,1,client,engineer,examine,,,
item_01247,trans_P1_0249,P1,trans,cleft,It was the client who examined the engineer.,11,17,35,43,22,30,11,17,35,43,0,client,engineer,examine,,,
item_01248,trans_P1_0249,P1,trans,topical,"The engineer, the client examined.",18,24,4,12,25,33,4,12,18,24,1,client,engineer,examine,,,
item_01249,trans_P1_0249,P1,trans,swap,The engineer examined the client.,4,12,26,32,13,21,4,12,26,32,0,client,engineer,examine,,,
item_01250,trans_P1_0250,P1,trans,active,The curator praised the lawyer.,4,11,24,30,12,19,4,11,24,30,0,curator,lawyer,praise,,,
item_01251,trans_P1_0250,P1,trans,passive,The lawyer was praised by the curator.,30,37,4,10,15,22,4,10,30,37,1,curator,lawyer,praise,,,
item_01252,trans_P1_0250,P1,trans,cleft,It was the curator who praised the lawyer.,11,18,35,41,23,30,11,18,35,41,0,curator,lawyer,praise,,,
item_01253,trans_P1_0250,P1,trans,topical,"The lawyer, the curator praised.",16,23,4,10,24,31,4,10,16,23,1,curator,lawyer,praise,,,
item_01254,trans_P1_0250,P1,trans,swap,The lawyer praised the curator.,4,10,23,30,11,18,4,10,23,30,0,curator,lawyer,praise,,,
item_01255,trans_P1_0251,P1,trans,active,The baron assisted the nurse.,4,9,23,28,10,18,4,9,23,28,0,baron,nurse,assist,,,
item_01256,trans_P1_0251,P1,trans,passive,The nurse was assisted by the baron.,30,35,4,9,14,22,4,9,30,35,1,baron,nurse,assist,,,
item_01257,trans_P1_0251,P1,trans,cleft,It was the baron who assisted the nurse.,11,16,34,39,21,29,11,16,34,39,0,baron,nurse,assist,,,
item_01258,trans_P1_0251,P1,trans,topical,"The nurse, the baron assisted.",15,20,4,9,21,29,4,9,15,20,1,baron,nurse,assist,,,
item_01259,trans_P1_0251,P1,trans,swap,The nurse assisted the baron.,4,9,23,28,10,18,4,9,23,28,0,baron,nurse,assist,,,
item_01260,trans_P1_0252,P1,trans,active,The dancer informed the librarian.,4,10,24,33,11,19,4,10,24,33,0,dancer,librarian,inform,,,
item_01261,trans_P1_0252,P1,trans,passive,The librarian was informed by the dancer.,34,40,4,13,18,26,4,13,34,40,1,dancer,librarian,inform,,,
item_01262,trans_P1_0252,P1,trans,cleft,It was the dancer who informed the librarian.,11,17,35,44,22,30,11,17,35,44,0,dancer,librarian,inform,,,
item_01263,trans_P1_0252,P1,trans,topical,"The librarian, the dancer informed.",19,25,4,13,26,34,4,13,19,25,1,dancer,librarian,inform,,,
item_01264,trans_P1_0252,P1,trans,swap,The librarian informed the dancer.,4,13,27,33,14,22,4,13,27,33,0,dancer,librarian,inform,,,
item_01265,trans_P1_0253,P1,trans,active,The reporter honored the baron.,4,12,25,30,13,20,4,12,25,30,0,reporter,baron,honor,,,
item_01266,trans_P1_0253,P1,trans,passive,The baron was honored by the reporter.,29,37,4,9,14,21,4,9,29,37,1,reporter,baron,honor,,,
item_01267,trans_P1_0253,P1,trans,cleft,It was the reporter who honored the baron.,11,19,36,41,24,31,11,19,36,41,0,reporter,baron,honor,,,
item_01268,trans_P1_0253,P1,trans,topical,"The baron, the reporter honored.",15,23,4,9,24,31,4,9,15,23,1,reporter,baron,honor,,,
item_01269,trans_P1_0253,P1,trans,swap,The baron honored the reporter.,4,9,22,30,10,17,4,9,22,30,0,reporter,baron,honor,,,
item_01270,trans_P1_0254,P1,trans,active,The coach assisted the athlete.,4,9,23,30,10,18,4,9,23,30,0,coach,athlete,assist,,,
item_01271,trans_P1_0254,P1,trans,passive,The athlete was assisted by the coach.,32,37,4,11,16,24,4,11,32,37,1,coach,athlete,assist,,,
item_01272,trans_P1_0254,P1,trans,cleft,It was the coach who assisted the athlete.,11,16,34,41,21,29,11,16,34,41,0,coach,athlete,assist,,,
item_01273,trans_P1_0254,P1,trans,topical,"The athlete, the coach assisted.",17,22,4,11,23,31,4,11,17,22,1,coach,athlete,assist,,,
item_01274,trans_P1_0254,P1,trans,swap,The athlete assisted the coach.,4,11,25,30,12,20,4,11,25,30,0,coach,athlete,assist,,,
item_01275,trans_P1_0255,P1,trans,active,The rider invited the client.,4,9,22,28,10,17,4,9,22,28,0,rider,client,invite,,,
item_01276,trans_P1_0255,P1,trans,passive,The client was invited by the rider.,30,35,4,10,15,22,4,10,30,35,1,rider,client,invite,,,
item_01277,trans_P1_0255,P1,trans,cleft,It was the rider who invited the client.,11,16,33,39,21,28,11,16,33,39,0,rider,client,invite,,,
item_01278,trans_P1_0255,P1,trans,topical,"The client, the rider invited.",16,21,4,10,22,29,4,10,16,21,1,rider,client,invite,,,
item_01279,trans_P1_0255,P1,trans,swap,The client invited the rider.,4,10,23,28,11,18,4,10,23,28,0,rider,client,invite,,,
item_01280,trans_P1_0256,P1,trans,active,The broker assisted the client.,4,10,24,30,11,19,4,10,24,30,0,broker,client,assist,,,
item_01281,trans_P1_0256,P1,trans,passive,The client was assisted by the broker.,31,37,4,10,15,23,4,10,31,37,1,broker,client,assist,,,
item_01282,trans_P1_0256,P1,trans,cleft,It was the broker who assisted the client.,11,17,35,41,22,30,11,17,35,41,0,broker,client,assist,,,
item_01283,trans_P1_0256,P1,trans,topical,"The client, the broker assisted.",16,22,4,10,23,31,4,10,16,22,1,broker,client,assist,,,
item_01284,trans_P1_0256,P1,trans,swap,The client assisted the broker.,4,10,24,30,11,19,4,10,24,30,0,broker,client,assist,,,
item_01285,trans_P1_0257,P1,trans,active,The judge welcomed the waiter.,4,9,23,29,10,18,4,9,23,29,0,judge,waiter,welcome,,,
item_01286,trans_P1_0257,P1,trans,passive,The waiter was welcomed by the judge.,31,36,4,10,15,23,4,10,31,36,1,judge,waiter,welcome,,,
item_01287,trans_P1_0257,P1,trans,cleft,It was the judge who welcomed the waiter.,11,16,34,40,21,29,11,16,34,40,0,judge,waiter,welcome,,,
item_01288,trans_P1_0257,P1,trans,topical,"The waiter, the judge welcomed.",16,21,4,10,22,30,4,10,16,21,1,judge,waiter,welcome,,,
item_01289,trans_P1_0257,P1,trans,swap,The waiter welcomed the judge.,4,10,24,29,11,19,4,10,24,29,0,judge,waiter,welcome,,,
item_01290,trans_P1_0258,P1,trans,active,The nurse guided the judge.,4,9,21,26,10,16,4,9,21,26,0,nurse,judge,guide,,,
item_01291,trans_P1_0258,P1,trans,passive,The judge was guided by the nurse.,28,33,4,9,14,20,4,9,28,33,1,nurse,judge,guide,,,
item_01292,trans_P1_0258,P1,trans,cleft,It was the nurse who guided the judge.,11,16,32,37,21,27,11,16,32,37,0,nurse,judge,guide,,,
item_01293,trans_P1_0258,P1,trans,topical,"The judge, the nurse guided.",15,20,4,9,21,27,4,9,15,20,1,nurse,judge,guide,,,
item_01294,trans_P1_0258,P1,trans,swap,The judge guided the nurse.,4,9,21,26,10,16,4,9,21,26,0,nurse,judge,guide,,,
item_01295,trans_P1_0259,P1,trans,active,The princess respected the neighbor.,4,12,27,35,13,22,4,12,27,35,0,princess,neighbor,respect,,,
item_01296,trans_P1_0259,P1,trans,passive,The neighbor was respected by the princess.,34,42,4,12,17,26,4,12,34,42,1,princess,neighbor,respect,,,
item_01297,trans_P1_0259,P1,trans,cleft,It was the princess who respected the neighbor.,11,19,38,46,24,33,11,19,38,46,0,princess,neighbor,respect,,,
item_01298,trans_P1_0259,P1,trans,topical,"The neighbor, the princess respected.",18,26,4,12,27,36,4,12,18,26,1,princess,neighbor,respect,,,
item_01299,trans_P1_0259,P1,trans,swap,The neighbor respected the princess.,4,12,27,35,13,22,4,12,27,35,0,princess,neighbor,respect,,,
item_01300,trans_P1_0260,P1,trans,active,The passenger guided the coach.,4,13,25,30,14,20,4,13,25,30,0,passenger,coach,guide,,,
item_01301,trans_P1_0260,P1,trans,passive,The coach was guided by the passenger.,28,37,4,9,14,20,4,9,28,37,1,passenger,coach,guide,,,
item_01302,trans_P1_0260,P1,trans,cleft,It was the passenger who guided the coach.,11,20,36,41,25,31,11,20,36,41,0,passenger,coach,guide,,,
item_01303,trans_P1_0260,P1,trans,topical,"The coach, the passenger guided.",15,24,4,9,25,31,4,9,15,24,1,passenger,coach,guide,,,
item_01304,trans_P1_0260,P1,trans,swap,The coach guided the passenger.,4,9,21,30,10,16,4,9,21,30,0,passenger,coach,guide,,,
item_01305,trans_P1_0261,P1,trans,active,The musician welcomed the baron.,4,12,26,31,13,21,4,12,26,31,0,musician,baron,welcome,,,
item_01306,trans_P1_0261,P1,trans,passive,The baron was welcomed by the musician.,30,38,4,9,14,22,4,9,30,38,1,musician,baron,welcome,,,
item_01307,trans_P1_0261,P1,trans,cleft,It was the musician who welcomed the baron.,11,19,37,42,24,32,11,19,37,42,0,musician,baron,welcome,,,
item_01308,trans_P1_0261,P1,trans,topical,"The baron, the musician welcomed.",15,23,4,9,24,32,4,9,15,23,1,musician,baron,welcome,,,
item_01309,trans_P1_0261,P1,trans,swap,The baron welcomed the musician.,4,9,23,31,10,18,4,9,23,31,0,musician,baron,welcome,,,
item_01310,trans_P1_0262,P1,trans,active,The customer invited the soldier.,4,12,25,32,13,20,4,12,25,32,0,customer,soldier,invite,,,
item_01311,trans_P1_0262,P1,trans,passive,The soldier was invited by the customer.,31,39,4,11,16,23,4,11,31,39,1,customer,soldier,invite,,,
item_01312,trans_P1_0262,P1,trans,cleft,It was the customer who invited the soldier.,11,19,36,43,24,31,11,19,36,43,0,customer,soldier,invite,,,
item_01313,trans_P1_0262,P1,trans,topical,"The soldier, the customer invited.",17,25,4,11,26,33,4,11,17,25,1,customer,soldier,invite,,,
item_01314,trans_P1_0262,P1,trans,swap,The soldier invited the customer.,4,11,24,32,12,19,4,11,24,32,0,customer,soldier,invite,,,
item_01315,trans_P1_0263,P1,trans,active,The curator guided the baron.,4,11,23,28,12,18,4,11,23,28,0,curator,baron,guide,,,
item_01316,trans_P1_0263,P1,trans,passive,The baron was guided by the curator.,28,35,4,9,14,20,4,9,28,35,1,curator,baron,guide,,,
item_01317,trans_P1_0263,P1,trans,cleft,It was the curator who guided the baron.,11,18,34,39,23,29,11,18,34,39,0,curator,baron,guide,,,
item_01318,trans_P1_0263,P1,trans,topical,"The baron, the curator guided.",15,22,4,9,23,29,4,9,15,22,1,curator,baron,guide,,,
item_01319,trans_P1_0263,P1,trans,swap,The baron guided the curator.,4,9,21,28,10,16,4,9,21,28,0,curator,baron,guide,,,
item_01320,trans_P1_0264,P1,trans,active,The singer greeted the lawyer.,4,10,23,29,11,18,4,10,23,29,0,singer,lawyer,greet,,,
item_01321,trans_P1_0264,P1,trans,passive,The lawyer was greeted by the singer.,30,36,4,10,15,22,4,10,30,36,1,singer,lawyer,greet,,,
item_01322,trans_P1_0264,P1,trans,cleft,It was the singer who greeted the lawyer.,11,17,34,40,22,29,11,17,34,40,0,singer,lawyer,greet,,,
item_01323,trans_P1_0264,P1,trans,topical,"The lawyer, the singer greeted.",16,22,4,10,23,30,4,10,16,22,1,singer,lawyer,greet,,,
item_01324,trans_P1_0264,P1,trans,swap,The lawyer greeted the singer.,4,10,23,29,11,18,4,10,23,29,0,singer,lawyer,greet,,,
item_01325,trans_P1_0265,P1,trans,active,The princess examined the manager.,4,12,26,33,13,21,4,12,26,33,0,princess,manager,examine,,,
item_01326,trans_P1_0265,P1,trans,passive,The manager was examined by the princess.,32,40,4,11,16,24,4,11,32,40,1,princess,manager,examine,,,
item_01327,trans_P1_0265,P1,trans,cleft,It was the princess who examined the manager.,11,19,37,44,24,32,11,19,37,44,0,princess,manager,examine,,,
item_01328,trans_P1_0265,P1,trans,topical,"The manager, the princess examined.",17,25,4,11,26,34,4,11,17,25,1,princess,manager,examine,,,
item_01329,trans_P1_0265,P1,trans,swap,The manager examined the princess.,4,11,25,33,12,20,4,11,25,33,0,princess,manager,examine,,,
item_01330,trans_P1_0266,P1,trans,active,The nurse honored the waiter.,4,9,22,28,10,17,4,9,22,28,0,nurse,waiter,honor,,,
item_01331,trans_P1_0266,P1,trans,passive,The waiter was honored by the nurse.,30,35,4,10,15,22,4,10,30,35,1,nurse,waiter,honor,,,
item_01332,trans_P1_0266,P1,trans,cleft,It was the nurse who honored the waiter.,11,16,33,39,21,28,11,16,33,39,0,nurse,waiter,honor,,,
item_01333,trans_P1_0266,P1,trans,topical,"The waiter, the nurse honored.",16,21,4,10,22,29,4,10,16,21,1,nurse,waiter,honor,,,
item_01334,trans_P1_0266,P1,trans,swap,The waiter honored the nurse.,4,10,23,28,11,18,4,10,23,28,0,nurse,waiter,honor,,,
item_01335,trans_P1_0267,P1,trans,active,The singer examined the student.,4,10,24,31,11,19,4,10,24,31,0,singer,student,examine,,,
item_01336,trans_P1_0267,P1,trans,passive,The student was examined by the singer.,32,38,4,11,16,24,4,11,32,38,1,singer,student,examine,,,
item_01337,trans_P1_0267,P1,trans,cleft,It was the singer who examined the student.,11,17,35,42,22,30,11,17,35,42,0,singer,student,examine,,,
item_01338,trans_P1_0267,P1,trans,topical,"The student, the singer examined.",17,23,4,11,24,32,4,11,17,23,1,singer,student,examine,,,
item_01339,trans_P1_0267,P1,trans,swap,The student examined the singer.,4,11,25,31,12,20,4,11,25,31,0,singer,student,examine,,,
item_01340,trans_P1_0268,P1,trans,active,The customer praised the client.,4,12,25,31,13,20,4,12,25,31,0,customer,client,praise,,,
item_01341,trans_P1_0268,P1,trans,passive,The client was praised by the customer.,30,38,4,10,15,22,4,10,30,38,1,customer,client,praise,,,
item_01342,trans_P1_0268,P1,trans,cleft,It was the customer who praised the client.,11,19,36,42,24,31,11,19,36,42,0,customer,client,praise,,,
item_01343,trans_P1_0268,P1,trans,topical,"The client, the customer praised.",16,24,4,10,25,32,4,10,16,24,1,customer,client,praise,,,
item_01344,trans_P1_0268,P1,trans,swap,The client praised the customer.,4,10,23,31,11,18,4,10,23,31,0,customer,client,praise,,,
item_01345,trans_P1_0269,P1,trans,active,The knight examined the curator.,4,10,24,31,11,19,4,10,24,31,0,knight,curator,examine,,,
item_01346,trans_P1_0269,P1,trans,passive,The curator was examined by the knight.,32,38,4,11,16,24,4,11,32,38,1,knight,curator,examine,,,
item_01347,trans_P1_0269,P1,trans,cleft,It was the knight who examined the curator.,11,17,35,42,22,30,11,17,35,42,0,knight,curator,examine,,,
item_01348,trans_P1_0269,P1,trans,topical,"The curator, the knight examined.",17,23,4,11,24,32,4,11,17,23,1,knight,curator,examine,,,
item_01349,trans_P1_0269,P1,trans,swap,The curator examined the knight.,4,11,25,31,12,20,4,11,25,31,0,knight,curator,examine,,,
item_01350,trans_P1_0270,P1,trans,active,The partner invited the broker.,4,11,24,30,12,19,4,11,24,30,0,partner,broker,invite,,,
item_01351,trans_P1_0270,P1,trans,passive,The broker was invited by the partner.,30,37,4,10,15,22,4,10,30,37,1,partner,broker,invite,,,
item_01352,trans_P1_0270,P1,trans,cleft,It was the partner who invited the broker.,11,18,35,41,23,30,11,18,35,41,0,partner,broker,invite,,,
item_01353,trans_P1_0270,P1,trans,topical,"The broker, the partner invited.",16,23,4,10,24,31,4,10,16,23,1,partner,broker,invite,,,
item_01354,trans_P1_0270,P1,trans,swap,The broker invited the partner.,4,10,23,30,11,18,4,10,23,30,0,partner,broker,invite,,,
item_01355,trans_P1_0271,P1,trans,active,The client invited the pharmacist.,4,10,23,33,11,18,4,10,23,33,0,client,pharmacist,invite,,,
item_01356,trans_P1_0271,P1,trans,passive,The pharmacist was invited by the client.,34,40,4,14,19,26,4,14,34,40,1,client,pharmacist,invite,,,
item_01357,trans_P1_0271,P1,trans,cleft,It was the client who invited the pharmacist.,11,17,34,44,22,29,11,17,34,44,0,client,pharmacist,invite,,,
item_01358,trans_P1_0271,P1,trans,topical,"The pharmacist, the client invited.",20,26,4,14,27,34,4,14,20,26,1,client,pharmacist,invite,,,
item_01359,trans_P1_0271,P1,trans,swap,The pharmacist invited the client.,4,14,27,33,15,22,4,14,27,33,0,client,pharmacist,invite,,,
item_01360,trans_P1_0272,P1,trans,active,The judge guided the sailor.,4,9,21,27,10,16,4,9,21,27,0,judge,sailor,guide,,,
item_01361,trans_P1_0272,P1,trans,passive,The sailor was guided by the judge.,29,34,4,10,15,21,4,10,29,34,1,judge,sailor,guide,,,
item_01362,trans_P1_0272,P1,trans,cleft,It was the judge who guided the sailor.,11,16,32,38,21,27,11,16,32,38,0,judge,sailor,guide,,,
item_01363,trans_P1_0272,P1,trans,topical,"The sailor, the judge guided.",16,21,4,10,22,28,4,10,16,21,1,judge,sailor,guide,,,
item_01364,trans_P1_0272,P1,trans,swap,The sailor guided the judge.,4,10,22,27,11,17,4,10,22,27,0,judge,sailor,guide,,,
item_01365,trans_P1_0273,P1,trans,active,The customer described the sailor.,4,12,27,33,13,22,4,12,27,33,0,customer,sailor,describe,,,
item_01366,trans_P1_0273,P1,trans,passive,The sailor was described by the customer.,32,40,4,10,15,24,4,10,32,40,1,customer,sailor,describe,,,
item_01367,trans_P1_0273,P1,trans,cleft,It was the customer who described the sailor.,11,19,38,44,24,33,11,19,38,44,0,customer,sailor,describe,,,
item_01368,trans_P1_0273,P1,trans,topical,"The sailor, the customer described.",16,24,4,10,25,34,4,10,16,24,1,customer,sailor,describe,,,
item_01369,trans_P1_0273,P1,trans,swap,The sailor described the customer.,4,10,25,33,11,20,4,10,25,33,0,customer,sailor,describe,,,
item_01370,trans_P1_0274,P1,trans,active,The princess greeted the knight.,4,12,25,31,13,20,4,12,25,31,0,princess,knight,greet,,,
item_01371,trans_P1_0274,P1,trans,passive,The knight was greeted by the princess.,30,38,4,10,15,22,4,10,30,38,1,princess,knight,greet,,,
item_01372,trans_P1_0274,P1,trans,cleft,It was the princess who greeted the knight.,11,19,36,42,24,31,11,19,36,42,0,princess,knight,greet,,,
item_01373,trans_P1_0274,P1,trans,topical,"The knight, the princess greeted.",16,24,4,10,25,32,4,10,16,24,1,princess,knight,greet,,,
item_01374,trans_P1_0274,P1,trans,swap,The knight greeted the princess.,4,10,23,31,11,18,4,10,23,31,0,princess,knight,greet,,,
item_01375,trans_P1_0275,P1,trans,active,The sailor honored the curator.,4,10,23,30,11,18,4,10,23,30,0,sailor,curator,honor,,,
item_01376,trans_P1_0275,P1,trans,passive,The curator was honored by the sailor.,31,37,4,11,16,23,4,11,31,37,1,sailor,curator,honor,,,
item_01377,trans_P1_0275,P1,trans,cleft,It was the sailor who honored the curator.,11,17,34,41,22,29,11,17,34,41,0,sailor,curator,honor,,,
item_01378,trans_P1_0275,P1,trans,topical,"The curator, the sailor honored.",17,23,4,11,24,31,4,11,17,23,1,sailor,curator,honor,,,
item_01379,trans_P1_0275,P1,trans,swap,The curator honored the sailor.,4,11,24,30,12,19,4,11,24,30,0,sailor,curator,honor,,,
item_01380,trans_P1_0276,P1,trans,active,The partner examined the princess.,4,11,25,33,12,20,4,11,25,33,0,partner,princess,examine,,,
item_01381,trans_P1_0276,P1,trans,passive,The princess was examined by the partner.,33,40,4,12,17,25,4,12,33,40,1,partner,princess,examine,,,
item_01382,trans_P1_0276,P1,trans,cleft,It was the partner who examined the princess.,11,18,36,44,23,31,11,18,36,44,0,partner,princess,examine,,,
item_01383,trans_P1_0276,P1,trans,topical,"The princess, the partner examined.",18,25,4,12,26,34,4,12,18,25,1,partner,princess,examine,,,
item_01384,trans_P1_0276,P1,trans,swap,The princess examined the partner.,4,12,26,33,13,21,4,12,26,33,0,partner,princess,examine,,,
item_01385,trans_P1_0277,P1,trans,active,The judge invited the customer.,4,9,22,30,10,17,4,9,22,30,0,judge,customer,invite,,,
item_01386,trans_P1_0277,P1,trans,passive,The customer was invited by the judge.,32,37,4,12,17,24,4,12,32,37,1,judge,customer,invite,,,
item_01387,trans_P1_0277,P1,trans,cleft,It was the judge who invited the customer.,11,16,33,41,21,28,11,16,33,41,0,judge,customer,invite,,,
item_01388,trans_P1_0277,P1,trans,topical,"The customer, the judge invited.",18,23,4,12,24,31,4,12,18,23,1,judge,customer,invite,,,
item_01389,trans_P1_0277,P1,trans,swap,The customer invited the judge.,4,12,25,30,13,20,4,12,25,30,0,judge,customer,invite,,,
item_01390,trans_P1_0278,P1,trans,active,The coach trusted the waiter.,4,9,22,28,10,17,4,9,22,28,0,coach,waiter,trust,,,
item_01391,trans_P1_0278,P1,trans,passive,The waiter was trusted by the coach.,30,35,4,10,15,22,4,10,30,35,1,coach,waiter,trust,,,
item_01392,trans_P1_0278,P1,trans,cleft,It was the coach who trusted the waiter.,11,16,33,39,21,28,11,16,33,39,0,coach,waiter,trust,,,
item_01393,trans_P1_0278,P1,trans,topical,"The waiter, the coach trusted.",16,21,4,10,22,29,4,10,16,21,1,coach,waiter,trust,,,
item_01394,trans_P1_0278,P1,trans,swap,The waiter trusted the coach.,4,10,23,28,11,18,4,10,23,28,0,coach,waiter,trust,,,
item_01395,trans_P1_0279,P1,trans,active,The partner examined the judge.,4,11,25,30,12,20,4,11,25,30,0,partner,judge,examine,,,
item_01396,trans_P1_0279,P1,trans,passive,The judge was examined by the partner.,30,37,4,9,14,22,4,9,30,37,1,partner,judge,examine,,,
item_01397,trans_P1_0279,P1,trans,cleft,It was the partner who examined the judge.,11,18,36,41,23,31,11,18,36,41,0,partner,judge,examine,,,
item_01398,trans_P1_0279,P1,trans,topical,"The judge, the partner examined.",15,22,4,9,23,31,4,9,15,22,1,partner,judge,examine,,,
item_01399,trans_P1_0279,P1,trans,swap,The judge examined the partner.,4,9,23,30,10,18,4,9,23,30,0,partner,judge,examine,,,
item_01400,trans_P1_0280,P1,trans,active,The client examined the historian.,4,10,24,33,11,19,4,10,24,33,0,client,historian,examine,,,
item_01401,trans_P1_0280,P1,trans,passive,The historian was examined by the client.,34,40,4,13,18,26,4,13,34,40,1,client,historian,examine,,,
item_01402,trans_P1_0280,P1,trans,cleft,It was the client who examined the historian.,11,17,35,44,22,30,11,17,35,44,0,client,historian,examine,,,
item_01403,trans_P1_0280,P1,trans,topical,"The historian, the client examined.",19,25,4,13,26,34,4,13,19,25,1,client,historian,examine,,,
item_01404,trans_P1_0280,P1,trans,swap,The historian examined the client.,4,13,27,33,14,22,4,13,27,33,0,client,historian,examine,,,
item_01405,trans_P1_0281,P1,trans,active,The partner respected the musician.,4,11,26,34,12,21,4,11,26,34,0,partner,musician,respect,,,
item_01406,trans_P1_0281,P1,trans,passive,The musician was respected by the partner.,34,41,4,12,17,26,4,12,34,41,1,partner,musician,respect,,,
item_01407,trans_P1_0281,P1,trans,cleft,It was the partner who respected the musician.,11,18,37,45,23,32,11,18,37,45,0,partner,musician,respect,,,
item_01408,trans_P1_0281,P1,trans,topical,"The musician, the partner respected.",18,25,4,12,26,35,4,12,18,25,1,partner,musician,respect,,,
item_01409,trans_P1_0281,P1,trans,swap,The musician respected the partner.,4,12,27,34,13,22,4,12,27,34,0,partner,musician,respect,,,
item_01410,trans_P1_0282,P1,trans,active,The princess invited the athlete.,4,12,25,32,13,20,4,12,25,32,0,princess,athlete,invite,,,
item_01411,trans_P1_0282,P1,trans,passive,The athlete was invited by the princess.,31,39,4,11,16,23,4,11,31,39,1,princess,athlete,invite,,,
item_01412,trans_P1_0282,P1,trans,cleft,It was the princess who invited the athlete.,11,19,36,43,24,31,11,19,36,43,0,princess,athlete,invite,,,
item_01413,trans_P1_0282,P1,trans,topical,"The athlete, the princess invited.",17,25,4,11,26,33,4,11,17,25,1,princess,athlete,invite,,,
item_01414,trans_P1_0282,P1,trans,swap,The athlete invited the princess.,4,11,24,32,12,19,4,11,24,32,0,princess,athlete,invite,,,
item_01415,trans_P1_0283,P1,trans,active,The athlete assisted the sailor.,4,11,25,31,12,20,4,11,25,31,0,athlete,sailor,assist,,,
item_01416,trans_P1_0283,P1,trans,passive,The sailor was assisted by the athlete.,31,38,4,10,15,23,4,10,31,38,1,athlete,sailor,assist,,,
item_01417,trans_P1_0283,P1,trans,cleft,It was the athlete who assisted the sailor.,11,18,36,42,23,31,11,18,36,42,0,athlete,sailor,assist,,,
item_01418,trans_P1_0283,P1,trans,topical,"The sailor, the athlete assisted.",16,23,4,10,24,32,4,10,16,23,1,athlete,sailor,assist,,,
item_01419,trans_P1_0283,P1,trans,swap,The sailor assisted the athlete.,4,10,24,31,11,19,4,10,24,31,0,athlete,sailor,assist,,,
item_01420,trans_P1_0284,P1,trans,active,The sailor described the singer.,4,10,25,31,11,20,4,10,25,31,0,sailor,singer,describe,,,
item_01421,trans_P1_0284,P1,trans,passive,The singer was described by the sailor.,32,38,4,10,15,24,4,10,32,38,1,sailor,singer,describe,,,
item_01422,trans_P1_0284,P1,trans,cleft,It was the sailor who described the singer.,11,17,36,42,22,31,11,17,36,42,0,sailor,singer,describe,,,
item_01423,trans_P1_0284,P1,trans,topical,"The singer, the sailor described.",16,22,4,10,23,32,4,10,16,22,1,sailor,singer,describe,,,
item_01424,trans_P1_0284,P1,trans,swap,The singer described the sailor.,4,10,25,31,11,20,4,10,25,31,0,sailor,singer,describe,,,
item_01425,trans_P1_0285,P1,trans,active,The rider assisted the librarian.,4,9,23,32,10,18,4,9,23,32,0,rider,librarian,assist,,,
item_01426,trans_P1_0285,P1,trans,passive,The librarian was assisted by the rider.,34,39,4,13,18,26,4,13,34,39,1,rider,librarian,assist,,,
item_01427,trans_P1_0285,P1,trans,cleft,It was the rider who assisted the librarian.,11,16,34,43,21,29,11,16,34,43,0,rider,librarian,assist,,,
item_01428,trans_P1_0285,P1,trans,topical,"The librarian, the rider assisted.",19,24,4,13,25,33,4,13,19,24,1,rider,librarian,assist,,,
item_01429,trans_P1_0285,P1,trans,swap,The librarian assisted the rider.,4,13,27,32,14,22,4,13,27,32,0,rider,librarian,assist,,,
item_01430,trans_P1_0286,P1,trans,active,The mayor praised the duke.,4,9,22,26,10,17,4,9,22,26,0,mayor,duke,praise,,,
item_01431,trans_P1_0286,P1,trans,passive,The duke was praised by the mayor.,28,33,4,8,13,20,4,8,28,33,1,mayor,duke,praise,,,
item_01432,trans_P1_0286,P1,trans,cleft,It was the mayor who praised the duke.,11,16,33,37,21,28,11,16,33,37,0,mayor,duke,praise,,,
item_01433,trans_P1_0286,P1,trans,topical,"The duke, the mayor praised.",14,19,4,8,20,27,4,8,14,19,1,mayor,duke,praise,,,
item_01434,trans_P1_0286,P1,trans,swap,The duke praised the mayor.,4,8,21,26,9,16,4,8,21,26,0,mayor,duke,praise,,,
item_01435,trans_P1_0287,P1,trans,active,The tailor guided the athlete.,4,10,22,29,11,17,4,10,22,29,0,tailor,athlete,guide,,,
item_01436,trans_P1_0287,P1,trans,passive,The athlete was guided by the tailor.,30,36,4,11,16,22,4,11,30,36,1,tailor,athlete,guide,,,
item_01437,trans_P1_0287,P1,trans,cleft,It was the tailor who guided the athlete.,11,17,33,40,22,28,11,17,33,40,0,tailor,athlete,guide,,,
item_01438,trans_P1_0287,P1,trans,topical,"The athlete, the tailor guided.",17,23,4,11,24,30,4,11,17,23,1,tailor,athlete,guide,,,
item_01439,trans_P1_0287,P1,trans,swap,The athlete guided the tailor.,4,11,23,29,12,18,4,11,23,29,0,tailor,athlete,guide,,,
item_01440,trans_P1_0288,P1,trans,active,The baron examined the broker.,4,9,23,29,10,18,4,9,23,29,0,baron,broker,examine,,,
item_01441,trans_P1_0288,P1,trans,passive,The broker was examined by the baron.,31,36,4,10,15,23,4,10,31,36,1,baron,broker,examine,,,
item_01442,trans_P1_0288,P1,trans,cleft,It was the baron who examined the broker.,11,16,34,40,21,29,11,16,34,40,0,baron,broker,examine,,,
item_01443,trans_P1_0288,P1,trans,topical,"The broker, the baron examined.",16,21,4,10,22,30,4,10,16,21,1,baron,broker,examine,,,
item_01444,trans_P1_0288,P1,trans,swap,The broker examined the baron.,4,10,24,29,11,19,4,10,24,29,0,baron,broker,examine,,,
item_01445,trans_P1_0289,P1,trans,active,The curator invited the athlete.,4,11,24,31,12,19,4,11,24,31,0,curator,athlete,invite,,,
item_01446,trans_P1_0289,P1,trans,passive,The athlete was invited by the curator.,31,38,4,11,16,23,4,11,31,38,1,curator,athlete,invite,,,
item_01447,trans_P1_0289,P1,trans,cleft,It was the curator who invited the athlete.,11,18,35,42,23,30,11,18,35,42,0,curator,athlete,invite,,,
item_01448,trans_P1_0289,P1,trans,topical,"The athlete, the curator invited.",17,24,4,11,25,32,4,11,17,24,1,curator,athlete,invite,,,
item_01449,trans_P1_0289,P1,trans,swap,The athlete invited the curator.,4,11,24,31,12,19,4,11,24,31,0,curator,athlete,invite,,,
item_01450,trans_P1_0290,P1,trans,active,The client informed the reporter.,4,10,24,32,11,19,4,10,24,32,0,client,reporter,inform,,,
item_01451,trans_P1_0290,P1,trans,passive,The reporter was informed by the client.,33,39,4,12,17,25,4,12,33,39,1,client,reporter,inform,,,
item_01452,trans_P1_0290,P1,trans,cleft,It was the client who informed the reporter.,11,17,35,43,22,30,11,17,35,43,0,client,reporter,inform,,,
item_01453,trans_P1_0290,P1,trans,topical,"The reporter, the client informed.",18,24,4,12,25,33,4,12,18,24,1,client,reporter,inform,,,
item_01454,trans_P1_0290,P1,trans,swap,The reporter informed the client.,4,12,26,32,13,21,4,12,26,32,0,client,reporter,inform,,,
item_01455,trans_P1_0291,P1,trans,active,The librarian respected the lawyer.,4,13,28,34,14,23,4,13,28,34,0,librarian,lawyer,respect,,,
item_01456,trans_P1_0291,P1,trans,passive,The lawyer was respected by the librarian.,32,41,4,10,15,24,4,10,32,41,1,librarian,lawyer,respect,,,
item_01457,trans_P1_0291,P1,trans,cleft,It was the librarian who respected the lawyer.,11,20,39,45,25,34,11,20,39,45,0,librarian,lawyer,respect,,,
item_01458,trans_P1_0291,P1,trans,topical,"The lawyer, the librarian respected.",16,25,4,10,26,35,4,10,16,25,1,librarian,lawyer,respect,,,
item_01459,trans_P1_0291,P1,trans,swap,The lawyer respected the librarian.,4,10,25,34,11,20,4,10,25,34,0,librarian,lawyer,respect,,,
item_01460,trans_P1_0292,P1,trans,active,The coach respected the queen.,4,9,24,29,10,19,4,9,24,29,0,coach,queen,respect,,,
item_01461,trans_P1_0292,P1,trans,passive,The queen was respected by the coach.,31,36,4,9,14,23,4,9,31,36,1,coach,queen,respect,,,
item_01462,trans_P1_0292,P1,trans,cleft,It was the coach who respected the queen.,11,16,35,40,21,30,11,16,35,40,0,coach,queen,respect,,,
item_01463,trans_P1_0292,P1,trans,topical,"The queen, the coach respected.",15,20,4,9,21,30,4,9,15,20,1,coach,queen,respect,,,
item_01464,trans_P1_0292,P1,trans,swap,The queen respected the coach.,4,9,24,29,10,19,4,9,24,29,0,coach,queen,respect,,,
item_01465,trans_P1_0293,P1,trans,active,The customer described the mayor.,4,12,27,32,13,22,4,12,27,32,0,customer,mayor,describe,,,
item_01466,trans_P1_0293,P1,trans,passive,The mayor was described by the customer.,31,39,4,9,14,23,4,9,31,39,1,customer,mayor,describe,,,
item_01467,trans_P1_0293,P1,trans,cleft,It was the customer who described the mayor.,11,19,38,43,24,33,11,19,38,43,0,customer,mayor,describe,,,
item_01468,trans_P1_0293,P1,trans,topical,"The mayor, the customer described.",15,23,4,9,24,33,4,9,15,23,1,customer,mayor,describe,,,
item_01469,trans_P1_0293,P1,trans,swap,The mayor described the customer.,4,9,24,32,10,19,4,9,24,32,0,customer,mayor,describe,,,
item_01470,trans_P1_0294,P1,trans,active,The coach welcomed the baron.,4,9,23,28,10,18,4,9,23,28,0,coach,baron,welcome,,,
item_01471,trans_P1_0294,P1,trans,passive,The baron was welcomed by the coach.,30,35,4,9,14,22,4,9,30,35,1,coach,baron,welcome,,,
item_01472,trans_P1_0294,P1,trans,cleft,It was the coach who welcomed the baron.,11,16,34,39,21,29,11,16,34,39,0,coach,baron,welcome,,,
item_01473,trans_P1_0294,P1,trans,topical,"The baron, the coach welcomed.",15,20,4,9,21,29,4,9,15,20,1,coach,baron,welcome,,,
item_01474,trans_P1_0294,P1,trans,swap,The baron welcomed the coach.,4,9,23,28,10,18,4,9,23,28,0,coach,baron,welcome,,,
item_01475,trans_P1_0295,P1,trans,active,The nurse guided the rider.,4,9,21,26,10,16,4,9,21,26,0,nurse,rider,guide,,,
item_01476,trans_P1_0295,P1,trans,passive,The rider was guided by the nurse.,28,33,4,9,14,20,4,9,28,33,1,nurse,rider,guide,,,
item_01477,trans_P1_0295,P1,trans,cleft,It was the nurse who guided the rider.,11,16,32,37,21,27,11,16,32,37,0,nurse,rider,guide,,,
item_01478,trans_P1_0295,P1,trans,topical,"The rider, the nurse guided.",15,20,4,9,21,27,4,9,15,20,1,nurse,rider,guide,,,
item_01479,trans_P1_0295,P1,trans,swap,The rider guided the nurse.,4,9,21,26,10,16,4,9,21,26,0,nurse,rider,guide,,,
item_01480,trans_P1_0296,P1,trans,active,The sailor assisted the librarian.,4,10,24,33,11,19,4,10,24,33,0,sailor,librarian,assist,,,
item_01481,trans_P1_0296,P1,trans,passive,The librarian was assisted by the sailor.,34,40,4,13,18,26,4,13,34,40,1,sailor,librarian,assist,,,
item_01482,trans_P1_0296,P1,trans,cleft,It was the sailor who assisted the librarian.,11,17,35,44,22,30,11,17,35,44,0,sailor,librarian,assist,,,
item_01483,trans_P1_0296,P1,trans,topical,"The librarian, the sailor assisted.",19,25,4,13,26,34,4,13,19,25,1,sailor,librarian,assist,,,
item_01484,trans_P1_0296,P1,trans,swap,The librarian assisted the sailor.,4,13,27,33,14,22,4,13,27,33,0,sailor,librarian,assist,,,
item_01485,trans_P1_0297,P1,trans,active,The driver honored the partner.,4,10,23,30,11,18,4,10,23,30,0,driver,partner,honor,,,
item_01486,trans_P1_0297,P1,trans,passive,The partner was honored by the driver.,31,37,4,11,16,23,4,11,31,37,1,driver,partner,honor,,,
item_01487,trans_P1_0297,P1,trans,cleft,It was the driver who honored the partner.,11,17,34,41,22,29,11,17,34,41,0,driver,partner,honor,,,
item_01488,trans_P1_0297,P1,trans,topical,"The partner, the driver honored.",17,23,4,11,24,31,4,11,17,23,1,driver,partner,honor,,,
item_01489,trans_P1_0297,P1,trans,swap,The partner honored the driver.,4,11,24,30,12,19,4,11,24,30,0,driver,partner,honor,,,
item_01490,trans_P1_0298,P1,trans,active,The librarian trusted the manager.,4,13,26,33,14,21,4,13,26,33,0,librarian,manager,trust,,,
item_01491,trans_P1_0298,P1,trans,passive,The manager was trusted by the librarian.,31,40,4,11,16,23,4,11,31,40,1,librarian,manager,trust,,,
item_01492,trans_P1_0298,P1,trans,cleft,It was the librarian who trusted the manager.,11,20,37,44,25,32,11,20,37,44,0,librarian,manager,trust,,,
item_01493,trans_P1_0298,P1,trans,topical,"The manager, the librarian trusted.",17,26,4,11,27,34,4,11,17,26,1,librarian,manager,trust,,,
item_01494,trans_P1_0298,P1,trans,swap,The manager trusted the librarian.,4,11,24,33,12,19,4,11,24,33,0,librarian,manager,trust,,,
item_01495,trans_P1_0299,P1,trans,active,The customer honored the neighbor.,4,12,25,33,13,20,4,12,25,33,0,customer,neighbor,honor,,,
item_01496,trans_P1_0299,P1,trans,passive,The neighbor was honored by the customer.,32,40,4,12,17,24,4,12,32,40,1,customer,neighbor,honor,,,
item_01497,trans_P1_0299,P1,trans,cleft,It was the customer who honored the neighbor.,11,19,36,44,24,31,11,19,36,44,0,customer,neighbor,honor,,,
item_01498,trans_P1_0299,P1,trans,topical,"The neighbor, the customer honored.",18,26,4,12,27,34,4,12,18,26,1,customer,neighbor,honor,,,
item_01499,trans_P1_0299,P1,trans,swap,The neighbor honored the customer.,4,12,25,33,13,20,4,12,25,33,0,customer,neighbor,honor,,,
item_01500,dat_P1_0000,P1,dat,dat_pp,The athlete granted the diagram to the widower.,4,11,24,31,12,19,4,11,24,31,0,athlete,,grant,diagram,widower,
item_01501,dat_P1_0000,P1,dat,dat_do,The athlete granted the widower the diagram.,4,11,36,43,12,19,4,11,36,43,0,athlete,,grant,diagram,widower,
item_01502,dat_P1_0001,P1,dat,dat_pp,The passenger passed the report to the gardener.,4,13,25,31,14,20,4,13,25,31,0,passenger,,pass,report,gardener,
item_01503,dat_P1_0001,P1,dat,dat_do,The passenger passed the gardener the report.,4,13,38,44,14,20,4,13,38,44,0,passenger,,pass,report,gardener,
item_01504,dat_P1_0002,P1,dat,dat_pp,The passenger assigned the package to the butler.,4,13,27,34,14,22,4,13,27,34,0,passenger,,assign,package,butler,
item_01505,dat_P1_0002,P1,dat,dat_do,The passenger assigned the butler the package.,4,13,38,45,14,22,4,13,38,45,0,passenger,,assign,package,butler,
item_01506,dat_P1_0003,P1,dat,dat_pp,The dancer assigned the painting to the man.,4,10,24,32,11,19,4,10,24,32,0,dancer,,assign,painting,man,
item_01507,dat_P1_0003,P1,dat,dat_do,The dancer assigned the man the painting.,4,10,32,40,11,19,4,10,32,40,0,dancer,,assign,painting,man,
item_01508,dat_P1_0004,P1,dat,dat_pp,The pharmacist assigned the prize to the gardener.,4,14,28,33,15,23,4,14,28,33,0,pharmacist,,assign,prize,gardener,
item_01509,dat_P1_0004,P1,dat,dat_do,The pharmacist assigned the gardener the prize.,4,14,41,46,15,23,4,14,41,46,0,pharmacist,,assign,prize,gardener,
item_01510,dat_P1_0005,P1,dat,dat_pp,The waiter handed the bowl to the coachman.,4,10,22,26,11,17,4,10,22,26,0,waiter,,hand,bowl,coachman,
item_01511,dat_P1_0005,P1,dat,dat_do,The waiter handed the coachman the bowl.,4,10,35,39,11,17,4,10,35,39,0,waiter,,hand,bowl,coachman,
item_01512,dat_P1_0006,P1,dat,dat_pp,The baron granted the parcel to the seller.,4,9,22,28,10,17,4,9,22,28,0,baron,,grant,parcel,seller,
item_01513,dat_P1_0006,P1,dat,dat_do,The baron granted the seller the parcel.,4,9,33,39,10,17,4,9,33,39,0,baron,,grant,parcel,seller,
item_01514,dat_P1_0007,P1,dat,dat_pp,The mayor passed the report to the intern.,4,9,21,27,10,16,4,9,21,27,0,mayor,,pass,report,intern,
item_01515,dat_P1_0007,P1,dat,dat_do,The mayor passed the intern the report.,4,9,32,38,10,16,4,9,32,38,0,mayor,,pass,report,intern,
item_01516,dat_P1_0008,P1,dat,dat_pp,The princess handed the package to the woman.,4,12,24,31,13,19,4,12,24,31,0,princess,,hand,package,woman,
item_01517,dat_P1_0008,P1,dat,dat_do,The princess handed the woman the package.,4,12,34,41,13,19,4,12,34,41,0,princess,,hand,package,woman,
item_01518,dat_P1_0009,P1,dat,dat_pp,The tailor passed the radio to the granddaughter.,4,10,22,27,11,17,4,10,22,27,0,tailor,,pass,radio,granddaughter,
item_01519,dat_P1_0009,P1,dat,dat_do,The tailor passed the granddaughter the radio.,4,10,40,45,11,17,4,10,40,45,0,tailor,,pass,radio,granddaughter,
item_01520,dat_P1_0010,P1,dat,dat_pp,The baron presented the book to the butler.,4,9,24,28,10,19,4,9,24,28,0,baron,,present,book,butler,
item_01521,dat_P1_0010,P1,dat,dat_do,The baron presented the butler the book.,4,9,35,39,10,19,4,9,35,39,0,baron,,present,book,butler,
item_01522,dat_P1_0011,P1,dat,dat_pp,The knight passed the cup to the dealer.,4,10,22,25,11,17,4,10,22,25,0,knight,,pass,cup,dealer,
item_01523,dat_P1_0011,P1,dat,dat_do,The knight passed the dealer the cup.,4,10,33,36,11,17,4,10,33,36,0,knight,,pass,cup,dealer,
item_01524,dat_P1_0012,P1,dat,dat_pp,The reporter passed the ticket to the host.,4,12,24,30,13,19,4,12,24,30,0,reporter,,pass,ticket,host,
item_01525,dat_P1_0012,P1,dat,dat_do,The reporter passed the host the ticket.,4,12,33,39,13,19,4,12,33,39,0,reporter,,pass,ticket,host,
item_01526,dat_P1_0013,P1,dat,dat_pp,The driver granted the ticket to the woman.,4,10,23,29,11,18,4,10,23,29,0,driver,,grant,ticket,woman,
item_01527,dat_P1_0013,P1,dat,dat_do,The driver granted the woman the ticket.,4,10,33,39,11,18,4,10,33,39,0,driver,,grant,ticket,woman,
item_01528,dat_P1_0014,P1,dat,dat_pp,The lawyer granted the watch to the butler.,4,10,23,28,11,18,4,10,23,28,0,lawyer,,grant,watch,butler,
item_01529,dat_P1_0014,P1,dat,dat_do,The lawyer granted the butler the watch.,4,10,34,39,11,18,4,10,34,39,0,lawyer,,grant,watch,butler,
item_01530,dat_P1_0015,P1,dat,dat_pp,The nurse granted the ticket to the gardener.,4,9,22,28,10,17,4,9,22,28,0,nurse,,grant,ticket,gardener,
item_01531,dat_P1_0015,P1,dat,dat_do,The nurse granted the gardener the ticket.,4,9,35,41,10,17,4,9,35,41,0,nurse,,grant,ticket,gardener,
item_01532,dat_P1_0016,P1,dat,dat_pp,The musician handed the umbrella to the apprentice.,4,12,24,32,13,19,4,12,24,32,0,musician,,hand,umbrella,apprentice,
item_01533,dat_P1_0016,P1,dat,dat_do,The musician handed the apprentice the umbrella.,4,12,39,47,13,19,4,12,39,47,0,musician,,hand,umbrella,apprentice,
item_01534,dat_P1_0017,P1,dat,dat_pp,The student presented the package to the boy.,4,11,26,33,12,21,4,11,26,33,0,student,,present,package,boy,
item_01535,dat_P1_0017,P1,dat,dat_do,The student presented the boy the package.,4,11,34,41,12,21,4,11,34,41,0,student,,present,package,boy,
item_01536,dat_P1_0018,P1,dat,dat_pp,The duke handed the laptop to the dealer.,4,8,20,26,9,15,4,8,20,26,0,duke,,hand,laptop,dealer,
item_01537,dat_P1_0018,P1,dat,dat_do,The duke handed the dealer the laptop.,4,8,31,37,9,15,4,8,31,37,0,duke,,hand,laptop,dealer,
item_01538,dat_P1_0019,P1,dat,dat_pp,The reporter presented the bottle to the widower.,4,12,27,33,13,22,4,12,27,33,0,reporter,,present,bottle,widower,
item_01539,dat_P1_0019,P1,dat,dat_do,The reporter presented the widower the bottle.,4,12,39,45,13,22,4,12,39,45,0,reporter,,present,bottle,widower,
item_01540,dat_P1_0020,P1,dat,dat_pp,The passenger granted the watch to the seller.,4,13,26,31,14,21,4,13,26,31,0,passenger,,grant,watch,seller,
item_01541,dat_P1_0020,P1,dat,dat_do,The passenger granted the seller the watch.,4,13,37,42,14,21,4,13,37,42,0,passenger,,grant,watch,seller,
item_01542,dat_P1_0021,P1,dat,dat_pp,The dancer assigned the book to the intern.,4,10,24,28,11,19,4,10,24,28,0,dancer,,assign,book,intern,
item_01543,dat_P1_0021,P1,dat,dat_do,The dancer assigned the intern the book.,4,10,35,39,11,19,4,10,35,39,0,dancer,,assign,book,intern,
item_01544,dat_P1_0022,P1,dat,dat_pp,The soldier passed the invitation to the intern.,4,11,23,33,12,18,4,11,23,33,0,soldier,,pass,invitation,intern,
item_01545,dat_P1_0022,P1,dat,dat_do,The soldier passed the intern the invitation.,4,11,34,44,12,18,4,11,34,44,0,soldier,,pass,invitation,intern,
item_01546,dat_P1_0023,P1,dat,dat_pp,The neighbor granted the laptop to the butler.,4,12,25,31,13,20,4,12,25,31,0,neighbor,,grant,laptop,butler,
item_01547,dat_P1_0023,P1,dat,dat_do,The neighbor granted the butler the laptop.,4,12,36,42,13,20,4,12,36,42,0,neighbor,,grant,laptop,butler,
item_01548,dat_P1_0024,P1,dat,dat_pp,The reporter passed the cup to the apprentice.,4,12,24,27,13,19,4,12,24,27,0,reporter,,pass,cup,apprentice,
item_01549,dat_P1_0024,P1,dat,dat_do,The reporter passed the apprentice the cup.,4,12,39,42,13,19,4,12,39,42,0,reporter,,pass,cup,apprentice,
item_01550,dat_P1_0025,P1,dat,dat_pp,The musician assigned the book to the woman.,4,12,26,30,13,21,4,12,26,30,0,musician,,assign,book,woman,
item_01551,dat_P1_0025,P1,dat,dat_do,The musician assigned the woman the book.,4,12,36,40,13,21,4,12,36,40,0,musician,,assign,book,woman,
item_01552,dat_P1_0026,P1,dat,dat_pp,The queen assigned the newspaper to the widower.,4,9,23,32,10,18,4,9,23,32,0,queen,,assign,newspaper,widower,
item_01553,dat_P1_0026,P1,dat,dat_do,The queen assigned the widower the newspaper.,4,9,35,44,10,18,4,9,35,44,0,queen,,assign,newspaper,widower,
item_01554,dat_P1_0027,P1,dat,dat_pp,The musician passed the painting to the widow.,4,12,24,32,13,19,4,12,24,32,0,musician,,pass,painting,widow,
item_01555,dat_P1_0027,P1,dat,dat_do,The musician passed the widow the painting.,4,12,34,42,13,19,4,12,34,42,0,musician,,pass,painting,widow,
item_01556,dat_P1_0028,P1,dat,dat_pp,The waiter presented the ticket to the coachman.,4,10,25,31,11,20,4,10,25,31,0,waiter,,present,ticket,coachman,
item_01557,dat_P1_0028,P1,dat,dat_do,The waiter presented the coachman the ticket.,4,10,38,44,11,20,4,10,38,44,0,waiter,,present,ticket,coachman,
item_01558,dat_P1_0029,P1,dat,dat_pp,The tailor presented the painting to the woman.,4,10,25,33,11,20,4,10,25,33,0,tailor,,present,painting,woman,
item_01559,dat_P1_0029,P1,dat,dat_do,The tailor presented the woman the painting.,4,10,35,43,11,20,4,10,35,43,0,tailor,,present,painting,woman,
item_01560,dat_P1_0030,P1,dat,dat_pp,The musician passed the painting to the butler.,4,12,24,32,13,19,4,12,24,32,0,musician,,pass,painting,butler,
item_01561,dat_P1_0030,P1,dat,dat_do,The musician passed the butler the painting.,4,12,35,43,13,19,4,12,35,43,0,musician,,pass,painting,butler,
item_01562,dat_P1_0031,P1,dat,dat_pp,The lawyer granted the invitation to the dealer.,4,10,23,33,11,18,4,10,23,33,0,lawyer,,grant,invitation,dealer,
item_01563,dat_P1_0031,P1,dat,dat_do,The lawyer granted the dealer the invitation.,4,10,34,44,11,18,4,10,34,44,0,lawyer,,grant,invitation,dealer,
item_01564,dat_P1_0032,P1,dat,dat_pp,The broker assigned the bowl to the butler.,4,10,24,28,11,19,4,10,24,28,0,broker,,assign,bowl,butler,
item_01565,dat_P1_0032,P1,dat,dat_do,The broker assigned the butler the bowl.,4,10,35,39,11,19,4,10,35,39,0,broker,,assign,bowl,butler,
item_01566,dat_P1_0033,P1,dat,dat_pp,The partner granted the invitation to the girl.,4,11,24,34,12,19,4,11,24,34,0,partner,,grant,invitation,girl,
item_01567,dat_P1_0033,P1,dat,dat_do,The partner granted the girl the invitation.,4,11,33,43,12,19,4,11,33,43,0,partner,,grant,invitation,girl,
item_01568,dat_P1_0034,P1,dat,dat_pp,The mayor handed the painting to the granddaughter.,4,9,21,29,10,16,4,9,21,29,0,mayor,,hand,painting,granddaughter,
item_01569,dat_P1_0034,P1,dat,dat_do,The mayor handed the granddaughter the painting.,4,9,39,47,10,16,4,9,39,47,0,mayor,,hand,painting,granddaughter,
item_01570,dat_P1_0035,P1,dat,dat_pp,The soldier assigned the package to the coachman.,4,11,25,32,12,20,4,11,25,32,0,soldier,,assign,package,coachman,
item_01571,dat_P1_0035,P1,dat,dat_do,The soldier assigned the coachman the package.,4,11,38,45,12,20,4,11,38,45,0,soldier,,assign,package,coachman,
item_01572,dat_P1_0036,P1,dat,dat_pp,The pharmacist assigned the book to the woman.,4,14,28,32,15,23,4,14,28,32,0,pharmacist,,assign,book,woman,
item_01573,dat_P1_0036,P1,dat,dat_do,The pharmacist assigned the woman the book.,4,14,38,42,15,23,4,14,38,42,0,pharmacist,,assign,book,woman,
item_01574,dat_P1_0037,P1,dat,dat_pp,The broker assigned the umbrella to the girl.,4,10,24,32,11,19,4,10,24,32,0,broker,,assign,umbrella,girl,
item_01575,dat_P1_0037,P1,dat,dat_do,The broker assigned the girl the umbrella.,4,10,33,41,11,19,4,10,33,41,0,broker,,assign,umbrella,girl,
item_01576,dat_P1_0038,P1,dat,dat_pp,The nurse passed the cup to the founder.,4,9,21,24,10,16,4,9,21,24,0,nurse,,pass,cup,founder,
item_01577,dat_P1_0038,P1,dat,dat_do,The nurse passed the founder the cup.,4,9,33,36,10,16,4,9,33,36,0,nurse,,pass,cup,founder,
item_01578,dat_P1_0039,P1,dat,dat_pp,The waiter granted the watch to the guest.,4,10,23,28,11,18,4,10,23,28,0,waiter,,grant,watch,guest,
item_01579,dat_P1_0039,P1,dat,dat_do,The waiter granted the guest the watch.,4,10,33,38,11,18,4,10,33,38,0,waiter,,grant,watch,guest,
item_01580,dat_P1_0040,P1,dat,dat_pp,The sailor assigned the parcel to the woman.,4,10,24,30,11,19,4,10,24,30,0,sailor,,assign,parcel,woman,
item_01581,dat_P1_0040,P1,dat,dat_do,The sailor assigned the woman the parcel.,4,10,34,40,11,19,4,10,34,40,0,sailor,,assign,parcel,woman,
item_01582,dat_P1_0041,P1,dat,dat_pp,The manager granted the ticket to the detective.,4,11,24,30,12,19,4,11,24,30,0,manager,,grant,ticket,detective,
item_01583,dat_P1_0041,P1,dat,dat_do,The manager granted the detective the ticket.,4,11,38,44,12,19,4,11,38,44,0,manager,,grant,ticket,detective,
item_01584,dat_P1_0042,P1,dat,dat_pp,The client granted the ticket to the man.,4,10,23,29,11,18,4,10,23,29,0,client,,grant,ticket,man,
item_01585,dat_P1_0042,P1,dat,dat_do,The client granted the man the ticket.,4,10,31,37,11,18,4,10,31,37,0,client,,grant,ticket,man,
item_01586,dat_P1_0043,P1,dat,dat_pp,The driver handed the newspaper to the widower.,4,10,22,31,11,17,4,10,22,31,0,driver,,hand,newspaper,widower,
item_01587,dat_P1_0043,P1,dat,dat_do,The driver handed the widower the newspaper.,4,10,34,43,11,17,4,10,34,43,0,driver,,hand,newspaper,widower,
item_01588,dat_P1_0044,P1,dat,dat_pp,The sailor handed the package to the seller.,4,10,22,29,11,17,4,10,22,29,0,sailor,,hand,package,seller,
item_01589,dat_P1_0044,P1,dat,dat_do,The sailor handed the seller the package.,4,10,33,40,11,17,4,10,33,40,0,sailor,,hand,package,seller,
item_01590,dat_P1_0045,P1,dat,dat_pp,The engineer presented the laptop to the detective.,4,12,27,33,13,22,4,12,27,33,0,engineer,,present,laptop,detective,
item_01591,dat_P1_0045,P1,dat,dat_do,The engineer presented the detective the laptop.,4,12,41,47,13,22,4,12,41,47,0,engineer,,present,laptop,detective,
item_01592,dat_P1_0046,P1,dat,dat_pp,The knight passed the cup to the widow.,4,10,22,25,11,17,4,10,22,25,0,knight,,pass,cup,widow,
item_01593,dat_P1_0046,P1,dat,dat_do,The knight passed the widow the cup.,4,10,32,35,11,17,4,10,32,35,0,knight,,pass,cup,widow,
item_01594,dat_P1_0047,P1,dat,dat_pp,The tailor presented the bottle to the detective.,4,10,25,31,11,20,4,10,25,31,0,tailor,,present,bottle,detective,
item_01595,dat_P1_0047,P1,dat,dat_do,The tailor presented the detective the bottle.,4,10,39,45,11,20,4,10,39,45,0,tailor,,present,bottle,detective,
item_01596,dat_P1_0048,P1,dat,dat_pp,The driver assigned the invitation to the woman.,4,10,24,34,11,19,4,10,24,34,0,driver,,assign,invitation,woman,
item_01597,dat_P1_0048,P1,dat,dat_do,The driver assigned the woman the invitation.,4,10,34,44,11,19,4,10,34,44,0,driver,,assign,invitation,woman,
item_01598,dat_P1_0049,P1,dat,dat_pp,The curator assigned the cup to the coachman.,4,11,25,28,12,20,4,11,25,28,0,curator,,assign,cup,coachman,
item_01599,dat_P1_0049,P1,dat,dat_do,The curator assigned the coachman the cup.,4,11,38,41,12,20,4,11,38,41,0,curator,,assign,cup,coachman,
item_01600,dat_P1_0050,P1,dat,dat_pp,The waiter presented the book to the apprentice.,4,10,25,29,11,20,4,10,25,29,0,waiter,,present,book,apprentice,
item_01601,dat_P1_0050,P1,dat,dat_do,The waiter presented the apprentice the book.,4,10,40,44,11,20,4,10,40,44,0,waiter,,present,book,apprentice,
item_01602,dat_P1_0051,P1,dat,dat_pp,The judge presented the parcel to the woman.,4,9,24,30,10,19,4,9,24,30,0,judge,,present,parcel,woman,
item_01603,dat_P1_0051,P1,dat,dat_do,The judge presented the woman the parcel.,4,9,34,40,10,19,4,9,34,40,0,judge,,present,parcel,woman,
item_01604,dat_P1_0052,P1,dat,dat_pp,The baron passed the magazine to the seller.,4,9,21,29,10,16,4,9,21,29,0,baron,,pass,magazine,seller,
item_01605,dat_P1_0052,P1,dat,dat_do,The baron passed the seller the magazine.,4,9,32,40,10,16,4,9,32,40,0,baron,,pass,magazine,seller,
item_01606,dat_P1_0053,P1,dat,dat_pp,The judge granted the parcel to the founder.,4,9,22,28,10,17,4,9,22,28,0,judge,,grant,parcel,founder,
item_01607,dat_P1_0053,P1,dat,dat_do,The judge granted the founder the parcel.,4,9,34,40,10,17,4,9,34,40,0,judge,,grant,parcel,founder,
item_01608,dat_P1_0054,P1,dat,dat_pp,The client handed the newspaper to the founder.,4,10,22,31,11,17,4,10,22,31,0,client,,hand,newspaper,founder,
item_01609,dat_P1_0054,P1,dat,dat_do,The client handed the founder the newspaper.,4,10,34,43,11,17,4,10,34,43,0,client,,hand,newspaper,founder,
item_01610,dat_P1_0055,P1,dat,dat_pp,The broker presented the book to the apprentice.,4,10,25,29,11,20,4,10,25,29,0,broker,,present,book,apprentice,
item_01611,dat_P1_0055,P1,dat,dat_do,The broker presented the apprentice the book.,4,10,40,44,11,20,4,10,40,44,0,broker,,present,book,apprentice,
item_01612,dat_P1_0056,P1,dat,dat_pp,The soldier assigned the bottle to the woman.,4,11,25,31,12,20,4,11,25,31,0,soldier,,assign,bottle,woman,
item_01613,dat_P1_0056,P1,dat,dat_do,The soldier assigned the woman the bottle.,4,11,35,41,12,20,4,11,35,41,0,soldier,,assign,bottle,woman,
item_01614,dat_P1_0057,P1,dat,dat_pp,The client granted the prize to the detective.,4,10,23,28,11,18,4,10,23,28,0,client,,grant,prize,detective,
item_01615,dat_P1_0057,P1,dat,dat_do,The client granted the detective the prize.,4,10,37,42,11,18,4,10,37,42,0,client,,grant,prize,detective,
item_01616,dat_P1_0058,P1,dat,dat_pp,The passenger passed the parcel to the girl.,4,13,25,31,14,20,4,13,25,31,0,passenger,,pass,parcel,girl,
item_01617,dat_P1_0058,P1,dat,dat_do,The passenger passed the girl the parcel.,4,13,34,40,14,20,4,13,34,40,0,passenger,,pass,parcel,girl,
item_01618,dat_P1_0059,P1,dat,dat_pp,The neighbor assigned the watch to the seller.,4,12,26,31,13,21,4,12,26,31,0,neighbor,,assign,watch,seller,
item_01619,dat_P1_0059,P1,dat,dat_do,The neighbor assigned the seller the watch.,4,12,37,42,13,21,4,12,37,42,0,neighbor,,assign,watch,seller,
item_01620,dat_P1_0060,P1,dat,dat_pp,The queen assigned the diagram to the intern.,4,9,23,30,10,18,4,9,23,30,0,queen,,assign,diagram,intern,
item_01621,dat_P1_0060,P1,dat,dat_do,The queen assigned the intern the diagram.,4,9,34,41,10,18,4,9,34,41,0,queen,,assign,diagram,intern,
item_01622,dat_P1_0061,P1,dat,dat_pp,The mayor presented the parcel to the granddaughter.,4,9,24,30,10,19,4,9,24,30,0,mayor,,present,parcel,granddaughter,
item_01623,dat_P1_0061,P1,dat,dat_do,The mayor presented the granddaughter the parcel.,4,9,42,48,10,19,4,9,42,48,0,mayor,,present,parcel,granddaughter,
item_01624,dat_P1_0062,P1,dat,dat_pp,The student presented the laptop to the dealer.,4,11,26,32,12,21,4,11,26,32,0,student,,present,laptop,dealer,
item_01625,dat_P1_0062,P1,dat,dat_do,The student presented the dealer the laptop.,4,11,37,43,12,21,4,11,37,43,0,student,,present,laptop,dealer,
item_01626,dat_P1_0063,P1,dat,dat_pp,The reporter handed the cup to the detective.,4,12,24,27,13,19,4,12,24,27,0,reporter,,hand,cup,detective,
item_01627,dat_P1_0063,P1,dat,dat_do,The reporter handed the detective the cup.,4,12,38,41,13,19,4,12,38,41,0,reporter,,hand,cup,detective,
item_01628,dat_P1_0064,P1,dat,dat_pp,The lawyer granted the radio to the apprentice.,4,10,23,28,11,18,4,10,23,28,0,lawyer,,grant,radio,apprentice,
item_01629,dat_P1_0064,P1,dat,dat_do,The lawyer granted the apprentice the radio.,4,10,38,43,11,18,4,10,38,43,0,lawyer,,grant,radio,apprentice,
item_01630,dat_P1_0065,P1,dat,dat_pp,The rider handed the newspaper to the granddaughter.,4,9,21,30,10,16,4,9,21,30,0,rider,,hand,newspaper,granddaughter,
item_01631,dat_P1_0065,P1,dat,dat_do,The rider handed the granddaughter the newspaper.,4,9,39,48,10,16,4,9,39,48,0,rider,,hand,newspaper,granddaughter,
item_01632,dat_P1_0066,P1,dat,dat_pp,The musician passed the report to the granddaughter.,4,12,24,30,13,19,4,12,24,30,0,musician,,pass,report,granddaughter,
item_01633,dat_P1_0066,P1,dat,dat_do,The musician passed the granddaughter the report.,4,12,42,48,13,19,4,12,42,48,0,musician,,pass,report,granddaughter,
item_01634,dat_P1_0067,P1,dat,dat_pp,The musician granted the painting to the boy.,4,12,25,33,13,20,4,12,25,33,0,musician,,grant,painting,boy,
item_01635,dat_P1_0067,P1,dat,dat_do,The musician granted the boy the painting.,4,12,33,41,13,20,4,12,33,41,0,musician,,grant,painting,boy,
item_01636,dat_P1_0068,P1,dat,dat_pp,The nurse handed the bowl to the woman.,4,9,21,25,10,16,4,9,21,25,0,nurse,,hand,bowl,woman,
item_01637,dat_P1_0068,P1,dat,dat_do,The nurse handed the woman the bowl.,4,9,31,35,10,16,4,9,31,35,0,nurse,,hand,bowl,woman,
item_01638,dat_P1_0069,P1,dat,dat_pp,The soldier passed the parcel to the widow.,4,11,23,29,12,18,4,11,23,29,0,soldier,,pass,parcel,widow,
item_01639,dat_P1_0069,P1,dat,dat_do,The soldier passed the widow the parcel.,4,11,33,39,12,18,4,11,33,39,0,soldier,,pass,parcel,widow,
item_01640,dat_P1_0070,P1,dat,dat_pp,The pharmacist passed the book to the boy.,4,14,26,30,15,21,4,14,26,30,0,pharmacist,,pass,book,boy,
item_01641,dat_P1_0070,P1,dat,dat_do,The pharmacist passed the boy the book.,4,14,34,38,15,21,4,14,34,38,0,pharmacist,,pass,book,boy,
item_01642,dat_P1_0071,P1,dat,dat_pp,The pharmacist presented the invitation to the man.,4,14,29,39,15,24,4,14,29,39,0,pharmacist,,present,invitation,man,
item_01643,dat_P1_0071,P1,dat,dat_do,The pharmacist presented the man the invitation.,4,14,37,47,15,24,4,14,37,47,0,pharmacist,,present,invitation,man,
item_01644,dat_P1_0072,P1,dat,dat_pp,The coach assigned the invitation to the butler.,4,9,23,33,10,18,4,9,23,33,0,coach,,assign,invitation,butler,
item_01645,dat_P1_0072,P1,dat,dat_do,The coach assigned the butler the invitation.,4,9,34,44,10,18,4,9,34,44,0,coach,,assign,invitation,butler,
item_01646,dat_P1_0073,P1,dat,dat_pp,The knight passed the diagram to the seller.,4,10,22,29,11,17,4,10,22,29,0,knight,,pass,diagram,seller,
item_01647,dat_P1_0073,P1,dat,dat_do,The knight passed the seller the diagram.,4,10,33,40,11,17,4,10,33,40,0,knight,,pass,diagram,seller,
item_01648,dat_P1_0074,P1,dat,dat_pp,The dancer assigned the watch to the girl.,4,10,24,29,11,19,4,10,24,29,0,dancer,,assign,watch,girl,
item_01649,dat_P1_0074,P1,dat,dat_do,The dancer assigned the girl the watch.,4,10,33,38,11,19,4,10,33,38,0,dancer,,assign,watch,girl,
item_01650,dat_P1_0075,P1,dat,dat_pp,The knight presented the newspaper to the widower.,4,10,25,34,11,20,4,10,25,34,0,knight,,present,newspaper,widower,
item_01651,dat_P1_0075,P1,dat,dat_do,The knight presented the widower the newspaper.,4,10,37,46,11,20,4,10,37,46,0,knight,,present,newspaper,widower,
item_01652,dat_P1_0076,P1,dat,dat_pp,The manager presented the package to the dealer.,4,11,26,33,12,21,4,11,26,33,0,manager,,present,package,dealer,
item_01653,dat_P1_0076,P1,dat,dat_do,The manager presented the dealer the package.,4,11,37,44,12,21,4,11,37,44,0,manager,,present,package,dealer,
item_01654,dat_P1_0077,P1,dat,dat_pp,The inventor presented the report to the butler.,4,12,27,33,13,22,4,12,27,33,0,inventor,,present,report,butler,
item_01655,dat_P1_0077,P1,dat,dat_do,The inventor presented the butler the report.,4,12,38,44,13,22,4,12,38,44,0,inventor,,present,report,butler,
item_01656,dat_P1_0078,P1,dat,dat_pp,The neighbor passed the prize to the woman.,4,12,24,29,13,19,4,12,24,29,0,neighbor,,pass,prize,woman,
item_01657,dat_P1_0078,P1,dat,dat_do,The neighbor passed the woman the prize.,4,12,34,39,13,19,4,12,34,39,0,neighbor,,pass,prize,woman,
item_01658,dat_P1_0079,P1,dat,dat_pp,The queen granted the umbrella to the guest.,4,9,22,30,10,17,4,9,22,30,0,queen,,grant,umbrella,guest,
item_01659,dat_P1_0079,P1,dat,dat_do,The queen granted the guest the umbrella.,4,9,32,40,10,17,4,9,32,40,0,queen,,grant,umbrella,guest,
item_01660,dat_P1_0080,P1,dat,dat_pp,The musician passed the laptop to the boy.,4,12,24,30,13,19,4,12,24,30,0,musician,,pass,laptop,boy,
item_01661,dat_P1_0080,P1,dat,dat_do,The musician passed the boy the laptop.,4,12,32,38,13,19,4,12,32,38,0,musician,,pass,laptop,boy,
item_01662,dat_P1_0081,P1,dat,dat_pp,The neighbor assigned the cup to the host.,4,12,26,29,13,21,4,12,26,29,0,neighbor,,assign,cup,host,
item_01663,dat_P1_0081,P1,dat,dat_do,The neighbor assigned the host the cup.,4,12,35,38,13,21,4,12,35,38,0,neighbor,,assign,cup,host,
item_01664,dat_P1_0082,P1,dat,dat_pp,The mechanic presented the bowl to the widow.,4,12,27,31,13,22,4,12,27,31,0,mechanic,,present,bowl,widow,
item_01665,dat_P1_0082,P1,dat,dat_do,The mechanic presented the widow the bowl.,4,12,37,41,13,22,4,12,37,41,0,mechanic,,present,bowl,widow,
item_01666,dat_P1_0083,P1,dat,dat_pp,The manager granted the ticket to the widow.,4,11,24,30,12,19,4,11,24,30,0,manager,,grant,ticket,widow,
item_01667,dat_P1_0083,P1,dat,dat_do,The manager granted the widow the ticket.,4,11,34,40,12,19,4,11,34,40,0,manager,,grant,ticket,widow,
item_01668,dat_P1_0084,P1,dat,dat_pp,The manager assigned the newspaper to the man.,4,11,25,34,12,20,4,11,25,34,0,manager,,assign,newspaper,man,
item_01669,dat_P1_0084,P1,dat,dat_do,The manager assigned the man the newspaper.,4,11,33,42,12,20,4,11,33,42,0,manager,,assign,newspaper,man,
item_01670,dat_P1_0085,P1,dat,dat_pp,The princess handed the prize to the girl.,4,12,24,29,13,19,4,12,24,29,0,princess,,hand,prize,girl,
item_01671,dat_P1_0085,P1,dat,dat_do,The princess handed the girl the prize.,4,12,33,38,13,19,4,12,33,38,0,princess,,hand,prize,girl,
item_01672,dat_P1_0086,P1,dat,dat_pp,The partner passed the painting to the gardener.,4,11,23,31,12,18,4,11,23,31,0,partner,,pass,painting,gardener,
item_01673,dat_P1_0086,P1,dat,dat_do,The partner passed the gardener the painting.,4,11,36,44,12,18,4,11,36,44,0,partner,,pass,painting,gardener,
item_01674,dat_P1_0087,P1,dat,dat_pp,The knight passed the prize to the butler.,4,10,22,27,11,17,4,10,22,27,0,knight,,pass,prize,butler,
item_01675,dat_P1_0087,P1,dat,dat_do,The knight passed the butler the prize.,4,10,33,38,11,17,4,10,33,38,0,knight,,pass,prize,butler,
item_01676,dat_P1_0088,P1,dat,dat_pp,The mechanic passed the ticket to the founder.,4,12,24,30,13,19,4,12,24,30,0,mechanic,,pass,ticket,founder,
item_01677,dat_P1_0088,P1,dat,dat_do,The mechanic passed the founder the ticket.,4,12,36,42,13,19,4,12,36,42,0,mechanic,,pass,ticket,founder,
item_01678,dat_P1_0089,P1,dat,dat_pp,The manager handed the ticket to the girl.,4,11,23,29,12,18,4,11,23,29,0,manager,,hand,ticket,girl,
item_01679,dat_P1_0089,P1,dat,dat_do,The manager handed the girl the ticket.,4,11,32,38,12,18,4,11,32,38,0,manager,,hand,ticket,girl,
item_01680,dat_P1_0090,P1,dat,dat_pp,The queen handed the bowl to the apprentice.,4,9,21,25,10,16,4,9,21,25,0,queen,,hand,bowl,apprentice,
item_01681,dat_P1_0090,P1,dat,dat_do,The queen handed the apprentice the bowl.,4,9,36,40,10,16,4,9,36,40,0,queen,,hand,bowl,apprentice,
item_01682,dat_P1_0091,P1,dat,dat_pp,The librarian handed the laptop to the founder.,4,13,25,31,14,20,4,13,25,31,0,librarian,,hand,laptop,founder,
item_01683,dat_P1_0091,P1,dat,dat_do,The librarian handed the founder the laptop.,4,13,37,43,14,20,4,13,37,43,0,librarian,,hand,laptop,founder,
item_01684,dat_P1_0092,P1,dat,dat_pp,The pharmacist granted the ticket to the widower.,4,14,27,33,15,22,4,14,27,33,0,pharmacist,,grant,ticket,widower,
item_01685,dat_P1_0092,P1,dat,dat_do,The pharmacist granted the widower the ticket.,4,14,39,45,15,22,4,14,39,45,0,pharmacist,,grant,ticket,widower,
item_01686,dat_P1_0093,P1,dat,dat_pp,The pharmacist assigned the radio to the man.,4,14,28,33,15,23,4,14,28,33,0,pharmacist,,assign,radio,man,
item_01687,dat_P1_0093,P1,dat,dat_do,The pharmacist assigned the man the radio.,4,14,36,41,15,23,4,14,36,41,0,pharmacist,,assign,radio,man,
item_01688,dat_P1_0094,P1,dat,dat_pp,The partner assigned the report to the detective.,4,11,25,31,12,20,4,11,25,31,0,partner,,assign,report,detective,
item_01689,dat_P1_0094,P1,dat,dat_do,The partner assigned the detective the report.,4,11,39,45,12,20,4,11,39,45,0,partner,,assign,report,detective,
item_01690,dat_P1_0095,P1,dat,dat_pp,The rider presented the package to the host.,4,9,24,31,10,19,4,9,24,31,0,rider,,present,package,host,
item_01691,dat_P1_0095,P1,dat,dat_do,The rider presented the host the package.,4,9,33,40,10,19,4,9,33,40,0,rider,,present,package,host,
item_01692,dat_P1_0096,P1,dat,dat_pp,The partner presented the watch to the detective.,4,11,26,31,12,21,4,11,26,31,0,partner,,present,watch,detective,
item_01693,dat_P1_0096,P1,dat,dat_do,The partner presented the detective the watch.,4,11,40,45,12,21,4,11,40,45,0,partner,,present,watch,detective,
item_01694,dat_P1_0097,P1,dat,dat_pp,The sailor granted the newspaper to the apprentice.,4,10,23,32,11,18,4,10,23,32,0,sailor,,grant,newspaper,apprentice,
item_01695,dat_P1_0097,P1,dat,dat_do,The sailor granted the apprentice the newspaper.,4,10,38,47,11,18,4,10,38,47,0,sailor,,grant,newspaper,apprentice,
item_01696,dat_P1_0098,P1,dat,dat_pp,The partner assigned the radio to the butler.,4,11,25,30,12,20,4,11,25,30,0,partner,,assign,radio,butler,
item_01697,dat_P1_0098,P1,dat,dat_do,The partner assigned the butler the radio.,4,11,36,41,12,20,4,11,36,41,0,partner,,assign,radio,butler,
item_01698,dat_P1_0099,P1,dat,dat_pp,The mayor granted the bowl to the detective.,4,9,22,26,10,17,4,9,22,26,0,mayor,,grant,bowl,detective,
item_01699,dat_P1_0099,P1,dat,dat_do,The mayor granted the detective the bowl.,4,9,36,40,10,17,4,9,36,40,0,mayor,,grant,bowl,detective,
item_01700,dat_P1_0100,P1,dat,dat_pp,The coach assigned the diagram to the widower.,4,9,23,30,10,18,4,9,23,30,0,coach,,assign,diagram,widower,
item_01701,dat_P1_0100,P1,dat,dat_do,The coach assigned the widower the diagram.,4,9,35,42,10,18,4,9,35,42,0,coach,,assign,diagram,widower,
item_01702,dat_P1_0101,P1,dat,dat_pp,The lawyer granted the painting to the coachman.,4,10,23,31,11,18,4,10,23,31,0,lawyer,,grant,painting,coachman,
item_01703,dat_P1_0101,P1,dat,dat_do,The lawyer granted the coachman the painting.,4,10,36,44,11,18,4,10,36,44,0,lawyer,,grant,painting,coachman,
item_01704,dat_P1_0102,P1,dat,dat_pp,The librarian passed the diagram to the seller.,4,13,25,32,14,20,4,13,25,32,0,librarian,,pass,diagram,seller,
item_01705,dat_P1_0102,P1,dat,dat_do,The librarian passed the seller the diagram.,4,13,36,43,14,20,4,13,36,43,0,librarian,,pass,diagram,seller,
item_01706,dat_P1_0103,P1,dat,dat_pp,The pharmacist assigned the bottle to the boy.,4,14,28,34,15,23,4,14,28,34,0,pharmacist,,assign,bottle,boy,
item_01707,dat_P1_0103,P1,dat,dat_do,The pharmacist assigned the boy the bottle.,4,14,36,42,15,23,4,14,36,42,0,pharmacist,,assign,bottle,boy,
item_01708,dat_P1_0104,P1,dat,dat_pp,The judge presented the diagram to the man.,4,9,24,31,10,19,4,9,24,31,0,judge,,present,diagram,man,
item_01709,dat_P1_0104,P1,dat,dat_do,The judge presented the man the diagram.,4,9,32,39,10,19,4,9,32,39,0,judge,,present,diagram,man,
item_01710,dat_P1_0105,P1,dat,dat_pp,The librarian presented the umbrella to the detective.,4,13,28,36,14,23,4,13,28,36,0,librarian,,present,umbrella,detective,
item_01711,dat_P1_0105,P1,dat,dat_do,The librarian presented the detective the umbrella.,4,13,42,50,14,23,4,13,42,50,0,librarian,,present,umbrella,detective,
item_01712,dat_P1_0106,P1,dat,dat_pp,The neighbor assigned the umbrella to the detective.,4,12,26,34,13,21,4,12,26,34,0,neighbor,,assign,umbrella,detective,
item_01713,dat_P1_0106,P1,dat,dat_do,The neighbor assigned the detective the umbrella.,4,12,40,48,13,21,4,12,40,48,0,neighbor,,assign,umbrella,detective,
item_01714,dat_P1_0107,P1,dat,dat_pp,The librarian assigned the package to the guest.,4,13,27,34,14,22,4,13,27,34,0,librarian,,assign,package,guest,
item_01715,dat_P1_0107,P1,dat,dat_do,The librarian assigned the guest the package.,4,13,37,44,14,22,4,13,37,44,0,librarian,,assign,package,guest,
item_01716,dat_P1_0108,P1,dat,dat_pp,The client presented the diagram to the detective.,4,10,25,32,11,20,4,10,25,32,0,client,,present,diagram,detective,
item_01717,dat_P1_0108,P1,dat,dat_do,The client presented the detective the diagram.,4,10,39,46,11,20,4,10,39,46,0,client,,present,diagram,detective,
item_01718,dat_P1_0109,P1,dat,dat_pp,The singer presented the newspaper to the host.,4,10,25,34,11,20,4,10,25,34,0,singer,,present,newspaper,host,
item_01719,dat_P1_0109,P1,dat,dat_do,The singer presented the host the newspaper.,4,10,34,43,11,20,4,10,34,43,0,singer,,present,newspaper,host,
item_01720,dat_P1_0110,P1,dat,dat_pp,The historian granted the invitation to the widow.,4,13,26,36,14,21,4,13,26,36,0,historian,,grant,invitation,widow,
item_01721,dat_P1_0110,P1,dat,dat_do,The historian granted the widow the invitation.,4,13,36,46,14,21,4,13,36,46,0,historian,,grant,invitation,widow,
item_01722,dat_P1_0111,P1,dat,dat_pp,The historian granted the ticket to the host.,4,13,26,32,14,21,4,13,26,32,0,historian,,grant,ticket,host,
item_01723,dat_P1_0111,P1,dat,dat_do,The historian granted the host the ticket.,4,13,35,41,14,21,4,13,35,41,0,historian,,grant,ticket,host,
item_01724,dat_P1_0112,P1,dat,dat_pp,The rider assigned the watch to the guest.,4,9,23,28,10,18,4,9,23,28,0,rider,,assign,watch,guest,
item_01725,dat_P1_0112,P1,dat,dat_do,The rider assigned the guest the watch.,4,9,33,38,10,18,4,9,33,38,0,rider,,assign,watch,guest,
item_01726,dat_P1_0113,P1,dat,dat_pp,The queen handed the package to the gardener.,4,9,21,28,10,16,4,9,21,28,0,queen,,hand,package,gardener,
item_01727,dat_P1_0113,P1,dat,dat_do,The queen handed the gardener the package.,4,9,34,41,10,16,4,9,34,41,0,queen,,hand,package,gardener,
item_01728,dat_P1_0114,P1,dat,dat_pp,The singer handed the parcel to the girl.,4,10,22,28,11,17,4,10,22,28,0,singer,,hand,parcel,girl,
item_01729,dat_P1_0114,P1,dat,dat_do,The singer handed the girl the parcel.,4,10,31,37,11,17,4,10,31,37,0,singer,,hand,parcel,girl,
item_01730,dat_P1_0115,P1,dat,dat_pp,The princess passed the watch to the butler.,4,12,24,29,13,19,4,12,24,29,0,princess,,pass,watch,butler,
item_01731,dat_P1_0115,P1,dat,dat_do,The princess passed the butler the watch.,4,12,35,40,13,19,4,12,35,40,0,princess,,pass,watch,butler,
item_01732,dat_P1_0116,P1,dat,dat_pp,The broker handed the cup to the founder.,4,10,22,25,11,17,4,10,22,25,0,broker,,hand,cup,founder,
item_01733,dat_P1_0116,P1,dat,dat_do,The broker handed the founder the cup.,4,10,34,37,11,17,4,10,34,37,0,broker,,hand,cup,founder,
item_01734,dat_P1_0117,P1,dat,dat_pp,The mechanic passed the magazine to the coachman.,4,12,24,32,13,19,4,12,24,32,0,mechanic,,pass,magazine,coachman,
item_01735,dat_P1_0117,P1,dat,dat_do,The mechanic passed the coachman the magazine.,4,12,37,45,13,19,4,12,37,45,0,mechanic,,pass,magazine,coachman,
item_01736,dat_P1_0118,P1,dat,dat_pp,The musician granted the prize to the gardener.,4,12,25,30,13,20,4,12,25,30,0,musician,,grant,prize,gardener,
item_01737,dat_P1_0118,P1,dat,dat_do,The musician granted the gardener the prize.,4,12,38,43,13,20,4,12,38,43,0,musician,,grant,prize,gardener,
item_01738,dat_P1_0119,P1,dat,dat_pp,The student assigned the ticket to the granddaughter.,4,11,25,31,12,20,4,11,25,31,0,student,,assign,ticket,granddaughter,
item_01739,dat_P1_0119,P1,dat,dat_do,The student assigned the granddaughter the ticket.,4,11,43,49,12,20,4,11,43,49,0,student,,assign,ticket,granddaughter,
item_01740,dat_P1_0120,P1,dat,dat_pp,The knight presented the cup to the gardener.,4,10,25,28,11,20,4,10,25,28,0,knight,,present,cup,gardener,
item_01741,dat_P1_0120,P1,dat,dat_do,The knight presented the gardener the cup.,4,10,38,41,11,20,4,10,38,41,0,knight,,present,cup,gardener,
item_01742,dat_P1_0121,P1,dat,dat_pp,The athlete assigned the radio to the granddaughter.,4,11,25,30,12,20,4,11,25,30,0,athlete,,assign,radio,granddaughter,
item_01743,dat_P1_0121,P1,dat,dat_do,The athlete assigned the granddaughter the radio.,4,11,43,48,12,20,4,11,43,48,0,athlete,,assign,radio,granddaughter,
item_01744,dat_P1_0122,P1,dat,dat_pp,The curator granted the prize to the granddaughter.,4,11,24,29,12,19,4,11,24,29,0,curator,,grant,prize,granddaughter,
item_01745,dat_P1_0122,P1,dat,dat_do,The curator granted the granddaughter the prize.,4,11,42,47,12,19,4,11,42,47,0,curator,,grant,prize,granddaughter,
item_01746,dat_P1_0123,P1,dat,dat_pp,The lawyer presented the package to the intern.,4,10,25,32,11,20,4,10,25,32,0,lawyer,,present,package,intern,
item_01747,dat_P1_0123,P1,dat,dat_do,The lawyer presented the intern the package.,4,10,36,43,11,20,4,10,36,43,0,lawyer,,present,package,intern,
item_01748,dat_P1_0124,P1,dat,dat_pp,The knight passed the laptop to the gardener.,4,10,22,28,11,17,4,10,22,28,0,knight,,pass,laptop,gardener,
item_01749,dat_P1_0124,P1,dat,dat_do,The knight passed the gardener the laptop.,4,10,35,41,11,17,4,10,35,41,0,knight,,pass,laptop,gardener,
item_01750,dat_P1_0125,P1,dat,dat_pp,The engineer handed the bowl to the woman.,4,12,24,28,13,19,4,12,24,28,0,engineer,,hand,bowl,woman,
item_01751,dat_P1_0125,P1,dat,dat_do,The engineer handed the woman the bowl.,4,12,34,38,13,19,4,12,34,38,0,engineer,,hand,bowl,woman,
item_01752,dat_P1_0126,P1,dat,dat_pp,The passenger granted the laptop to the gardener.,4,13,26,32,14,21,4,13,26,32,0,passenger,,grant,laptop,gardener,
item_01753,dat_P1_0126,P1,dat,dat_do,The passenger granted the gardener the laptop.,4,13,39,45,14,21,4,13,39,45,0,passenger,,grant,laptop,gardener,
item_01754,dat_P1_0127,P1,dat,dat_pp,The judge assigned the cup to the boy.,4,9,23,26,10,18,4,9,23,26,0,judge,,assign,cup,boy,
item_01755,dat_P1_0127,P1,dat,dat_do,The judge assigned the boy the cup.,4,9,31,34,10,18,4,9,31,34,0,judge,,assign,cup,boy,
item_01756,dat_P1_0128,P1,dat,dat_pp,The musician assigned the ticket to the detective.,4,12,26,32,13,21,4,12,26,32,0,musician,,assign,ticket,detective,
item_01757,dat_P1_0128,P1,dat,dat_do,The musician assigned the detective the ticket.,4,12,40,46,13,21,4,12,40,46,0,musician,,assign,ticket,detective,
item_01758,dat_P1_0129,P1,dat,dat_pp,The musician handed the parcel to the detective.,4,12,24,30,13,19,4,12,24,30,0,musician,,hand,parcel,detective,
item_01759,dat_P1_0129,P1,dat,dat_do,The musician handed the detective the parcel.,4,12,38,44,13,19,4,12,38,44,0,musician,,hand,parcel,detective,
item_01760,dat_P1_0130,P1,dat,dat_pp,The student handed the parcel to the widow.,4,11,23,29,12,18,4,11,23,29,0,student,,hand,parcel,widow,
item_01761,dat_P1_0130,P1,dat,dat_do,The student handed the widow the parcel.,4,11,33,39,12,18,4,11,33,39,0,student,,hand,parcel,widow,
item_01762,dat_P1_0131,P1,dat,dat_pp,The singer passed the watch to the man.,4,10,22,27,11,17,4,10,22,27,0,singer,,pass,watch,man,
item_01763,dat_P1_0131,P1,dat,dat_do,The singer passed the man the watch.,4,10,30,35,11,17,4,10,30,35,0,singer,,pass,watch,man,
item_01764,dat_P1_0132,P1,dat,dat_pp,The student assigned the watch to the woman.,4,11,25,30,12,20,4,11,25,30,0,student,,assign,watch,woman,
item_01765,dat_P1_0132,P1,dat,dat_do,The student assigned the woman the watch.,4,11,35,40,12,20,4,11,35,40,0,student,,assign,watch,woman,
item_01766,dat_P1_0133,P1,dat,dat_pp,The singer presented the bottle to the seller.,4,10,25,31,11,20,4,10,25,31,0,singer,,present,bottle,seller,
item_01767,dat_P1_0133,P1,dat,dat_do,The singer presented the seller the bottle.,4,10,36,42,11,20,4,10,36,42,0,singer,,present,bottle,seller,
item_01768,dat_P1_0134,P1,dat,dat_pp,The librarian assigned the magazine to the dealer.,4,13,27,35,14,22,4,13,27,35,0,librarian,,assign,magazine,dealer,
item_01769,dat_P1_0134,P1,dat,dat_do,The librarian assigned the dealer the magazine.,4,13,38,46,14,22,4,13,38,46,0,librarian,,assign,magazine,dealer,
item_01770,dat_P1_0135,P1,dat,dat_pp,The broker granted the bowl to the guest.,4,10,23,27,11,18,4,10,23,27,0,broker,,grant,bowl,guest,
item_01771,dat_P1_0135,P1,dat,dat_do,The broker granted the guest the bowl.,4,10,33,37,11,18,4,10,33,37,0,broker,,grant,bowl,guest,
item_01772,dat_P1_0136,P1,dat,dat_pp,The coach assigned the invitation to the detective.,4,9,23,33,10,18,4,9,23,33,0,coach,,assign,invitation,detective,
item_01773,dat_P1_0136,P1,dat,dat_do,The coach assigned the detective the invitation.,4,9,37,47,10,18,4,9,37,47,0,coach,,assign,invitation,detective,
item_01774,dat_P1_0137,P1,dat,dat_pp,The student granted the ticket to the woman.,4,11,24,30,12,19,4,11,24,30,0,student,,grant,ticket,woman,
item_01775,dat_P1_0137,P1,dat,dat_do,The student granted the woman the ticket.,4,11,34,40,12,19,4,11,34,40,0,student,,grant,ticket,woman,
item_01776,dat_P1_0138,P1,dat,dat_pp,The musician assigned the diagram to the apprentice.,4,12,26,33,13,21,4,12,26,33,0,musician,,assign,diagram,apprentice,
item_01777,dat_P1_0138,P1,dat,dat_do,The musician assigned the apprentice the diagram.,4,12,41,48,13,21,4,12,41,48,0,musician,,assign,diagram,apprentice,
item_01778,dat_P1_0139,P1,dat,dat_pp,The waiter granted the ticket to the seller.,4,10,23,29,11,18,4,10,23,29,0,waiter,,grant,ticket,seller,
item_01779,dat_P1_0139,P1,dat,dat_do,The waiter granted the seller the ticket.,4,10,34,40,11,18,4,10,34,40,0,waiter,,grant,ticket,seller,
item_01780,dat_P1_0140,P1,dat,dat_pp,The sailor presented the diagram to the man.,4,10,25,32,11,20,4,10,25,32,0,sailor,,present,diagram,man,
item_01781,dat_P1_0140,P1,dat,dat_do,The sailor presented the man the diagram.,4,10,33,40,11,20,4,10,33,40,0,sailor,,present,diagram,man,
item_01782,dat_P1_0141,P1,dat,dat_pp,The neighbor granted the book to the dealer.,4,12,25,29,13,20,4,12,25,29,0,neighbor,,grant,book,dealer,
item_01783,dat_P1_0141,P1,dat,dat_do,The neighbor granted the dealer the book.,4,12,36,40,13,20,4,12,36,40,0,neighbor,,grant,book,dealer,
item_01784,dat_P1_0142,P1,dat,dat_pp,The librarian granted the magazine to the woman.,4,13,26,34,14,21,4,13,26,34,0,librarian,,grant,magazine,woman,
item_01785,dat_P1_0142,P1,dat,dat_do,The librarian granted the woman the magazine.,4,13,36,44,14,21,4,13,36,44,0,librarian,,grant,magazine,woman,
item_01786,dat_P1_0143,P1,dat,dat_pp,The musician assigned the newspaper to the widow.,4,12,26,35,13,21,4,12,26,35,0,musician,,assign,newspaper,widow,
item_01787,dat_P1_0143,P1,dat,dat_do,The musician assigned the widow the newspaper.,4,12,36,45,13,21,4,12,36,45,0,musician,,assign,newspaper,widow,
item_01788,dat_P1_0144,P1,dat,dat_pp,The waiter passed the watch to the butler.,4,10,22,27,11,17,4,10,22,27,0,waiter,,pass,watch,butler,
item_01789,dat_P1_0144,P1,dat,dat_do,The waiter passed the butler the watch.,4,10,33,38,11,17,4,10,33,38,0,waiter,,pass,watch,butler,
item_01790,dat_P1_0145,P1,dat,dat_pp,The duke handed the diagram to the woman.,4,8,20,27,9,15,4,8,20,27,0,duke,,hand,diagram,woman,
item_01791,dat_P1_0145,P1,dat,dat_do,The duke handed the woman the diagram.,4,8,30,37,9,15,4,8,30,37,0,duke,,hand,diagram,woman,
item_01792,dat_P1_0146,P1,dat,dat_pp,The musician passed the report to the widower.,4,12,24,30,13,19,4,12,24,30,0,musician,,pass,report,widower,
item_01793,dat_P1_0146,P1,dat,dat_do,The musician passed the widower the report.,4,12,36,42,13,19,4,12,36,42,0,musician,,pass,report,widower,
item_01794,dat_P1_0147,P1,dat,dat_pp,The lawyer passed the umbrella to the apprentice.,4,10,22,30,11,17,4,10,22,30,0,lawyer,,pass,umbrella,apprentice,
item_01795,dat_P1_0147,P1,dat,dat_do,The lawyer passed the apprentice the umbrella.,4,10,37,45,11,17,4,10,37,45,0,lawyer,,pass,umbrella,apprentice,
item_01796,dat_P1_0148,P1,dat,dat_pp,The soldier passed the painting to the host.,4,11,23,31,12,18,4,11,23,31,0,soldier,,pass,painting,host,
item_01797,dat_P1_0148,P1,dat,dat_do,The soldier passed the host the painting.,4,11,32,40,12,18,4,11,32,40,0,soldier,,pass,painting,host,
item_01798,dat_P1_0149,P1,dat,dat_pp,The duke passed the magazine to the seller.,4,8,20,28,9,15,4,8,20,28,0,duke,,pass,magazine,seller,
item_01799,dat_P1_0149,P1,dat,dat_do,The duke passed the seller the magazine.,4,8,31,39,9,15,4,8,31,39,0,duke,,pass,magazine,seller,
item_01800,dat_P1_0150,P1,dat,dat_pp,The duke passed the bottle to the granddaughter.,4,8,20,26,9,15,4,8,20,26,0,duke,,pass,bottle,granddaughter,
item_01801,dat_P1_0150,P1,dat,dat_do,The duke passed the granddaughter the bottle.,4,8,38,44,9,15,4,8,38,44,0,duke,,pass,bottle,granddaughter,
item_01802,dat_P1_0151,P1,dat,dat_pp,The manager presented the bowl to the gardener.,4,11,26,30,12,21,4,11,26,30,0,manager,,present,bowl,gardener,
item_01803,dat_P1_0151,P1,dat,dat_do,The manager presented the gardener the bowl.,4,11,39,43,12,21,4,11,39,43,0,manager,,present,bowl,gardener,
item_01804,dat_P1_0152,P1,dat,dat_pp,The coach granted the bowl to the gardener.,4,9,22,26,10,17,4,9,22,26,0,coach,,grant,bowl,gardener,
item_01805,dat_P1_0152,P1,dat,dat_do,The coach granted the gardener the bowl.,4,9,35,39,10,17,4,9,35,39,0,coach,,grant,bowl,gardener,
item_01806,dat_P1_0153,P1,dat,dat_pp,The mayor handed the umbrella to the detective.,4,9,21,29,10,16,4,9,21,29,0,mayor,,hand,umbrella,detective,
item_01807,dat_P1_0153,P1,dat,dat_do,The mayor handed the detective the umbrella.,4,9,35,43,10,16,4,9,35,43,0,mayor,,hand,umbrella,detective,
item_01808,dat_P1_0154,P1,dat,dat_pp,The judge assigned the umbrella to the butler.,4,9,23,31,10,18,4,9,23,31,0,judge,,assign,umbrella,butler,
item_01809,dat_P1_0154,P1,dat,dat_do,The judge assigned the butler the umbrella.,4,9,34,42,10,18,4,9,34,42,0,judge,,assign,umbrella,butler,
item_01810,dat_P1_0155,P1,dat,dat_pp,The curator passed the umbrella to the boy.,4,11,23,31,12,18,4,11,23,31,0,curator,,pass,umbrella,boy,
item_01811,dat_P1_0155,P1,dat,dat_do,The curator passed the boy the umbrella.,4,11,31,39,12,18,4,11,31,39,0,curator,,pass,umbrella,boy,
item_01812,dat_P1_0156,P1,dat,dat_pp,The reporter assigned the ticket to the boy.,4,12,26,32,13,21,4,12,26,32,0,reporter,,assign,ticket,boy,
item_01813,dat_P1_0156,P1,dat,dat_do,The reporter assigned the boy the ticket.,4,12,34,40,13,21,4,12,34,40,0,reporter,,assign,ticket,boy,
item_01814,dat_P1_0157,P1,dat,dat_pp,The coach presented the report to the coachman.,4,9,24,30,10,19,4,9,24,30,0,coach,,present,report,coachman,
item_01815,dat_P1_0157,P1,dat,dat_do,The coach presented the coachman the report.,4,9,37,43,10,19,4,9,37,43,0,coach,,present,report,coachman,
item_01816,dat_P1_0158,P1,dat,dat_pp,The queen assigned the radio to the intern.,4,9,23,28,10,18,4,9,23,28,0,queen,,assign,radio,intern,
item_01817,dat_P1_0158,P1,dat,dat_do,The queen assigned the intern the radio.,4,9,34,39,10,18,4,9,34,39,0,queen,,assign,radio,intern,
item_01818,dat_P1_0159,P1,dat,dat_pp,The rider granted the laptop to the guest.,4,9,22,28,10,17,4,9,22,28,0,rider,,grant,laptop,guest,
item_01819,dat_P1_0159,P1,dat,dat_do,The rider granted the guest the laptop.,4,9,32,38,10,17,4,9,32,38,0,rider,,grant,laptop,guest,
item_01820,dat_P1_0160,P1,dat,dat_pp,The pharmacist passed the diagram to the apprentice.,4,14,26,33,15,21,4,14,26,33,0,pharmacist,,pass,diagram,apprentice,
item_01821,dat_P1_0160,P1,dat,dat_do,The pharmacist passed the apprentice the diagram.,4,14,41,48,15,21,4,14,41,48,0,pharmacist,,pass,diagram,apprentice,
item_01822,dat_P1_0161,P1,dat,dat_pp,The inventor assigned the package to the dealer.,4,12,26,33,13,21,4,12,26,33,0,inventor,,assign,package,dealer,
item_01823,dat_P1_0161,P1,dat,dat_do,The inventor assigned the dealer the package.,4,12,37,44,13,21,4,12,37,44,0,inventor,,assign,package,dealer,
item_01824,dat_P1_0162,P1,dat,dat_pp,The neighbor assigned the watch to the guest.,4,12,26,31,13,21,4,12,26,31,0,neighbor,,assign,watch,guest,
item_01825,dat_P1_0162,P1,dat,dat_do,The neighbor assigned the guest the watch.,4,12,36,41,13,21,4,12,36,41,0,neighbor,,assign,watch,guest,
item_01826,dat_P1_0163,P1,dat,dat_pp,The neighbor handed the watch to the seller.,4,12,24,29,13,19,4,12,24,29,0,neighbor,,hand,watch,seller,
item_01827,dat_P1_0163,P1,dat,dat_do,The neighbor handed the seller the watch.,4,12,35,40,13,19,4,12,35,40,0,neighbor,,hand,watch,seller,
item_01828,dat_P1_0164,P1,dat,dat_pp,The librarian handed the painting to the apprentice.,4,13,25,33,14,20,4,13,25,33,0,librarian,,hand,painting,apprentice,
item_01829,dat_P1_0164,P1,dat,dat_do,The librarian handed the apprentice the painting.,4,13,40,48,14,20,4,13,40,48,0,librarian,,hand,painting,apprentice,
item_01830,dat_P1_0165,P1,dat,dat_pp,The pharmacist passed the radio to the widower.,4,14,26,31,15,21,4,14,26,31,0,pharmacist,,pass,radio,widower,
item_01831,dat_P1_0165,P1,dat,dat_do,The pharmacist passed the widower the radio.,4,14,38,43,15,21,4,14,38,43,0,pharmacist,,pass,radio,widower,
item_01832,dat_P1_0166,P1,dat,dat_pp,The princess handed the umbrella to the intern.,4,12,24,32,13,19,4,12,24,32,0,princess,,hand,umbrella,intern,
item_01833,dat_P1_0166,P1,dat,dat_do,The princess handed the intern the umbrella.,4,12,35,43,13,19,4,12,35,43,0,princess,,hand,umbrella,intern,
item_01834,dat_P1_0167,P1,dat,dat_pp,The pharmacist assigned the magazine to the butler.,4,14,28,36,15,23,4,14,28,36,0,pharmacist,,assign,magazine,butler,
item_01835,dat_P1_0167,P1,dat,dat_do,The pharmacist assigned the butler the magazine.,4,14,39,47,15,23,4,14,39,47,0,pharmacist,,assign,magazine,butler,
item_01836,dat_P1_0168,P1,dat,dat_pp,The athlete handed the newspaper to the dealer.,4,11,23,32,12,18,4,11,23,32,0,athlete,,hand,newspaper,dealer,
item_01837,dat_P1_0168,P1,dat,dat_do,The athlete handed the dealer the newspaper.,4,11,34,43,12,18,4,11,34,43,0,athlete,,hand,newspaper,dealer,
item_01838,dat_P1_0169,P1,dat,dat_pp,The student assigned the cup to the butler.,4,11,25,28,12,20,4,11,25,28,0,student,,assign,cup,butler,
item_01839,dat_P1_0169,P1,dat,dat_do,The student assigned the butler the cup.,4,11,36,39,12,20,4,11,36,39,0,student,,assign,cup,butler,
item_01840,dat_P1_0170,P1,dat,dat_pp,The princess assigned the magazine to the intern.,4,12,26,34,13,21,4,12,26,34,0,princess,,assign,magazine,intern,
item_01841,dat_P1_0170,P1,dat,dat_do,The princess assigned the intern the magazine.,4,12,37,45,13,21,4,12,37,45,0,princess,,assign,magazine,intern,
item_01842,dat_P1_0171,P1,dat,dat_pp,The historian granted the watch to the host.,4,13,26,31,14,21,4,13,26,31,0,historian,,grant,watch,host,
item_01843,dat_P1_0171,P1,dat,dat_do,The historian granted the host the watch.,4,13,35,40,14,21,4,13,35,40,0,historian,,grant,watch,host,
item_01844,dat_P1_0172,P1,dat,dat_pp,The mayor passed the laptop to the host.,4,9,21,27,10,16,4,9,21,27,0,mayor,,pass,laptop,host,
item_01845,dat_P1_0172,P1,dat,dat_do,The mayor passed the host the laptop.,4,9,30,36,10,16,4,9,30,36,0,mayor,,pass,laptop,host,
item_01846,dat_P1_0173,P1,dat,dat_pp,The rider passed the radio to the boy.,4,9,21,26,10,16,4,9,21,26,0,rider,,pass,radio,boy,
item_01847,dat_P1_0173,P1,dat,dat_do,The rider passed the boy the radio.,4,9,29,34,10,16,4,9,29,34,0,rider,,pass,radio,boy,
item_01848,dat_P1_0174,P1,dat,dat_pp,The historian granted the bowl to the host.,4,13,26,30,14,21,4,13,26,30,0,historian,,grant,bowl,host,
item_01849,dat_P1_0174,P1,dat,dat_do,The historian granted the host the bowl.,4,13,35,39,14,21,4,13,35,39,0,historian,,grant,bowl,host,
item_01850,dat_P1_0175,P1,dat,dat_pp,The nurse handed the ticket to the butler.,4,9,21,27,10,16,4,9,21,27,0,nurse,,hand,ticket,butler,
item_01851,dat_P1_0175,P1,dat,dat_do,The nurse handed the butler the ticket.,4,9,32,38,10,16,4,9,32,38,0,nurse,,hand,ticket,butler,
item_01852,dat_P1_0176,P1,dat,dat_pp,The athlete passed the watch to the guest.,4,11,23,28,12,18,4,11,23,28,0,athlete,,pass,watch,guest,
item_01853,dat_P1_0176,P1,dat,dat_do,The athlete passed the guest the watch.,4,11,33,38,12,18,4,11,33,38,0,athlete,,pass,watch,guest,
item_01854,dat_P1_0177,P1,dat,dat_pp,The partner passed the parcel to the girl.,4,11,23,29,12,18,4,11,23,29,0,partner,,pass,parcel,girl,
item_01855,dat_P1_0177,P1,dat,dat_do,The partner passed the girl the parcel.,4,11,32,38,12,18,4,11,32,38,0,partner,,pass,parcel,girl,
item_01856,dat_P1_0178,P1,dat,dat_pp,The inventor handed the laptop to the boy.,4,12,24,30,13,19,4,12,24,30,0,inventor,,hand,laptop,boy,
item_01857,dat_P1_0178,P1,dat,dat_do,The inventor handed the boy the laptop.,4,12,32,38,13,19,4,12,32,38,0,inventor,,hand,laptop,boy,
item_01858,dat_P1_0179,P1,dat,dat_pp,The rider passed the painting to the detective.,4,9,21,29,10,16,4,9,21,29,0,rider,,pass,painting,detective,
item_01859,dat_P1_0179,P1,dat,dat_do,The rider passed the detective the painting.,4,9,35,43,10,16,4,9,35,43,0,rider,,pass,painting,detective,
item_01860,dat_P1_0180,P1,dat,dat_pp,The driver passed the parcel to the gardener.,4,10,22,28,11,17,4,10,22,28,0,driver,,pass,parcel,gardener,
item_01861,dat_P1_0180,P1,dat,dat_do,The driver passed the gardener the parcel.,4,10,35,41,11,17,4,10,35,41,0,driver,,pass,parcel,gardener,
item_01862,dat_P1_0181,P1,dat,dat_pp,The nurse presented the book to the detective.,4,9,24,28,10,19,4,9,24,28,0,nurse,,present,book,detective,
item_01863,dat_P1_0181,P1,dat,dat_do,The nurse presented the detective the book.,4,9,38,42,10,19,4,9,38,42,0,nurse,,present,book,detective,
item_01864,dat_P1_0182,P1,dat,dat_pp,The singer presented the bottle to the man.,4,10,25,31,11,20,4,10,25,31,0,singer,,present,bottle,man,
item_01865,dat_P1_0182,P1,dat,dat_do,The singer presented the man the bottle.,4,10,33,39,11,20,4,10,33,39,0,singer,,present,bottle,man,
item_01866,dat_P1_0183,P1,dat,dat_pp,The curator presented the parcel to the apprentice.,4,11,26,32,12,21,4,11,26,32,0,curator,,present,parcel,apprentice,
item_01867,dat_P1_0183,P1,dat,dat_do,The curator presented the apprentice the parcel.,4,11,41,47,12,21,4,11,41,47,0,curator,,present,parcel,apprentice,
item_01868,dat_P1_0184,P1,dat,dat_pp,The waiter granted the book to the butler.,4,10,23,27,11,18,4,10,23,27,0,waiter,,grant,book,butler,
item_01869,dat_P1_0184,P1,dat,dat_do,The waiter granted the butler the book.,4,10,34,38,11,18,4,10,34,38,0,waiter,,grant,book,butler,
item_01870,dat_P1_0185,P1,dat,dat_pp,The mayor granted the painting to the founder.,4,9,22,30,10,17,4,9,22,30,0,mayor,,grant,painting,founder,
item_01871,dat_P1_0185,P1,dat,dat_do,The mayor granted the founder the painting.,4,9,34,42,10,17,4,9,34,42,0,mayor,,grant,painting,founder,
item_01872,dat_P1_0186,P1,dat,dat_pp,The nurse handed the invitation to the girl.,4,9,21,31,10,16,4,9,21,31,0,nurse,,hand,invitation,girl,
item_01873,dat_P1_0186,P1,dat,dat_do,The nurse handed the girl the invitation.,4,9,30,40,10,16,4,9,30,40,0,nurse,,hand,invitation,girl,
item_01874,dat_P1_0187,P1,dat,dat_pp,The pharmacist presented the invitation to the dealer.,4,14,29,39,15,24,4,14,29,39,0,pharmacist,,present,invitation,dealer,
item_01875,dat_P1_0187,P1,dat,dat_do,The pharmacist presented the dealer the invitation.,4,14,40,50,15,24,4,14,40,50,0,pharmacist,,present,invitation,dealer,
item_01876,dat_P1_0188,P1,dat,dat_pp,The duke granted the package to the apprentice.,4,8,21,28,9,16,4,8,21,28,0,duke,,grant,package,apprentice,
item_01877,dat_P1_0188,P1,dat,dat_do,The duke granted the apprentice the package.,4,8,36,43,9,16,4,8,36,43,0,duke,,grant,package,apprentice,
item_01878,dat_P1_0189,P1,dat,dat_pp,The broker granted the package to the widow.,4,10,23,30,11,18,4,10,23,30,0,broker,,grant,package,widow,
item_01879,dat_P1_0189,P1,dat,dat_do,The broker granted the widow the package.,4,10,33,40,11,18,4,10,33,40,0,broker,,grant,package,widow,
item_01880,dat_P1_0190,P1,dat,dat_pp,The engineer granted the ticket to the coachman.,4,12,25,31,13,20,4,12,25,31,0,engineer,,grant,ticket,coachman,
item_01881,dat_P1_0190,P1,dat,dat_do,The engineer granted the coachman the ticket.,4,12,38,44,13,20,4,12,38,44,0,engineer,,grant,ticket,coachman,
item_01882,dat_P1_0191,P1,dat,dat_pp,The princess granted the umbrella to the gardener.,4,12,25,33,13,20,4,12,25,33,0,princess,,grant,umbrella,gardener,
item_01883,dat_P1_0191,P1,dat,dat_do,The princess granted the gardener the umbrella.,4,12,38,46,13,20,4,12,38,46,0,princess,,grant,umbrella,gardener,
item_01884,dat_P1_0192,P1,dat,dat_pp,The baron handed the parcel to the widower.,4,9,21,27,10,16,4,9,21,27,0,baron,,hand,parcel,widower,
item_01885,dat_P1_0192,P1,dat,dat_do,The baron handed the widower the parcel.,4,9,33,39,10,16,4,9,33,39,0,baron,,hand,parcel,widower,
item_01886,dat_P1_0193,P1,dat,dat_pp,The broker passed the laptop to the guest.,4,10,22,28,11,17,4,10,22,28,0,broker,,pass,laptop,guest,
item_01887,dat_P1_0193,P1,dat,dat_do,The broker passed the guest the laptop.,4,10,32,38,11,17,4,10,32,38,0,broker,,pass,laptop,guest,
item_01888,dat_P1_0194,P1,dat,dat_pp,The passenger granted the cup to the coachman.,4,13,26,29,14,21,4,13,26,29,0,passenger,,grant,cup,coachman,
item_01889,dat_P1_0194,P1,dat,dat_do,The passenger granted the coachman the cup.,4,13,39,42,14,21,4,13,39,42,0,passenger,,grant,cup,coachman,
item_01890,dat_P1_0195,P1,dat,dat_pp,The soldier assigned the radio to the gardener.,4,11,25,30,12,20,4,11,25,30,0,soldier,,assign,radio,gardener,
item_01891,dat_P1_0195,P1,dat,dat_do,The soldier assigned the gardener the radio.,4,11,38,43,12,20,4,11,38,43,0,soldier,,assign,radio,gardener,
item_01892,dat_P1_0196,P1,dat,dat_pp,The curator assigned the cup to the intern.,4,11,25,28,12,20,4,11,25,28,0,curator,,assign,cup,intern,
item_01893,dat_P1_0196,P1,dat,dat_do,The curator assigned the intern the cup.,4,11,36,39,12,20,4,11,36,39,0,curator,,assign,cup,intern,
item_01894,dat_P1_0197,P1,dat,dat_pp,The curator assigned the bottle to the widower.,4,11,25,31,12,20,4,11,25,31,0,curator,,assign,bottle,widower,
item_01895,dat_P1_0197,P1,dat,dat_do,The curator assigned the widower the bottle.,4,11,37,43,12,20,4,11,37,43,0,curator,,assign,bottle,widower,
item_01896,dat_P1_0198,P1,dat,dat_pp,The tailor handed the watch to the girl.,4,10,22,27,11,17,4,10,22,27,0,tailor,,hand,watch,girl,
item_01897,dat_P1_0198,P1,dat,dat_do,The tailor handed the girl the watch.,4,10,31,36,11,17,4,10,31,36,0,tailor,,hand,watch,girl,
item_01898,dat_P1_0199,P1,dat,dat_pp,The musician handed the prize to the coachman.,4,12,24,29,13,19,4,12,24,29,0,musician,,hand,prize,coachman,
item_01899,dat_P1_0199,P1,dat,dat_do,The musician handed the coachman the prize.,4,12,37,42,13,19,4,12,37,42,0,musician,,hand,prize,coachman,
item_01900,trans_P2_0000,P2,trans,active,The priest tested the guard.,4,10,22,27,11,17,4,10,22,27,0,priest,guard,test,,,
item_01901,trans_P2_0000,P2,trans,passive,The guard was tested by the priest.,28,34,4,9,14,20,4,9,28,34,1,priest,guard,test,,,
item_01902,trans_P2_0000,P2,trans,cleft,It was the priest who tested the guard.,11,17,33,38,22,28,11,17,33,38,0,priest,guard,test,,,
item_01903,trans_P2_0000,P2,trans,topical,"The guard, the priest tested.",15,21,4,9,22,28,4,9,15,21,1,priest,guard,test,,,
item_01904,trans_P2_0000,P2,trans,swap,The guard tested the priest.,4,9,21,27,10,16,4,9,21,27,0,priest,guard,test,,,
item_01905,trans_P2_0001,P2,trans,active,The poet called the prince.,4,8,20,26,9,15,4,8,20,26,0,poet,prince,call,,,
item_01906,trans_P2_0001,P2,trans,passive,The prince was called by the poet.,29,33,4,10,15,21,4,10,29,33,1,poet,prince,call,,,
item_01907,trans_P2_0001,P2,trans,cleft,It was the poet who called the prince.,11,15,31,37,20,26,11,15,31,37,0,poet,prince,call,,,
item_01908,trans_P2_0001,P2,trans,topical,"The prince, the poet called.",16,20,4,10,21,27,4,10,16,20,1,poet,prince,call,,,
item_01909,trans_P2_0001,P2,trans,swap,The prince called the poet.,4,10,22,26,11,17,4,10,22,26,0,poet,prince,call,,,
item_01910,trans_P2_0002,P2,trans,active,The captain helped the king.,4,11,23,27,12,18,4,11,23,27,0,captain,king,help,,,
item_01911,trans_P2_0002,P2,trans,passive,The king was helped by the captain.,27,34,4,8,13,19,4,8,27,34,1,captain,king,help,,,
item_01912,trans_P2_0002,P2,trans,cleft,It was the captain who helped the king.,11,18,34,38,23,29,11,18,34,38,0,captain,king,help,,,
item_01913,trans_P2_0002,P2,trans,topical,"The king, the captain helped.",14,21,4,8,22,28,4,8,14,21,1,captain,king,help,,,
item_01914,trans_P2_0002,P2,trans,swap,The king helped the captain.,4,8,20,27,9,15,4,8,20,27,0,captain,king,help,,,
item_01915,trans_P2_0003,P2,trans,active,The baker supported the economist.,4,9,24,33,10,19,4,9,24,33,0,baker,economist,support,,,
item_01916,trans_P2_0003,P2,trans,passive,The economist was supported by the baker.,35,40,4,13,18,27,4,13,35,40,1,baker,economist,support,,,
item_01917,trans_P2_0003,P2,trans,cleft,It was the baker who supported the economist.,11,16,35,44,21,30,11,16,35,44,0,baker,economist,support,,,
item_01918,trans_P2_0003,P2,trans,topical,"The economist, the baker supported.",19,24,4,13,25,34,4,13,19,24,1,baker,economist,support,,,
item_01919,trans_P2_0003,P2,trans,swap,The economist supported the baker.,4,13,28,33,14,23,4,13,28,33,0,baker,economist,support,,,
item_01920,trans_P2_0004,P2,trans,active,The doctor helped the senator.,4,10,22,29,11,17,4,10,22,29,0,doctor,senator,help,,,
item_01921,trans_P2_0004,P2,trans,passive,The senator was helped by the doctor.,30,36,4,11,16,22,4,11,30,36,1,doctor,senator,help,,,
item_01922,trans_P2_0004,P2,trans,cleft,It was the doctor who helped the senator.,11,17,33,40,22,28,11,17,33,40,0,doctor,senator,help,,,
item_01923,trans_P2_0004,P2,trans,topical,"The senator, the doctor helped.",17,23,4,11,24,30,4,11,17,23,1,doctor,senator,help,,,
item_01924,trans_P2_0004,P2,trans,swap,The senator helped the doctor.,4,11,23,29,12,18,4,11,23,29,0,doctor,senator,help,,,
item_01925,trans_P2_0005,P2,trans,active,The banker visited the captain.,4,10,23,30,11,18,4,10,23,30,0,banker,captain,visit,,,
item_01926,trans_P2_0005,P2,trans,passive,The captain was visited by the banker.,31,37,4,11,16,23,4,11,31,37,1,banker,captain,visit,,,
item_01927,trans_P2_0005,P2,trans,cleft,It was the banker who visited the captain.,11,17,34,41,22,29,11,17,34,41,0,banker,captain,visit,,,
item_01928,trans_P2_0005,P2,trans,topical,"The captain, the banker visited.",17,23,4,11,24,31,4,11,17,23,1,banker,captain,visit,,,
item_01929,trans_P2_0005,P2,trans,swap,The captain visited the banker.,4,11,24,30,12,19,4,11,24,30,0,banker,captain,visit,,,
item_01930,trans_P2_0006,P2,trans,active,The baker supported the aunt.,4,9,24,28,10,19,4,9,24,28,0,baker,aunt,support,,,
item_01931,trans_P2_0006,P2,trans,passive,The aunt was supported by the baker.,30,35,4,8,13,22,4,8,30,35,1,baker,aunt,support,,,
item_01932,trans_P2_0006,P2,trans,cleft,It was the baker who supported the aunt.,11,16,35,39,21,30,11,16,35,39,0,baker,aunt,support,,,
item_01933,trans_P2_0006,P2,trans,topical,"The aunt, the baker supported.",14,19,4,8,20,29,4,8,14,19,1,baker,aunt,support,,,
item_01934,trans_P2_0006,P2,trans,swap,The aunt supported the baker.,4,8,23,28,9,18,4,8,23,28,0,baker,aunt,support,,,
item_01935,trans_P2_0007,P2,trans,active,The farmer admired the guard.,4,10,23,28,11,18,4,10,23,28,0,farmer,guard,admire,,,
item_01936,trans_P2_0007,P2,trans,passive,The guard was admired by the farmer.,29,35,4,9,14,21,4,9,29,35,1,farmer,guard,admire,,,
item_01937,trans_P2_0007,P2,trans,cleft,It was the farmer who admired the guard.,11,17,34,39,22,29,11,17,34,39,0,farmer,guard,admire,,,
item_01938,trans_P2_0007,P2,trans,topical,"The guard, the farmer admired.",15,21,4,9,22,29,4,9,15,21,1,farmer,guard,admire,,,
item_01939,trans_P2_0007,P2,trans,swap,The guard admired the farmer.,4,9,22,28,10,17,4,9,22,28,0,farmer,guard,admire,,,
item_01940,trans_P2_0008,P2,trans,active,The visitor admired the prince.,4,11,24,30,12,19,4,11,24,30,0,visitor,prince,admire,,,
item_01941,trans_P2_0008,P2,trans,passive,The prince was admired by the visitor.,30,37,4,10,15,22,4,10,30,37,1,visitor,prince,admire,,,
item_01942,trans_P2_0008,P2,trans,cleft,It was the visitor who admired the prince.,11,18,35,41,23,30,11,18,35,41,0,visitor,prince,admire,,,
item_01943,trans_P2_0008,P2,trans,topical,"The prince, the visitor admired.",16,23,4,10,24,31,4,10,16,23,1,visitor,prince,admire,,,
item_01944,trans_P2_0008,P2,trans,swap,The prince admired the visitor.,4,10,23,30,11,18,4,10,23,30,0,visitor,prince,admire,,,
item_01945,trans_P2_0009,P2,trans,active,The plumber challenged the cousin.,4,11,27,33,12,22,4,11,27,33,0,plumber,cousin,challenge,,,
item_01946,trans_P2_0009,P2,trans,passive,The cousin was challenged by the plumber.,33,40,4,10,15,25,4,10,33,40,1,plumber,cousin,challenge,,,
item_01947,trans_P2_0009,P2,trans,cleft,It was the plumber who challenged the cousin.,11,18,38,44,23,33,11,18,38,44,0,plumber,cousin,challenge,,,
item_01948,trans_P2_0009,P2,trans,topical,"The cousin, the plumber challenged.",16,23,4,10,24,34,4,10,16,23,1,plumber,cousin,challenge,,,
item_01949,trans_P2_0009,P2,trans,swap,The cousin challenged the plumber.,4,10,26,33,11,21,4,10,26,33,0,plumber,cousin,challenge,,,
item_01950,trans_P2_0010,P2,trans,active,The visitor challenged the sculptor.,4,11,27,35,12,22,4,11,27,35,0,visitor,sculptor,challenge,,,
item_01951,trans_P2_0010,P2,trans,passive,The sculptor was challenged by the visitor.,35,42,4,12,17,27,4,12,35,42,1,visitor,sculptor,challenge,,,
item_01952,trans_P2_0010,P2,trans,cleft,It was the visitor who challenged the sculptor.,11,18,38,46,23,33,11,18,38,46,0,visitor,sculptor,challenge,,,
item_01953,trans_P2_0010,P2,trans,topical,"The sculptor, the visitor challenged.",18,25,4,12,26,36,4,12,18,25,1,visitor,sculptor,challenge,,,
item_01954,trans_P2_0010,P2,trans,swap,The sculptor challenged the visitor.,4,12,28,35,13,23,4,12,28,35,0,visitor,sculptor,challenge,,,
item_01955,trans_P2_0011,P2,trans,active,The scientist admired the editor.,4,13,26,32,14,21,4,13,26,32,0,scientist,editor,admire,,,
item_01956,trans_P2_0011,P2,trans,passive,The editor was admired by the scientist.,30,39,4,10,15,22,4,10,30,39,1,scientist,editor,admire,,,
item_01957,trans_P2_0011,P2,trans,cleft,It was the scientist who admired the editor.,11,20,37,43,25,32,11,20,37,43,0,scientist,editor,admire,,,
item_01958,trans_P2_0011,P2,trans,topical,"The editor, the scientist admired.",16,25,4,10,26,33,4,10,16,25,1,scientist,editor,admire,,,
item_01959,trans_P2_0011,P2,trans,swap,The editor admired the scientist.,4,10,23,32,11,18,4,10,23,32,0,scientist,editor,admire,,,
item_01960,trans_P2_0012,P2,trans,active,The poet admired the sculptor.,4,8,21,29,9,16,4,8,21,29,0,poet,sculptor,admire,,,
item_01961,trans_P2_0012,P2,trans,passive,The sculptor was admired by the poet.,32,36,4,12,17,24,4,12,32,36,1,poet,sculptor,admire,,,
item_01962,trans_P2_0012,P2,trans,cleft,It was the poet who admired the sculptor.,11,15,32,40,20,27,11,15,32,40,0,poet,sculptor,admire,,,
item_01963,trans_P2_0012,P2,trans,topical,"The sculptor, the poet admired.",18,22,4,12,23,30,4,12,18,22,1,poet,sculptor,admire,,,
item_01964,trans_P2_0012,P2,trans,swap,The sculptor admired the poet.,4,12,25,29,13,20,4,12,25,29,0,poet,sculptor,admire,,,
item_01965,trans_P2_0013,P2,trans,active,The doctor marked the captain.,4,10,22,29,11,17,4,10,22,29,0,doctor,captain,mark,,,
item_01966,trans_P2_0013,P2,trans,passive,The captain was marked by the doctor.,30,36,4,11,16,22,4,11,30,36,1,doctor,captain,mark,,,
item_01967,trans_P2_0013,P2,trans,cleft,It was the doctor who marked the captain.,11,17,33,40,22,28,11,17,33,40,0,doctor,captain,mark,,,
item_01968,trans_P2_0013,P2,trans,topical,"The captain, the doctor marked.",17,23,4,11,24,30,4,11,17,23,1,doctor,captain,mark,,,
item_01969,trans_P2_0013,P2,trans,swap,The captain marked the doctor.,4,11,23,29,12,18,4,11,23,29,0,doctor,captain,mark,,,
item_01970,trans_P2_0014,P2,trans,active,The officer followed the colleague.,4,11,25,34,12,20,4,11,25,34,0,officer,colleague,follow,,,
item_01971,trans_P2_0014,P2,trans,passive,The colleague was followed by the officer.,34,41,4,13,18,26,4,13,34,41,1,officer,colleague,follow,,,
item_01972,trans_P2_0014,P2,trans,cleft,It was the officer who followed the colleague.,11,18,36,45,23,31,11,18,36,45,0,officer,colleague,follow,,,
item_01973,trans_P2_0014,P2,trans,topical,"The colleague, the officer followed.",19,26,4,13,27,35,4,13,19,26,1,officer,colleague,follow,,,
item_01974,trans_P2_0014,P2,trans,swap,The colleague followed the officer.,4,13,27,34,14,22,4,13,27,34,0,officer,colleague,follow,,,
item_01975,trans_P2_0015,P2,trans,active,The physicist helped the guard.,4,13,25,30,14,20,4,13,25,30,0,physicist,guard,help,,,
item_01976,trans_P2_0015,P2,trans,passive,The guard was helped by the physicist.,28,37,4,9,14,20,4,9,28,37,1,physicist,guard,help,,,
item_01977,trans_P2_0015,P2,trans,cleft,It was the physicist who helped the guard.,11,20,36,41,25,31,11,20,36,41,0,physicist,guard,help,,,
item_01978,trans_P2_0015,P2,trans,topical,"The guard, the physicist helped.",15,24,4,9,25,31,4,9,15,24,1,physicist,guard,help,,,
item_01979,trans_P2_0015,P2,trans,swap,The guard helped the physicist.,4,9,21,30,10,16,4,9,21,30,0,physicist,guard,help,,,
item_01980,trans_P2_0016,P2,trans,active,The surgeon noticed the poet.,4,11,24,28,12,19,4,11,24,28,0,surgeon,poet,notice,,,
item_01981,trans_P2_0016,P2,trans,passive,The poet was noticed by the surgeon.,28,35,4,8,13,20,4,8,28,35,1,surgeon,poet,notice,,,
item_01982,trans_P2_0016,P2,trans,cleft,It was the surgeon who noticed the poet.,11,18,35,39,23,30,11,18,35,39,0,surgeon,poet,notice,,,
item_01983,trans_P2_0016,P2,trans,topical,"The poet, the surgeon noticed.",14,21,4,8,22,29,4,8,14,21,1,surgeon,poet,notice,,,
item_01984,trans_P2_0016,P2,trans,swap,The poet noticed the surgeon.,4,8,21,28,9,16,4,8,21,28,0,surgeon,poet,notice,,,
item_01985,trans_P2_0017,P2,trans,active,The economist marked the tourist.,4,13,25,32,14,20,4,13,25,32,0,economist,tourist,mark,,,
item_01986,trans_P2_0017,P2,trans,passive,The tourist was marked by the economist.,30,39,4,11,16,22,4,11,30,39,1,economist,tourist,mark,,,
item_01987,trans_P2_0017,P2,trans,cleft,It was the economist who marked the tourist.,11,20,36,43,25,31,11,20,36,43,0,economist,tourist,mark,,,
item_01988,trans_P2_0017,P2,trans,topical,"The tourist, the economist marked.",17,26,4,11,27,33,4,11,17,26,1,economist,tourist,mark,,,
item_01989,trans_P2_0017,P2,trans,swap,The tourist marked the economist.,4,11,23,32,12,18,4,11,23,32,0,economist,tourist,mark,,,
item_01990,trans_P2_0018,P2,trans,active,The poet tested the painter.,4,8,20,27,9,15,4,8,20,27,0,poet,painter,test,,,
item_01991,trans_P2_0018,P2,trans,passive,The painter was tested by the poet.,30,34,4,11,16,22,4,11,30,34,1,poet,painter,test,,,
item_01992,trans_P2_0018,P2,trans,cleft,It was the poet who tested the painter.,11,15,31,38,20,26,11,15,31,38,0,poet,painter,test,,,
item_01993,trans_P2_0018,P2,trans,topical,"The painter, the poet tested.",17,21,4,11,22,28,4,11,17,21,1,poet,painter,test,,,
item_01994,trans_P2_0018,P2,trans,swap,The painter tested the poet.,4,11,23,27,12,18,4,11,23,27,0,poet,painter,test,,,
item_01995,trans_P2_0019,P2,trans,active,The actor admired the physicist.,4,9,22,31,10,17,4,9,22,31,0,actor,physicist,admire,,,
item_01996,trans_P2_0019,P2,trans,passive,The physicist was admired by the actor.,33,38,4,13,18,25,4,13,33,38,1,actor,physicist,admire,,,
item_01997,trans_P2_0019,P2,trans,cleft,It was the actor who admired the physicist.,11,16,33,42,21,28,11,16,33,42,0,actor,physicist,admire,,,
item_01998,trans_P2_0019,P2,trans,topical,"The physicist, the actor admired.",19,24,4,13,25,32,4,13,19,24,1,actor,physicist,admire,,,
item_01999,trans_P2_0019,P2,trans,swap,The physicist admired the actor.,4,13,26,31,14,21,4,13,26,31,0,actor,physicist,admire,,,
item_02000,trans_P2_0020,P2,trans,active,The king challenged the guard.,4,8,24,29,9,19,4,8,24,29,0,king,guard,challenge,,,
item_02001,trans_P2_0020,P2,trans,passive,The guard was challenged by the king.,32,36,4,9,14,24,4,9,32,36,1,king,guard,challenge,,,
item_02002,trans_P2_0020,P2,trans,cleft,It was the king who challenged the guard.,11,15,35,40,20,30,11,15,35,40,0,king,guard,challenge,,,
item_02003,trans_P2_0020,P2,trans,topical,"The guard, the king challenged.",15,19,4,9,20,30,4,9,15,19,1,king,guard,challenge,,,
item_02004,trans_P2_0020,P2,trans,swap,The guard challenged the king.,4,9,25,29,10,20,4,9,25,29,0,king,guard,challenge,,,
item_02005,trans_P2_0021,P2,trans,active,The king helped the artist.,4,8,20,26,9,15,4,8,20,26,0,king,artist,help,,,
item_02006,trans_P2_0021,P2,trans,passive,The artist was helped by the king.,29,33,4,10,15,21,4,10,29,33,1,king,artist,help,,,
item_02007,trans_P2_0021,P2,trans,cleft,It was the king who helped the artist.,11,15,31,37,20,26,11,15,31,37,0,king,artist,help,,,
item_02008,trans_P2_0021,P2,trans,topical,"The artist, the king helped.",16,20,4,10,21,27,4,10,16,20,1,king,artist,help,,,
item_02009,trans_P2_0021,P2,trans,swap,The artist helped the king.,4,10,22,26,11,17,4,10,22,26,0,king,artist,help,,,
item_02010,trans_P2_0022,P2,trans,active,The artist called the doctor.,4,10,22,28,11,17,4,10,22,28,0,artist,doctor,call,,,
item_02011,trans_P2_0022,P2,trans,passive,The doctor was called by the artist.,29,35,4,10,15,21,4,10,29,35,1,artist,doctor,call,,,
item_02012,trans_P2_0022,P2,trans,cleft,It was the artist who called the doctor.,11,17,33,39,22,28,11,17,33,39,0,artist,doctor,call,,,
item_02013,trans_P2_0022,P2,trans,topical,"The doctor, the artist called.",16,22,4,10,23,29,4,10,16,22,1,artist,doctor,call,,,
item_02014,trans_P2_0022,P2,trans,swap,The doctor called the artist.,4,10,22,28,11,17,4,10,22,28,0,artist,doctor,call,,,
item_02015,trans_P2_0023,P2,trans,active,The pilot tested the chef.,4,9,21,25,10,16,4,9,21,25,0,pilot,chef,test,,,
item_02016,trans_P2_0023,P2,trans,passive,The chef was tested by the pilot.,27,32,4,8,13,19,4,8,27,32,1,pilot,chef,test,,,
item_02017,trans_P2_0023,P2,trans,cleft,It was the pilot who tested the chef.,11,16,32,36,21,27,11,16,32,36,0,pilot,chef,test,,,
item_02018,trans_P2_0023,P2,trans,topical,"The chef, the pilot tested.",14,19,4,8,20,26,4,8,14,19,1,pilot,chef,test,,,
item_02019,trans_P2_0023,P2,trans,swap,The chef tested the pilot.,4,8,20,25,9,15,4,8,20,25,0,pilot,chef,test,,,
item_02020,trans_P2_0024,P2,trans,active,The actor marked the carpenter.,4,9,21,30,10,16,4,9,21,30,0,actor,carpenter,mark,,,
item_02021,trans_P2_0024,P2,trans,passive,The carpenter was marked by the actor.,32,37,4,13,18,24,4,13,32,37,1,actor,carpenter,mark,,,
item_02022,trans_P2_0024,P2,trans,cleft,It was the actor who marked the carpenter.,11,16,32,41,21,27,11,16,32,41,0,actor,carpenter,mark,,,
item_02023,trans_P2_0024,P2,trans,topical,"The carpenter, the actor marked.",19,24,4,13,25,31,4,13,19,24,1,actor,carpenter,mark,,,
item_02024,trans_P2_0024,P2,trans,swap,The carpenter marked the actor.,4,13,25,30,14,20,4,13,25,30,0,actor,carpenter,mark,,,
item_02025,trans_P2_0025,P2,trans,active,The physicist challenged the captain.,4,13,29,36,14,24,4,13,29,36,0,physicist,captain,challenge,,,
item_02026,trans_P2_0025,P2,trans,passive,The captain was challenged by the physicist.,34,43,4,11,16,26,4,11,34,43,1,physicist,captain,challenge,,,
item_02027,trans_P2_0025,P2,trans,cleft,It was the physicist who challenged the captain.,11,20,40,47,25,35,11,20,40,47,0,physicist,captain,challenge,,,
item_02028,trans_P2_0025,P2,trans,topical,"The captain, the physicist challenged.",17,26,4,11,27,37,4,11,17,26,1,physicist,captain,challenge,,,
item_02029,trans_P2_0025,P2,trans,swap,The captain challenged the physicist.,4,11,27,36,12,22,4,11,27,36,0,physicist,captain,challenge,,,
item_02030,trans_P2_0026,P2,trans,active,The baker tested the pilot.,4,9,21,26,10,16,4,9,21,26,0,baker,pilot,test,,,
item_02031,trans_P2_0026,P2,trans,passive,The pilot was tested by the baker.,28,33,4,9,14,20,4,9,28,33,1,baker,pilot,test,,,
item_02032,trans_P2_0026,P2,trans,cleft,It was the baker who tested the pilot.,11,16,32,37,21,27,11,16,32,37,0,baker,pilot,test,,,
item_02033,trans_P2_0026,P2,trans,topical,"The pilot, the baker tested.",15,20,4,9,21,27,4,9,15,20,1,baker,pilot,test,,,
item_02034,trans_P2_0026,P2,trans,swap,The pilot tested the baker.,4,9,21,26,10,16,4,9,21,26,0,baker,pilot,test,,,
item_02035,trans_P2_0027,P2,trans,active,The editor confirmed the teacher.,4,10,25,32,11,20,4,10,25,32,0,editor,teacher,confirm,,,
item_02036,trans_P2_0027,P2,trans,passive,The teacher was confirmed by the editor.,33,39,4,11,16,25,4,11,33,39,1,editor,teacher,confirm,,,
item_02037,trans_P2_0027,P2,trans,cleft,It was the editor who confirmed the teacher.,11,17,36,43,22,31,11,17,36,43,0,editor,teacher,confirm,,,
item_02038,trans_P2_0027,P2,trans,topical,"The teacher, the editor confirmed.",17,23,4,11,24,33,4,11,17,23,1,editor,teacher,confirm,,,
item_02039,trans_P2_0027,P2,trans,swap,The teacher confirmed the editor.,4,11,26,32,12,21,4,11,26,32,0,editor,teacher,confirm,,,
item_02040,trans_P2_0028,P2,trans,active,The king called the sculptor.,4,8,20,28,9,15,4,8,20,28,0,king,sculptor,call,,,
item_02041,trans_P2_0028,P2,trans,passive,The sculptor was called by the king.,31,35,4,12,17,23,4,12,31,35,1,king,sculptor,call,,,
item_02042,trans_P2_0028,P2,trans,cleft,It was the king who called the sculptor.,11,15,31,39,20,26,11,15,31,39,0,king,sculptor,call,,,
item_02043,trans_P2_0028,P2,trans,topical,"The sculptor, the king called.",18,22,4,12,23,29,4,12,18,22,1,king,sculptor,call,,,
item_02044,trans_P2_0028,P2,trans,swap,The sculptor called the king.,4,12,24,28,13,19,4,12,24,28,0,king,sculptor,call,,,
item_02045,trans_P2_0029,P2,trans,active,The surgeon visited the physicist.,4,11,24,33,12,19,4,11,24,33,0,surgeon,physicist,visit,,,
item_02046,trans_P2_0029,P2,trans,passive,The physicist was visited by the surgeon.,33,40,4,13,18,25,4,13,33,40,1,surgeon,physicist,visit,,,
item_02047,trans_P2_0029,P2,trans,cleft,It was the surgeon who visited the physicist.,11,18,35,44,23,30,11,18,35,44,0,surgeon,physicist,visit,,,
item_02048,trans_P2_0029,P2,trans,topical,"The physicist, the surgeon visited.",19,26,4,13,27,34,4,13,19,26,1,surgeon,physicist,visit,,,
item_02049,trans_P2_0029,P2,trans,swap,The physicist visited the surgeon.,4,13,26,33,14,21,4,13,26,33,0,surgeon,physicist,visit,,,
item_02050,trans_P2_0030,P2,trans,active,The plumber followed the priest.,4,11,25,31,12,20,4,11,25,31,0,plumber,priest,follow,,,
item_02051,trans_P2_0030,P2,trans,passive,The priest was followed by the plumber.,31,38,4,10,15,23,4,10,31,38,1,plumber,priest,follow,,,
item_02052,trans_P2_0030,P2,trans,cleft,It was the plumber who followed the priest.,11,18,36,42,23,31,11,18,36,42,0,plumber,priest,follow,,,
item_02053,trans_P2_0030,P2,trans,topical,"The priest, the plumber followed.",16,23,4,10,24,32,4,10,16,23,1,plumber,priest,follow,,,
item_02054,trans_P2_0030,P2,trans,swap,The priest followed the plumber.,4,10,24,31,11,19,4,10,24,31,0,plumber,priest,follow,,,
item_02055,trans_P2_0031,P2,trans,active,The officer supported the captain.,4,11,26,33,12,21,4,11,26,33,0,officer,captain,support,,,
item_02056,trans_P2_0031,P2,trans,passive,The captain was supported by the officer.,33,40,4,11,16,25,4,11,33,40,1,officer,captain,support,,,
item_02057,trans_P2_0031,P2,trans,cleft,It was the officer who supported the captain.,11,18,37,44,23,32,11,18,37,44,0,officer,captain,support,,,
item_02058,trans_P2_0031,P2,trans,topical,"The captain, the officer supported.",17,24,4,11,25,34,4,11,17,24,1,officer,captain,support,,,
item_02059,trans_P2_0031,P2,trans,swap,The captain supported the officer.,4,11,26,33,12,21,4,11,26,33,0,officer,captain,support,,,
item_02060,trans_P2_0032,P2,trans,active,The writer thanked the priest.,4,10,23,29,11,18,4,10,23,29,0,writer,priest,thank,,,
item_02061,trans_P2_0032,P2,trans,passive,The priest was thanked by the writer.,30,36,4,10,15,22,4,10,30,36,1,writer,priest,thank,,,
item_02062,trans_P2_0032,P2,trans,cleft,It was the writer who thanked the priest.,11,17,34,40,22,29,11,17,34,40,0,writer,priest,thank,,,
item_02063,trans_P2_0032,P2,trans,topical,"The priest, the writer thanked.",16,22,4,10,23,30,4,10,16,22,1,writer,priest,thank,,,
item_02064,trans_P2_0032,P2,trans,swap,The priest thanked the writer.,4,10,23,29,11,18,4,10,23,29,0,writer,priest,thank,,,
item_02065,trans_P2_0033,P2,trans,active,The teacher followed the editor.,4,11,25,31,12,20,4,11,25,31,0,teacher,editor,follow,,,
item_02066,trans_P2_0033,P2,trans,passive,The editor was followed by the teacher.,31,38,4,10,15,23,4,10,31,38,1,teacher,editor,follow,,,
item_02067,trans_P2_0033,P2,trans,cleft,It was the teacher who followed the editor.,11,18,36,42,23,31,11,18,36,42,0,teacher,editor,follow,,,
item_02068,trans_P2_0033,P2,trans,topical,"The editor, the teacher followed.",16,23,4,10,24,32,4,10,16,23,1,teacher,editor,follow,,,
item_02069,trans_P2_0033,P2,trans,swap,The editor followed the teacher.,4,10,24,31,11,19,4,10,24,31,0,teacher,editor,follow,,,
item_02070,trans_P2_0034,P2,trans,active,The doctor helped the writer.,4,10,22,28,11,17,4,10,22,28,0,doctor,writer,help,,,
item_02071,trans_P2_0034,P2,trans,passive,The writer was helped by the doctor.,29,35,4,10,15,21,4,10,29,35,1,doctor,writer,help,,,
item_02072,trans_P2_0034,P2,trans,cleft,It was the doctor who helped the writer.,11,17,33,39,22,28,11,17,33,39,0,doctor,writer,help,,,
item_02073,trans_P2_0034,P2,trans,topical,"The writer, the doctor helped.",16,22,4,10,23,29,4,10,16,22,1,doctor,writer,help,,,
item_02074,trans_P2_0034,P2,trans,swap,The writer helped the doctor.,4,10,22,28,11,17,4,10,22,28,0,doctor,writer,help,,,
item_02075,trans_P2_0035,P2,trans,active,The physicist noticed the economist.,4,13,26,35,14,21,4,13,26,35,0,physicist,economist,notice,,,
item_02076,trans_P2_0035,P2,trans,passive,The economist was noticed by the physicist.,33,42,4,13,18,25,4,13,33,42,1,physicist,economist,notice,,,
item_02077,trans_P2_0035,P2,trans,cleft,It was the physicist who noticed the economist.,11,20,37,46,25,32,11,20,37,46,0,physicist,economist,notice,,,
item_02078,trans_P2_0035,P2,trans,topical,"The economist, the physicist noticed.",19,28,4,13,29,36,4,13,19,28,1,physicist,economist,notice,,,
item_02079,trans_P2_0035,P2,trans,swap,The economist noticed the physicist.,4,13,26,35,14,21,4,13,26,35,0,physicist,economist,notice,,,
item_02080,trans_P2_0036,P2,trans,active,The poet followed the aunt.,4,8,22,26,9,17,4,8,22,26,0,poet,aunt,follow,,,
item_02081,trans_P2_0036,P2,trans,passive,The aunt was followed by the poet.,29,33,4,8,13,21,4,8,29,33,1,poet,aunt,follow,,,
item_02082,trans_P2_0036,P2,trans,cleft,It was the poet who followed the aunt.,11,15,33,37,20,28,11,15,33,37,0,poet,aunt,follow,,,
item_02083,trans_P2_0036,P2,trans,topical,"The aunt, the poet followed.",14,18,4,8,19,27,4,8,14,18,1,poet,aunt,follow,,,
item_02084,trans_P2_0036,P2,trans,swap,The aunt followed the poet.,4,8,22,26,9,17,4,8,22,26,0,poet,aunt,follow,,,
item_02085,trans_P2_0037,P2,trans,active,The king called the farmer.,4,8,20,26,9,15,4,8,20,26,0,king,farmer,call,,,
item_02086,trans_P2_0037,P2,trans,passive,The farmer was called by the king.,29,33,4,10,15,21,4,10,29,33,1,king,farmer,call,,,
item_02087,trans_P2_0037,P2,trans,cleft,It was the king who called the farmer.,11,15,31,37,20,26,11,15,31,37,0,king,farmer,call,,,
item_02088,trans_P2_0037,P2,trans,topical,"The farmer, the king called.",16,20,4,10,21,27,4,10,16,20,1,king,farmer,call,,,
item_02089,trans_P2_0037,P2,trans,swap,The farmer called the king.,4,10,22,26,11,17,4,10,22,26,0,king,farmer,call,,,
item_02090,trans_P2_0038,P2,trans,active,The chef admired the officer.,4,8,21,28,9,16,4,8,21,28,0,chef,officer,admire,,,
item_02091,trans_P2_0038,P2,trans,passive,The officer was admired by the chef.,31,35,4,11,16,23,4,11,31,35,1,chef,officer,admire,,,
item_02092,trans_P2_0038,P2,trans,cleft,It was the chef who admired the officer.,11,15,32,39,20,27,11,15,32,39,0,chef,officer,admire,,,
item_02093,trans_P2_0038,P2,trans,topical,"The officer, the chef admired.",17,21,4,11,22,29,4,11,17,21,1,chef,officer,admire,,,
item_02094,trans_P2_0038,P2,trans,swap,The officer admired the chef.,4,11,24,28,12,19,4,11,24,28,0,chef,officer,admire,,,
item_02095,trans_P2_0039,P2,trans,active,The poet supported the philosopher.,4,8,23,34,9,18,4,8,23,34,0,poet,philosopher,support,,,
item_02096,trans_P2_0039,P2,trans,passive,The philosopher was supported by the poet.,37,41,4,15,20,29,4,15,37,41,1,poet,philosopher,support,,,
item_02097,trans_P2_0039,P2,trans,cleft,It was the poet who supported the philosopher.,11,15,34,45,20,29,11,15,34,45,0,poet,philosopher,support,,,
item_02098,trans_P2_0039,P2,trans,topical,"The philosopher, the poet supported.",21,25,4,15,26,35,4,15,21,25,1,poet,philosopher,support,,,
item_02099,trans_P2_0039,P2,trans,swap,The philosopher supported the poet.,4,15,30,34,16,25,4,15,30,34,0,poet,philosopher,support,,,
item_02100,trans_P2_0040,P2,trans,active,The king supported the carpenter.,4,8,23,32,9,18,4,8,23,32,0,king,carpenter,support,,,
item_02101,trans_P2_0040,P2,trans,passive,The carpenter was supported by the king.,35,39,4,13,18,27,4,13,35,39,1,king,carpenter,support,,,
item_02102,trans_P2_0040,P2,trans,cleft,It was the king who supported the carpenter.,11,15,34,43,20,29,11,15,34,43,0,king,carpenter,support,,,
item_02103,trans_P2_0040,P2,trans,topical,"The carpenter, the king supported.",19,23,4,13,24,33,4,13,19,23,1,king,carpenter,support,,,
item_02104,trans_P2_0040,P2,trans,swap,The carpenter supported the king.,4,13,28,32,14,23,4,13,28,32,0,king,carpenter,support,,,
item_02105,trans_P2_0041,P2,trans,active,The banker tested the tourist.,4,10,22,29,11,17,4,10,22,29,0,banker,tourist,test,,,
item_02106,trans_P2_0041,P2,trans,passive,The tourist was tested by the banker.,30,36,4,11,16,22,4,11,30,36,1,banker,tourist,test,,,
item_02107,trans_P2_0041,P2,trans,cleft,It was the banker who tested the tourist.,11,17,33,40,22,28,11,17,33,40,0,banker,tourist,test,,,
item_02108,trans_P2_0041,P2,trans,topical,"The tourist, the banker tested.",17,23,4,11,24,30,4,11,17,23,1,banker,tourist,test,,,
item_02109,trans_P2_0041,P2,trans,swap,The tourist tested the banker.,4,11,23,29,12,18,4,11,23,29,0,banker,tourist,test,,,
item_02110,trans_P2_0042,P2,trans,active,The cousin helped the poet.,4,10,22,26,11,17,4,10,22,26,0,cousin,poet,help,,,
item_02111,trans_P2_0042,P2,trans,passive,The poet was helped by the cousin.,27,33,4,8,13,19,4,8,27,33,1,cousin,poet,help,,,
item_02112,trans_P2_0042,P2,trans,cleft,It was the cousin who helped the poet.,11,17,33,37,22,28,11,17,33,37,0,cousin,poet,help,,,
item_02113,trans_P2_0042,P2,trans,topical,"The poet, the cousin helped.",14,20,4,8,21,27,4,8,14,20,1,cousin,poet,help,,,
item_02114,trans_P2_0042,P2,trans,swap,The poet helped the cousin.,4,8,20,26,9,15,4,8,20,26,0,cousin,poet,help,,,
item_02115,trans_P2_0043,P2,trans,active,The physicist confirmed the prince.,4,13,28,34,14,23,4,13,28,34,0,physicist,prince,confirm,,,
item_02116,trans_P2_0043,P2,trans,passive,The prince was confirmed by the physicist.,32,41,4,10,15,24,4,10,32,41,1,physicist,prince,confirm,,,
item_02117,trans_P2_0043,P2,trans,cleft,It was the physicist who confirmed the prince.,11,20,39,45,25,34,11,20,39,45,0,physicist,prince,confirm,,,
item_02118,trans_P2_0043,P2,trans,topical,"The prince, the physicist confirmed.",16,25,4,10,26,35,4,10,16,25,1,physicist,prince,confirm,,,
item_02119,trans_P2_0043,P2,trans,swap,The prince confirmed the physicist.,4,10,25,34,11,20,4,10,25,34,0,physicist,prince,confirm,,,
item_02120,trans_P2_0044,P2,trans,active,The banker admired the philosopher.,4,10,23,34,11,18,4,10,23,34,0,banker,philosopher,admire,,,
item_02121,trans_P2_0044,P2,trans,passive,The philosopher was admired by the banker.,35,41,4,15,20,27,4,15,35,41,1,banker,philosopher,admire,,,
item_02122,trans_P2_0044,P2,trans,cleft,It was the banker who admired the philosopher.,11,17,34,45,22,29,11,17,34,45,0,banker,philosopher,admire,,,
item_02123,trans_P2_0044,P2,trans,topical,"The philosopher, the banker admired.",21,27,4,15,28,35,4,15,21,27,1,banker,philosopher,admire,,,
item_02124,trans_P2_0044,P2,trans,swap,The philosopher admired the banker.,4,15,28,34,16,23,4,15,28,34,0,banker,philosopher,admire,,,
item_02125,trans_P2_0045,P2,trans,active,The philosopher thanked the economist.,4,15,28,37,16,23,4,15,28,37,0,philosopher,economist,thank,,,
item_02126,trans_P2_0045,P2,trans,passive,The economist was thanked by the philosopher.,33,44,4,13,18,25,4,13,33,44,1,philosopher,economist,thank,,,
item_02127,trans_P2_0045,P2,trans,cleft,It was the philosopher who thanked the economist.,11,22,39,48,27,34,11,22,39,48,0,philosopher,economist,thank,,,
item_02128,trans_P2_0045,P2,trans,topical,"The economist, the philosopher thanked.",19,30,4,13,31,38,4,13,19,30,1,philosopher,economist,thank,,,
item_02129,trans_P2_0045,P2,trans,swap,The economist thanked the philosopher.,4,13,26,37,14,21,4,13,26,37,0,philosopher,economist,thank,,,
item_02130,trans_P2_0046,P2,trans,active,The pilot tested the physicist.,4,9,21,30,10,16,4,9,21,30,0,pilot,physicist,test,,,
item_02131,trans_P2_0046,P2,trans,passive,The physicist was tested by the pilot.,32,37,4,13,18,24,4,13,32,37,1,pilot,physicist,test,,,
item_02132,trans_P2_0046,P2,trans,cleft,It was the pilot who tested the physicist.,11,16,32,41,21,27,11,16,32,41,0,pilot,physicist,test,,,
item_02133,trans_P2_0046,P2,trans,topical,"The physicist, the pilot tested.",19,24,4,13,25,31,4,13,19,24,1,pilot,physicist,test,,,
item_02134,trans_P2_0046,P2,trans,swap,The physicist tested the pilot.,4,13,25,30,14,20,4,13,25,30,0,pilot,physicist,test,,,
item_02135,trans_P2_0047,P2,trans,active,The teacher supported the captain.,4,11,26,33,12,21,4,11,26,33,0,teacher,captain,support,,,
item_02136,trans_P2_0047,P2,trans,passive,The captain was supported by the teacher.,33,40,4,11,16,25,4,11,33,40,1,teacher,captain,support,,,
item_02137,trans_P2_0047,P2,trans,cleft,It was the teacher who supported the captain.,11,18,37,44,23,32,11,18,37,44,0,teacher,captain,support,,,
item_02138,trans_P2_0047,P2,trans,topical,"The captain, the teacher supported.",17,24,4,11,25,34,4,11,17,24,1,teacher,captain,support,,,
item_02139,trans_P2_0047,P2,trans,swap,The captain supported the teacher.,4,11,26,33,12,21,4,11,26,33,0,teacher,captain,support,,,
item_02140,trans_P2_0048,P2,trans,active,The surgeon called the actor.,4,11,23,28,12,18,4,11,23,28,0,surgeon,actor,call,,,
item_02141,trans_P2_0048,P2,trans,passive,The actor was called by the surgeon.,28,35,4,9,14,20,4,9,28,35,1,surgeon,actor,call,,,
item_02142,trans_P2_0048,P2,trans,cleft,It was the surgeon who called the actor.,11,18,34,39,23,29,11,18,34,39,0,surgeon,actor,call,,,
item_02143,trans_P2_0048,P2,trans,topical,"The actor, the surgeon called.",15,22,4,9,23,29,4,9,15,22,1,surgeon,actor,call,,,
item_02144,trans_P2_0048,P2,trans,swap,The actor called the surgeon.,4,9,21,28,10,16,4,9,21,28,0,surgeon,actor,call,,,
item_02145,trans_P2_0049,P2,trans,active,The uncle supported the carpenter.,4,9,24,33,10,19,4,9,24,33,0,uncle,carpenter,support,,,
item_02146,trans_P2_0049,P2,trans,passive,The carpenter was supported by the uncle.,35,40,4,13,18,27,4,13,35,40,1,uncle,carpenter,support,,,
item_02147,trans_P2_0049,P2,trans,cleft,It was the uncle who supported the carpenter.,11,16,35,44,21,30,11,16,35,44,0,uncle,carpenter,support,,,
item_02148,trans_P2_0049,P2,trans,topical,"The carpenter, the uncle supported.",19,24,4,13,25,34,4,13,19,24,1,uncle,carpenter,support,,,
item_02149,trans_P2_0049,P2,trans,swap,The carpenter supported the uncle.,4,13,28,33,14,23,4,13,28,33,0,uncle,carpenter,support,,,
item_02150,trans_P2_0050,P2,trans,active,The visitor confirmed the captain.,4,11,26,33,12,21,4,11,26,33,0,visitor,captain,confirm,,,
item_02151,trans_P2_0050,P2,trans,passive,The captain was confirmed by the visitor.,33,40,4,11,16,25,4,11,33,40,1,visitor,captain,confirm,,,
item_02152,trans_P2_0050,P2,trans,cleft,It was the visitor who confirmed the captain.,11,18,37,44,23,32,11,18,37,44,0,visitor,captain,confirm,,,
item_02153,trans_P2_0050,P2,trans,topical,"The captain, the visitor confirmed.",17,24,4,11,25,34,4,11,17,24,1,visitor,captain,confirm,,,
item_02154,trans_P2_0050,P2,trans,swap,The captain confirmed the visitor.,4,11,26,33,12,21,4,11,26,33,0,visitor,captain,confirm,,,
item_02155,trans_P2_0051,P2,trans,active,The editor marked the plumber.,4,10,22,29,11,17,4,10,22,29,0,editor,plumber,mark,,,
item_02156,trans_P2_0051,P2,trans,passive,The plumber was marked by the editor.,30,36,4,11,16,22,4,11,30,36,1,editor,plumber,mark,,,
item_02157,trans_P2_0051,P2,trans,cleft,It was the editor who marked the plumber.,11,17,33,40,22,28,11,17,33,40,0,editor,plumber,mark,,,
item_02158,trans_P2_0051,P2,trans,topical,"The plumber, the editor marked.",17,23,4,11,24,30,4,11,17,23,1,editor,plumber,mark,,,
item_02159,trans_P2_0051,P2,trans,swap,The plumber marked the editor.,4,11,23,29,12,18,4,11,23,29,0,editor,plumber,mark,,,
item_02160,trans_P2_0052,P2,trans,active,The colleague visited the captain.,4,13,26,33,14,21,4,13,26,33,0,colleague,captain,visit,,,
item_02161,trans_P2_0052,P2,trans,passive,The captain was visited by the colleague.,31,40,4,11,16,23,4,11,31,40,1,colleague,captain,visit,,,
item_02162,trans_P2_0052,P2,trans,cleft,It was the colleague who visited the captain.,11,20,37,44,25,32,11,20,37,44,0,colleague,captain,visit,,,
item_02163,trans_P2_0052,P2,trans,topical,"The captain, the colleague visited.",17,26,4,11,27,34,4,11,17,26,1,colleague,captain,visit,,,
item_02164,trans_P2_0052,P2,trans,swap,The captain visited the colleague.,4,11,24,33,12,19,4,11,24,33,0,colleague,captain,visit,,,
item_02165,trans_P2_0053,P2,trans,active,The scientist noticed the economist.,4,13,26,35,14,21,4,13,26,35,0,scientist,economist,notice,,,
item_02166,trans_P2_0053,P2,trans,passive,The economist was noticed by the scientist.,33,42,4,13,18,25,4,13,33,42,1,scientist,economist,notice,,,
item_02167,trans_P2_0053,P2,trans,cleft,It was the scientist who noticed the economist.,11,20,37,46,25,32,11,20,37,46,0,scientist,economist,notice,,,
item_02168,trans_P2_0053,P2,trans,topical,"The economist, the scientist noticed.",19,28,4,13,29,36,4,13,19,28,1,scientist,economist,notice,,,
item_02169,trans_P2_0053,P2,trans,swap,The economist noticed the scientist.,4,13,26,35,14,21,4,13,26,35,0,scientist,economist,notice,,,
item_02170,trans_P2_0054,P2,trans,active,The baker tested the artist.,4,9,21,27,10,16,4,9,21,27,0,baker,artist,test,,,
item_02171,trans_P2_0054,P2,trans,passive,The artist was tested by the baker.,29,34,4,10,15,21,4,10,29,34,1,baker,artist,test,,,
item_02172,trans_P2_0054,P2,trans,cleft,It was the baker who tested the artist.,11,16,32,38,21,27,11,16,32,38,0,baker,artist,test,,,
item_02173,trans_P2_0054,P2,trans,topical,"The artist, the baker tested.",16,21,4,10,22,28,4,10,16,21,1,baker,artist,test,,,
item_02174,trans_P2_0054,P2,trans,swap,The artist tested the baker.,4,10,22,27,11,17,4,10,22,27,0,baker,artist,test,,,
item_02175,trans_P2_0055,P2,trans,active,The scientist followed the actor.,4,13,27,32,14,22,4,13,27,32,0,scientist,actor,follow,,,
item_02176,trans_P2_0055,P2,trans,passive,The actor was followed by the scientist.,30,39,4,9,14,22,4,9,30,39,1,scientist,actor,follow,,,
item_02177,trans_P2_0055,P2,trans,cleft,It was the scientist who followed the actor.,11,20,38,43,25,33,11,20,38,43,0,scientist,actor,follow,,,
item_02178,trans_P2_0055,P2,trans,topical,"The actor, the scientist followed.",15,24,4,9,25,33,4,9,15,24,1,scientist,actor,follow,,,
item_02179,trans_P2_0055,P2,trans,swap,The actor followed the scientist.,4,9,23,32,10,18,4,9,23,32,0,scientist,actor,follow,,,
item_02180,trans_P2_0056,P2,trans,active,The painter admired the aunt.,4,11,24,28,12,19,4,11,24,28,0,painter,aunt,admire,,,
item_02181,trans_P2_0056,P2,trans,passive,The aunt was admired by the painter.,28,35,4,8,13,20,4,8,28,35,1,painter,aunt,admire,,,
item_02182,trans_P2_0056,P2,trans,cleft,It was the painter who admired the aunt.,11,18,35,39,23,30,11,18,35,39,0,painter,aunt,admire,,,
item_02183,trans_P2_0056,P2,trans,topical,"The aunt, the painter admired.",14,21,4,8,22,29,4,8,14,21,1,painter,aunt,admire,,,
item_02184,trans_P2_0056,P2,trans,swap,The aunt admired the painter.,4,8,21,28,9,16,4,8,21,28,0,painter,aunt,admire,,,
item_02185,trans_P2_0057,P2,trans,active,The doctor admired the painter.,4,10,23,30,11,18,4,10,23,30,0,doctor,painter,admire,,,
item_02186,trans_P2_0057,P2,trans,passive,The painter was admired by the doctor.,31,37,4,11,16,23,4,11,31,37,1,doctor,painter,admire,,,
item_02187,trans_P2_0057,P2,trans,cleft,It was the doctor who admired the painter.,11,17,34,41,22,29,11,17,34,41,0,doctor,painter,admire,,,
item_02188,trans_P2_0057,P2,trans,topical,"The painter, the doctor admired.",17,23,4,11,24,31,4,11,17,23,1,doctor,painter,admire,,,
item_02189,trans_P2_0057,P2,trans,swap,The painter admired the doctor.,4,11,24,30,12,19,4,11,24,30,0,doctor,painter,admire,,,
item_02190,trans_P2_0058,P2,trans,active,The teacher admired the patient.,4,11,24,31,12,19,4,11,24,31,0,teacher,patient,admire,,,
item_02191,trans_P2_0058,P2,trans,passive,The patient was admired by the teacher.,31,38,4,11,16,23,4,11,31,38,1,teacher,patient,admire,,,
item_02192,trans_P2_0058,P2,trans,cleft,It was the teacher who admired the patient.,11,18,35,42,23,30,11,18,35,42,0,teacher,patient,admire,,,
item_02193,trans_P2_0058,P2,trans,topical,"The patient, the teacher admired.",17,24,4,11,25,32,4,11,17,24,1,teacher,patient,admire,,,
item_02194,trans_P2_0058,P2,trans,swap,The patient admired the teacher.,4,11,24,31,12,19,4,11,24,31,0,teacher,patient,admire,,,
item_02195,trans_P2_0059,P2,trans,active,The banker tested the writer.,4,10,22,28,11,17,4,10,22,28,0,banker,writer,test,,,
item_02196,trans_P2_0059,P2,trans,passive,The writer was tested by the banker.,29,35,4,10,15,21,4,10,29,35,1,banker,writer,test,,,
item_02197,trans_P2_0059,P2,trans,cleft,It was the banker who tested the writer.,11,17,33,39,22,28,11,17,33,39,0,banker,writer,test,,,
item_02198,trans_P2_0059,P2,trans,topical,"The writer, the banker tested.",16,22,4,10,23,29,4,10,16,22,1,banker,writer,test,,,
item_02199,trans_P2_0059,P2,trans,swap,The writer tested the banker.,4,10,22,28,11,17,4,10,22,28,0,banker,writer,test,,,
item_02200,trans_P2_0060,P2,trans,active,The plumber marked the visitor.,4,11,23,30,12,18,4,11,23,30,0,plumber,visitor,mark,,,
item_02201,trans_P2_0060,P2,trans,passive,The visitor was marked by the plumber.,30,37,4,11,16,22,4,11,30,37,1,plumber,visitor,mark,,,
item_02202,trans_P2_0060,P2,trans,cleft,It was the plumber who marked the visitor.,11,18,34,41,23,29,11,18,34,41,0,plumber,visitor,mark,,,
item_02203,trans_P2_0060,P2,trans,topical,"The visitor, the plumber marked.",17,24,4,11,25,31,4,11,17,24,1,plumber,visitor,mark,,,
item_02204,trans_P2_0060,P2,trans,swap,The visitor marked the plumber.,4,11,23,30,12,18,4,11,23,30,0,plumber,visitor,mark,,,
item_02205,trans_P2_0061,P2,trans,active,The senator visited the teacher.,4,11,24,31,12,19,4,11,24,31,0,senator,teacher,visit,,,
item_02206,trans_P2_0061,P2,trans,passive,The teacher was visited by the senator.,31,38,4,11,16,23,4,11,31,38,1,senator,teacher,visit,,,
item_02207,trans_P2_0061,P2,trans,cleft,It was the senator who visited the teacher.,11,18,35,42,23,30,11,18,35,42,0,senator,teacher,visit,,,
item_02208,trans_P2_0061,P2,trans,topical,"The teacher, the senator visited.",17,24,4,11,25,32,4,11,17,24,1,senator,teacher,visit,,,
item_02209,trans_P2_0061,P2,trans,swap,The teacher visited the senator.,4,11,24,31,12,19,4,11,24,31,0,senator,teacher,visit,,,
item_02210,trans_P2_0062,P2,trans,active,The physicist followed the painter.,4,13,27,34,14,22,4,13,27,34,0,physicist,painter,follow,,,
item_02211,trans_P2_0062,P2,trans,passive,The painter was followed by the physicist.,32,41,4,11,16,24,4,11,32,41,1,physicist,painter,follow,,,
item_02212,trans_P2_0062,P2,trans,cleft,It was the physicist who followed the painter.,11,20,38,45,25,33,11,20,38,45,0,physicist,painter,follow,,,
item_02213,trans_P2_0062,P2,trans,topical,"The painter, the physicist followed.",17,26,4,11,27,35,4,11,17,26,1,physicist,painter,follow,,,
item_02214,trans_P2_0062,P2,trans,swap,The painter followed the physicist.,4,11,25,34,12,20,4,11,25,34,0,physicist,painter,follow,,,
item_02215,trans_P2_0063,P2,trans,active,The guard confirmed the pilot.,4,9,24,29,10,19,4,9,24,29,0,guard,pilot,confirm,,,
item_02216,trans_P2_0063,P2,trans,passive,The pilot was confirmed by the guard.,31,36,4,9,14,23,4,9,31,36,1,guard,pilot,confirm,,,
item_02217,trans_P2_0063,P2,trans,cleft,It was the guard who confirmed the pilot.,11,16,35,40,21,30,11,16,35,40,0,guard,pilot,confirm,,,
item_02218,trans_P2_0063,P2,trans,topical,"The pilot, the guard confirmed.",15,20,4,9,21,30,4,9,15,20,1,guard,pilot,confirm,,,
item_02219,trans_P2_0063,P2,trans,swap,The pilot confirmed the guard.,4,9,24,29,10,19,4,9,24,29,0,guard,pilot,confirm,,,
item_02220,trans_P2_0064,P2,trans,active,The farmer called the artist.,4,10,22,28,11,17,4,10,22,28,0,farmer,artist,call,,,
item_02221,trans_P2_0064,P2,trans,passive,The artist was called by the farmer.,29,35,4,10,15,21,4,10,29,35,1,farmer,artist,call,,,
item_02222,trans_P2_0064,P2,trans,cleft,It was the farmer who called the artist.,11,17,33,39,22,28,11,17,33,39,0,farmer,artist,call,,,
item_02223,trans_P2_0064,P2,trans,topical,"The artist, the farmer called.",16,22,4,10,23,29,4,10,16,22,1,farmer,artist,call,,,
item_02224,trans_P2_0064,P2,trans,swap,The artist called the farmer.,4,10,22,28,11,17,4,10,22,28,0,farmer,artist,call,,,
item_02225,trans_P2_0065,P2,trans,active,The economist called the king.,4,13,25,29,14,20,4,13,25,29,0,economist,king,call,,,
item_02226,trans_P2_0065,P2,trans,passive,The king was called by the economist.,27,36,4,8,13,19,4,8,27,36,1,economist,king,call,,,
item_02227,trans_P2_0065,P2,trans,cleft,It was the economist who called the king.,11,20,36,40,25,31,11,20,36,40,0,economist,king,call,,,
item_02228,trans_P2_0065,P2,trans,topical,"The king, the economist called.",14,23,4,8,24,30,4,8,14,23,1,economist,king,call,,,
item_02229,trans_P2_0065,P2,trans,swap,The king called the economist.,4,8,20,29,9,15,4,8,20,29,0,economist,king,call,,,
item_02230,trans_P2_0066,P2,trans,active,The artist helped the carpenter.,4,10,22,31,11,17,4,10,22,31,0,artist,carpenter,help,,,
item_02231,trans_P2_0066,P2,trans,passive,The carpenter was helped by the artist.,32,38,4,13,18,24,4,13,32,38,1,artist,carpenter,help,,,
item_02232,trans_P2_0066,P2,trans,cleft,It was the artist who helped the carpenter.,11,17,33,42,22,28,11,17,33,42,0,artist,carpenter,help,,,
item_02233,trans_P2_0066,P2,trans,topical,"The carpenter, the artist helped.",19,25,4,13,26,32,4,13,19,25,1,artist,carpenter,help,,,
item_02234,trans_P2_0066,P2,trans,swap,The carpenter helped the artist.,4,13,25,31,14,20,4,13,25,31,0,artist,carpenter,help,,,
item_02235,trans_P2_0067,P2,trans,active,The actor supported the tourist.,4,9,24,31,10,19,4,9,24,31,0,actor,tourist,support,,,
item_02236,trans_P2_0067,P2,trans,passive,The tourist was supported by the actor.,33,38,4,11,16,25,4,11,33,38,1,actor,tourist,support,,,
item_02237,trans_P2_0067,P2,trans,cleft,It was the actor who supported the tourist.,11,16,35,42,21,30,11,16,35,42,0,actor,tourist,support,,,
item_02238,trans_P2_0067,P2,trans,topical,"The tourist, the actor supported.",17,22,4,11,23,32,4,11,17,22,1,actor,tourist,support,,,
item_02239,trans_P2_0067,P2,trans,swap,The tourist supported the actor.,4,11,26,31,12,21,4,11,26,31,0,actor,tourist,support,,,
item_02240,trans_P2_0068,P2,trans,active,The captain supported the actor.,4,11,26,31,12,21,4,11,26,31,0,captain,actor,support,,,
item_02241,trans_P2_0068,P2,trans,passive,The actor was supported by the captain.,31,38,4,9,14,23,4,9,31,38,1,captain,actor,support,,,
item_02242,trans_P2_0068,P2,trans,cleft,It was the captain who supported the actor.,11,18,37,42,23,32,11,18,37,42,0,captain,actor,support,,,
item_02243,trans_P2_0068,P2,trans,topical,"The actor, the captain supported.",15,22,4,9,23,32,4,9,15,22,1,captain,actor,support,,,
item_02244,trans_P2_0068,P2,trans,swap,The actor supported the captain.,4,9,24,31,10,19,4,9,24,31,0,captain,actor,support,,,
item_02245,trans_P2_0069,P2,trans,active,The prince helped the philosopher.,4,10,22,33,11,17,4,10,22,33,0,prince,philosopher,help,,,
item_02246,trans_P2_0069,P2,trans,passive,The philosopher was helped by the prince.,34,40,4,15,20,26,4,15,34,40,1,prince,philosopher,help,,,
item_02247,trans_P2_0069,P2,trans,cleft,It was the prince who helped the philosopher.,11,17,33,44,22,28,11,17,33,44,0,prince,philosopher,help,,,
item_02248,trans_P2_0069,P2,trans,topical,"The philosopher, the prince helped.",21,27,4,15,28,34,4,15,21,27,1,prince,philosopher,help,,,
item_02249,trans_P2_0069,P2,trans,swap,The philosopher helped the prince.,4,15,27,33,16,22,4,15,27,33,0,prince,philosopher,help,,,
item_02250,trans_P2_0070,P2,trans,active,The monk marked the colleague.,4,8,20,29,9,15,4,8,20,29,0,monk,colleague,mark,,,
item_02251,trans_P2_0070,P2,trans,passive,The colleague was marked by the monk.,32,36,4,13,18,24,4,13,32,36,1,monk,colleague,mark,,,
item_02252,trans_P2_0070,P2,trans,cleft,It was the monk who marked the colleague.,11,15,31,40,20,26,11,15,31,40,0,monk,colleague,mark,,,
item_02253,trans_P2_0070,P2,trans,topical,"The colleague, the monk marked.",19,23,4,13,24,30,4,13,19,23,1,monk,colleague,mark,,,
item_02254,trans_P2_0070,P2,trans,swap,The colleague marked the monk.,4,13,25,29,14,20,4,13,25,29,0,monk,colleague,mark,,,
item_02255,trans_P2_0071,P2,trans,active,The patient tested the doctor.,4,11,23,29,12,18,4,11,23,29,0,patient,doctor,test,,,
item_02256,trans_P2_0071,P2,trans,passive,The doctor was tested by the patient.,29,36,4,10,15,21,4,10,29,36,1,patient,doctor,test,,,
item_02257,trans_P2_0071,P2,trans,cleft,It was the patient who tested the doctor.,11,18,34,40,23,29,11,18,34,40,0,patient,doctor,test,,,
item_02258,trans_P2_0071,P2,trans,topical,"The doctor, the patient tested.",16,23,4,10,24,30,4,10,16,23,1,patient,doctor,test,,,
item_02259,trans_P2_0071,P2,trans,swap,The doctor tested the patient.,4,10,22,29,11,17,4,10,22,29,0,patient,doctor,test,,,
item_02260,trans_P2_0072,P2,trans,active,The chef marked the cousin.,4,8,20,26,9,15,4,8,20,26,0,chef,cousin,mark,,,
item_02261,trans_P2_0072,P2,trans,passive,The cousin was marked by the chef.,29,33,4,10,15,21,4,10,29,33,1,chef,cousin,mark,,,
item_02262,trans_P2_0072,P2,trans,cleft,It was the chef who marked the cousin.,11,15,31,37,20,26,11,15,31,37,0,chef,cousin,mark,,,
item_02263,trans_P2_0072,P2,trans,topical,"The cousin, the chef marked.",16,20,4,10,21,27,4,10,16,20,1,chef,cousin,mark,,,
item_02264,trans_P2_0072,P2,trans,swap,The cousin marked the chef.,4,10,22,26,11,17,4,10,22,26,0,chef,cousin,mark,,,
item_02265,trans_P2_0073,P2,trans,active,The sculptor visited the monk.,4,12,25,29,13,20,4,12,25,29,0,sculptor,monk,visit,,,
item_02266,trans_P2_0073,P2,trans,passive,The monk was visited by the sculptor.,28,36,4,8,13,20,4,8,28,36,1,sculptor,monk,visit,,,
item_02267,trans_P2_0073,P2,trans,cleft,It was the sculptor who visited the monk.,11,19,36,40,24,31,11,19,36,40,0,sculptor,monk,visit,,,
item_02268,trans_P2_0073,P2,trans,topical,"The monk, the sculptor visited.",14,22,4,8,23,30,4,8,14,22,1,sculptor,monk,visit,,,
item_02269,trans_P2_0073,P2,trans,swap,The monk visited the sculptor.,4,8,21,29,9,16,4,8,21,29,0,sculptor,monk,visit,,,
item_02270,trans_P2_0074,P2,trans,active,The banker supported the actor.,4,10,25,30,11,20,4,10,25,30,0,banker,actor,support,,,
item_02271,trans_P2_0074,P2,trans,passive,The actor was supported by the banker.,31,37,4,9,14,23,4,9,31,37,1,banker,actor,support,,,
item_02272,trans_P2_0074,P2,trans,cleft,It was the banker who supported the actor.,11,17,36,41,22,31,11,17,36,41,0,banker,actor,support,,,
item_02273,trans_P2_0074,P2,trans,topical,"The actor, the banker supported.",15,21,4,9,22,31,4,9,15,21,1,banker,actor,support,,,
item_02274,trans_P2_0074,P2,trans,swap,The actor supported the banker.,4,9,24,30,10,19,4,9,24,30,0,banker,actor,support,,,
item_02275,trans_P2_0075,P2,trans,active,The officer visited the guard.,4,11,24,29,12,19,4,11,24,29,0,officer,guard,visit,,,
item_02276,trans_P2_0075,P2,trans,passive,The guard was visited by the officer.,29,36,4,9,14,21,4,9,29,36,1,officer,guard,visit,,,
item_02277,trans_P2_0075,P2,trans,cleft,It was the officer who visited the guard.,11,18,35,40,23,30,11,18,35,40,0,officer,guard,visit,,,
item_02278,trans_P2_0075,P2,trans,topical,"The guard, the officer visited.",15,22,4,9,23,30,4,9,15,22,1,officer,guard,visit,,,
item_02279,trans_P2_0075,P2,trans,swap,The guard visited the officer.,4,9,22,29,10,17,4,9,22,29,0,officer,guard,visit,,,
item_02280,trans_P2_0076,P2,trans,active,The tourist called the banker.,4,11,23,29,12,18,4,11,23,29,0,tourist,banker,call,,,
item_02281,trans_P2_0076,P2,trans,passive,The banker was called by the tourist.,29,36,4,10,15,21,4,10,29,36,1,tourist,banker,call,,,
item_02282,trans_P2_0076,P2,trans,cleft,It was the tourist who called the banker.,11,18,34,40,23,29,11,18,34,40,0,tourist,banker,call,,,
item_02283,trans_P2_0076,P2,trans,topical,"The banker, the tourist called.",16,23,4,10,24,30,4,10,16,23,1,tourist,banker,call,,,
item_02284,trans_P2_0076,P2,trans,swap,The banker called the tourist.,4,10,22,29,11,17,4,10,22,29,0,tourist,banker,call,,,
item_02285,trans_P2_0077,P2,trans,active,The farmer thanked the uncle.,4,10,23,28,11,18,4,10,23,28,0,farmer,uncle,thank,,,
item_02286,trans_P2_0077,P2,trans,passive,The uncle was thanked by the farmer.,29,35,4,9,14,21,4,9,29,35,1,farmer,uncle,thank,,,
item_02287,trans_P2_0077,P2,trans,cleft,It was the farmer who thanked the uncle.,11,17,34,39,22,29,11,17,34,39,0,farmer,uncle,thank,,,
item_02288,trans_P2_0077,P2,trans,topical,"The uncle, the farmer thanked.",15,21,4,9,22,29,4,9,15,21,1,farmer,uncle,thank,,,
item_02289,trans_P2_0077,P2,trans,swap,The uncle thanked the farmer.,4,9,22,28,10,17,4,9,22,28,0,farmer,uncle,thank,,,
item_02290,trans_P2_0078,P2,trans,active,The plumber challenged the doctor.,4,11,27,33,12,22,4,11,27,33,0,plumber,doctor,challenge,,,
item_02291,trans_P2_0078,P2,trans,passive,The doctor was challenged by the plumber.,33,40,4,10,15,25,4,10,33,40,1,plumber,doctor,challenge,,,
item_02292,trans_P2_0078,P2,trans,cleft,It was the plumber who challenged the doctor.,11,18,38,44,23,33,11,18,38,44,0,plumber,doctor,challenge,,,
item_02293,trans_P2_0078,P2,trans,topical,"The doctor, the plumber challenged.",16,23,4,10,24,34,4,10,16,23,1,plumber,doctor,challenge,,,
item_02294,trans_P2_0078,P2,trans,swap,The doctor challenged the plumber.,4,10,26,33,11,21,4,10,26,33,0,plumber,doctor,challenge,,,
item_02295,trans_P2_0079,P2,trans,active,The plumber admired the chef.,4,11,24,28,12,19,4,11,24,28,0,plumber,chef,admire,,,
item_02296,trans_P2_0079,P2,trans,passive,The chef was admired by the plumber.,28,35,4,8,13,20,4,8,28,35,1,plumber,chef,admire,,,
item_02297,trans_P2_0079,P2,trans,cleft,It was the plumber who admired the chef.,11,18,35,39,23,30,11,18,35,39,0,plumber,chef,admire,,,
item_02298,trans_P2_0079,P2,trans,topical,"The chef, the plumber admired.",14,21,4,8,22,29,4,8,14,21,1,plumber,chef,admire,,,
item_02299,trans_P2_0079,P2,trans,swap,The chef admired the plumber.,4,8,21,28,9,16,4,8,21,28,0,plumber,chef,admire,,,
item_02300,trans_P2_0080,P2,trans,active,The artist followed the cousin.,4,10,24,30,11,19,4,10,24,30,0,artist,cousin,follow,,,
item_02301,trans_P2_0080,P2,trans,passive,The cousin was followed by the artist.,31,37,4,10,15,23,4,10,31,37,1,artist,cousin,follow,,,
item_02302,trans_P2_0080,P2,trans,cleft,It was the artist who followed the cousin.,11,17,35,41,22,30,11,17,35,41,0,artist,cousin,follow,,,
item_02303,trans_P2_0080,P2,trans,topical,"The cousin, the artist followed.",16,22,4,10,23,31,4,10,16,22,1,artist,cousin,follow,,,
item_02304,trans_P2_0080,P2,trans,swap,The cousin followed the artist.,4,10,24,30,11,19,4,10,24,30,0,artist,cousin,follow,,,
item_02305,trans_P2_0081,P2,trans,active,The uncle called the physicist.,4,9,21,30,10,16,4,9,21,30,0,uncle,physicist,call,,,
item_02306,trans_P2_0081,P2,trans,passive,The physicist was called by the uncle.,32,37,4,13,18,24,4,13,32,37,1,uncle,physicist,call,,,
item_02307,trans_P2_0081,P2,trans,cleft,It was the uncle who called the physicist.,11,16,32,41,21,27,11,16,32,41,0,uncle,physicist,call,,,
item_02308,trans_P2_0081,P2,trans,topical,"The physicist, the uncle called.",19,24,4,13,25,31,4,13,19,24,1,uncle,physicist,call,,,
item_02309,trans_P2_0081,P2,trans,swap,The physicist called the uncle.,4,13,25,30,14,20,4,13,25,30,0,uncle,physicist,call,,,
item_02310,trans_P2_0082,P2,trans,active,The visitor noticed the baker.,4,11,24,29,12,19,4,11,24,29,0,visitor,baker,notice,,,
item_02311,trans_P2_0082,P2,trans,passive,The baker was noticed by the visitor.,29,36,4,9,14,21,4,9,29,36,1,visitor,baker,notice,,,
item_02312,trans_P2_0082,P2,trans,cleft,It was the visitor who noticed the baker.,11,18,35,40,23,30,11,18,35,40,0,visitor,baker,notice,,,
item_02313,trans_P2_0082,P2,trans,topical,"The baker, the visitor noticed.",15,22,4,9,23,30,4,9,15,22,1,visitor,baker,notice,,,
item_02314,trans_P2_0082,P2,trans,swap,The baker noticed the visitor.,4,9,22,29,10,17,4,9,22,29,0,visitor,baker,notice,,,
item_02315,trans_P2_0083,P2,trans,active,The economist marked the teacher.,4,13,25,32,14,20,4,13,25,32,0,economist,teacher,mark,,,
item_02316,trans_P2_0083,P2,trans,passive,The teacher was marked by the economist.,30,39,4,11,16,22,4,11,30,39,1,economist,teacher,mark,,,
item_02317,trans_P2_0083,P2,trans,cleft,It was the economist who marked the teacher.,11,20,36,43,25,31,11,20,36,43,0,economist,teacher,mark,,,
item_02318,trans_P2_0083,P2,trans,topical,"The teacher, the economist marked.",17,26,4,11,27,33,4,11,17,26,1,economist,teacher,mark,,,
item_02319,trans_P2_0083,P2,trans,swap,The teacher marked the economist.,4,11,23,32,12,18,4,11,23,32,0,economist,teacher,mark,,,
item_02320,trans_P2_0084,P2,trans,active,The plumber challenged the physicist.,4,11,27,36,12,22,4,11,27,36,0,plumber,physicist,challenge,,,
item_02321,trans_P2_0084,P2,trans,passive,The physicist was challenged by the plumber.,36,43,4,13,18,28,4,13,36,43,1,plumber,physicist,challenge,,,
item_02322,trans_P2_0084,P2,trans,cleft,It was the plumber who challenged the physicist.,11,18,38,47,23,33,11,18,38,47,0,plumber,physicist,challenge,,,
item_02323,trans_P2_0084,P2,trans,topical,"The physicist, the plumber challenged.",19,26,4,13,27,37,4,13,19,26,1,plumber,physicist,challenge,,,
item_02324,trans_P2_0084,P2,trans,swap,The physicist challenged the plumber.,4,13,29,36,14,24,4,13,29,36,0,plumber,physicist,challenge,,,
item_02325,trans_P2_0085,P2,trans,active,The baker called the actor.,4,9,21,26,10,16,4,9,21,26,0,baker,actor,call,,,
item_02326,trans_P2_0085,P2,trans,passive,The actor was called by the baker.,28,33,4,9,14,20,4,9,28,33,1,baker,actor,call,,,
item_02327,trans_P2_0085,P2,trans,cleft,It was the baker who called the actor.,11,16,32,37,21,27,11,16,32,37,0,baker,actor,call,,,
item_02328,trans_P2_0085,P2,trans,topical,"The actor, the baker called.",15,20,4,9,21,27,4,9,15,20,1,baker,actor,call,,,
item_02329,trans_P2_0085,P2,trans,swap,The actor called the baker.,4,9,21,26,10,16,4,9,21,26,0,baker,actor,call,,,
item_02330,trans_P2_0086,P2,trans,active,The sculptor called the king.,4,12,24,28,13,19,4,12,24,28,0,sculptor,king,call,,,
item_02331,trans_P2_0086,P2,trans,passive,The king was called by the sculptor.,27,35,4,8,13,19,4,8,27,35,1,sculptor,king,call,,,
item_02332,trans_P2_0086,P2,trans,cleft,It was the sculptor who called the king.,11,19,35,39,24,30,11,19,35,39,0,sculptor,king,call,,,
item_02333,trans_P2_0086,P2,trans,topical,"The king, the sculptor called.",14,22,4,8,23,29,4,8,14,22,1,sculptor,king,call,,,
item_02334,trans_P2_0086,P2,trans,swap,The king called the sculptor.,4,8,20,28,9,15,4,8,20,28,0,sculptor,king,call,,,
item_02335,trans_P2_0087,P2,trans,active,The plumber challenged the senator.,4,11,27,34,12,22,4,11,27,34,0,plumber,senator,challenge,,,
item_02336,trans_P2_0087,P2,trans,passive,The senator was challenged by the plumber.,34,41,4,11,16,26,4,11,34,41,1,plumber,senator,challenge,,,
item_02337,trans_P2_0087,P2,trans,cleft,It was the plumber who challenged the senator.,11,18,38,45,23,33,11,18,38,45,0,plumber,senator,challenge,,,
item_02338,trans_P2_0087,P2,trans,topical,"The senator, the plumber challenged.",17,24,4,11,25,35,4,11,17,24,1,plumber,senator,challenge,,,
item_02339,trans_P2_0087,P2,trans,swap,The senator challenged the plumber.,4,11,27,34,12,22,4,11,27,34,0,plumber,senator,challenge,,,
item_02340,trans_P2_0088,P2,trans,active,The chef marked the patient.,4,8,20,27,9,15,4,8,20,27,0,chef,patient,mark,,,
item_02341,trans_P2_0088,P2,trans,passive,The patient was marked by the chef.,30,34,4,11,16,22,4,11,30,34,1,chef,patient,mark,,,
item_02342,trans_P2_0088,P2,trans,cleft,It was the chef who marked the patient.,11,15,31,38,20,26,11,15,31,38,0,chef,patient,mark,,,
item_02343,trans_P2_0088,P2,trans,topical,"The patient, the chef marked.",17,21,4,11,22,28,4,11,17,21,1,chef,patient,mark,,,
item_02344,trans_P2_0088,P2,trans,swap,The patient marked the chef.,4,11,23,27,12,18,4,11,23,27,0,chef,patient,mark,,,
item_02345,trans_P2_0089,P2,trans,active,The prince helped the captain.,4,10,22,29,11,17,4,10,22,29,0,prince,captain,help,,,
item_02346,trans_P2_0089,P2,trans,passive,The captain was helped by the prince.,30,36,4,11,16,22,4,11,30,36,1,prince,captain,help,,,
item_02347,trans_P2_0089,P2,trans,cleft,It was the prince who helped the captain.,11,17,33,40,22,28,11,17,33,40,0,prince,captain,help,,,
item_02348,trans_P2_0089,P2,trans,topical,"The captain, the prince helped.",17,23,4,11,24,30,4,11,17,23,1,prince,captain,help,,,
item_02349,trans_P2_0089,P2,trans,swap,The captain helped the prince.,4,11,23,29,12,18,4,11,23,29,0,prince,captain,help,,,
item_02350,trans_P2_0090,P2,trans,active,The aunt noticed the carpenter.,4,8,21,30,9,16,4,8,21,30,0,aunt,carpenter,notice,,,
item_02351,trans_P2_0090,P2,trans,passive,The carpenter was noticed by the aunt.,33,37,4,13,18,25,4,13,33,37,1,aunt,carpenter,notice,,,
item_02352,trans_P2_0090,P2,trans,cleft,It was the aunt who noticed the carpenter.,11,15,32,41,20,27,11,15,32,41,0,aunt,carpenter,notice,,,
item_02353,trans_P2_0090,P2,trans,topical,"The carpenter, the aunt noticed.",19,23,4,13,24,31,4,13,19,23,1,aunt,carpenter,notice,,,
item_02354,trans_P2_0090,P2,trans,swap,The carpenter noticed the aunt.,4,13,26,30,14,21,4,13,26,30,0,aunt,carpenter,notice,,,
item_02355,trans_P2_0091,P2,trans,active,The patient confirmed the prince.,4,11,26,32,12,21,4,11,26,32,0,patient,prince,confirm,,,
item_02356,trans_P2_0091,P2,trans,passive,The prince was confirmed by the patient.,32,39,4,10,15,24,4,10,32,39,1,patient,prince,confirm,,,
item_02357,trans_P2_0091,P2,trans,cleft,It was the patient who confirmed the prince.,11,18,37,43,23,32,11,18,37,43,0,patient,prince,confirm,,,
item_02358,trans_P2_0091,P2,trans,topical,"The prince, the patient confirmed.",16,23,4,10,24,33,4,10,16,23,1,patient,prince,confirm,,,
item_02359,trans_P2_0091,P2,trans,swap,The prince confirmed the patient.,4,10,25,32,11,20,4,10,25,32,0,patient,prince,confirm,,,
item_02360,trans_P2_0092,P2,trans,active,The tourist thanked the surgeon.,4,11,24,31,12,19,4,11,24,31,0,tourist,surgeon,thank,,,
item_02361,trans_P2_0092,P2,trans,passive,The surgeon was thanked by the tourist.,31,38,4,11,16,23,4,11,31,38,1,tourist,surgeon,thank,,,
item_02362,trans_P2_0092,P2,trans,cleft,It was the tourist who thanked the surgeon.,11,18,35,42,23,30,11,18,35,42,0,tourist,surgeon,thank,,,
item_02363,trans_P2_0092,P2,trans,topical,"The surgeon, the tourist thanked.",17,24,4,11,25,32,4,11,17,24,1,tourist,surgeon,thank,,,
item_02364,trans_P2_0092,P2,trans,swap,The surgeon thanked the tourist.,4,11,24,31,12,19,4,11,24,31,0,tourist,surgeon,thank,,,
item_02365,trans_P2_0093,P2,trans,active,The writer called the aunt.,4,10,22,26,11,17,4,10,22,26,0,writer,aunt,call,,,
item_02366,trans_P2_0093,P2,trans,passive,The aunt was called by the writer.,27,33,4,8,13,19,4,8,27,33,1,writer,aunt,call,,,
item_02367,trans_P2_0093,P2,trans,cleft,It was the writer who called the aunt.,11,17,33,37,22,28,11,17,33,37,0,writer,aunt,call,,,
item_02368,trans_P2_0093,P2,trans,topical,"The aunt, the writer called.",14,20,4,8,21,27,4,8,14,20,1,writer,aunt,call,,,
item_02369,trans_P2_0093,P2,trans,swap,The aunt called the writer.,4,8,20,26,9,15,4,8,20,26,0,writer,aunt,call,,,
item_02370,trans_P2_0094,P2,trans,active,The philosopher called the captain.,4,15,27,34,16,22,4,15,27,34,0,philosopher,captain,call,,,
item_02371,trans_P2_0094,P2,trans,passive,The captain was called by the philosopher.,30,41,4,11,16,22,4,11,30,41,1,philosopher,captain,call,,,
item_02372,trans_P2_0094,P2,trans,cleft,It was the philosopher who called the captain.,11,22,38,45,27,33,11,22,38,45,0,philosopher,captain,call,,,
item_02373,trans_P2_0094,P2,trans,topical,"The captain, the philosopher called.",17,28,4,11,29,35,4,11,17,28,1,philosopher,captain,call,,,
item_02374,trans_P2_0094,P2,trans,swap,The captain called the philosopher.,4,11,23,34,12,18,4,11,23,34,0,philosopher,captain,call,,,
item_02375,trans_P2_0095,P2,trans,active,The baker thanked the poet.,4,9,22,26,10,17,4,9,22,26,0,baker,poet,thank,,,
item_02376,trans_P2_0095,P2,trans,passive,The poet was thanked by the baker.,28,33,4,8,13,20,4,8,28,33,1,baker,poet,thank,,,
item_02377,trans_P2_0095,P2,trans,cleft,It was the baker who thanked the poet.,11,16,33,37,21,28,11,16,33,37,0,baker,poet,thank,,,
item_02378,trans_P2_0095,P2,trans,topical,"The poet, the baker thanked.",14,19,4,8,20,27,4,8,14,19,1,baker,poet,thank,,,
item_02379,trans_P2_0095,P2,trans,swap,The poet thanked the baker.,4,8,21,26,9,16,4,8,21,26,0,baker,poet,thank,,,
item_02380,trans_P2_0096,P2,trans,active,The senator challenged the farmer.,4,11,27,33,12,22,4,11,27,33,0,senator,farmer,challenge,,,
item_02381,trans_P2_0096,P2,trans,passive,The farmer was challenged by the senator.,33,40,4,10,15,25,4,10,33,40,1,senator,farmer,challenge,,,
item_02382,trans_P2_0096,P2,trans,cleft,It was the senator who challenged the farmer.,11,18,38,44,23,33,11,18,38,44,0,senator,farmer,challenge,,,
item_02383,trans_P2_0096,P2,trans,topical,"The farmer, the senator challenged.",16,23,4,10,24,34,4,10,16,23,1,senator,farmer,challenge,,,
item_02384,trans_P2_0096,P2,trans,swap,The farmer challenged the senator.,4,10,26,33,11,21,4,10,26,33,0,senator,farmer,challenge,,,
item_02385,trans_P2_0097,P2,trans,active,The philosopher confirmed the priest.,4,15,30,36,16,25,4,15,30,36,0,philosopher,priest,confirm,,,
item_02386,trans_P2_0097,P2,trans,passive,The priest was confirmed by the philosopher.,32,43,4,10,15,24,4,10,32,43,1,philosopher,priest,confirm,,,
item_02387,trans_P2_0097,P2,trans,cleft,It was the philosopher who confirmed the priest.,11,22,41,47,27,36,11,22,41,47,0,philosopher,priest,confirm,,,
item_02388,trans_P2_0097,P2,trans,topical,"The priest, the philosopher confirmed.",16,27,4,10,28,37,4,10,16,27,1,philosopher,priest,confirm,,,
item_02389,trans_P2_0097,P2,trans,swap,The priest confirmed the philosopher.,4,10,25,36,11,20,4,10,25,36,0,philosopher,priest,confirm,,,
item_02390,trans_P2_0098,P2,trans,active,The tourist visited the priest.,4,11,24,30,12,19,4,11,24,30,0,tourist,priest,visit,,,
item_02391,trans_P2_0098,P2,trans,passive,The priest was visited by the tourist.,30,37,4,10,15,22,4,10,30,37,1,tourist,priest,visit,,,
item_02392,trans_P2_0098,P2,trans,cleft,It was the tourist who visited the priest.,11,18,35,41,23,30,11,18,35,41,0,tourist,priest,visit,,,
item_02393,trans_P2_0098,P2,trans,topical,"The priest, the tourist visited.",16,23,4,10,24,31,4,10,16,23,1,tourist,priest,visit,,,
item_02394,trans_P2_0098,P2,trans,swap,The priest visited the tourist.,4,10,23,30,11,18,4,10,23,30,0,tourist,priest,visit,,,
item_02395,trans_P2_0099,P2,trans,active,The aunt tested the actor.,4,8,20,25,9,15,4,8,20,25,0,aunt,actor,test,,,
item_02396,trans_P2_0099,P2,trans,passive,The actor was tested by the aunt.,28,32,4,9,14,20,4,9,28,32,1,aunt,actor,test,,,
item_02397,trans_P2_0099,P2,trans,cleft,It was the aunt who tested the actor.,11,15,31,36,20,26,11,15,31,36,0,aunt,actor,test,,,
item_02398,trans_P2_0099,P2,trans,topical,"The actor, the aunt tested.",15,19,4,9,20,26,4,9,15,19,1,aunt,actor,test,,,
item_02399,trans_P2_0099,P2,trans,swap,The actor tested the aunt.,4,9,21,25,10,16,4,9,21,25,0,aunt,actor,test,,,
item_02400,trans_P2_0100,P2,trans,active,The senator called the philosopher.,4,11,23,34,12,18,4,11,23,34,0,senator,philosopher,call,,,
item_02401,trans_P2_0100,P2,trans,passive,The philosopher was called by the senator.,34,41,4,15,20,26,4,15,34,41,1,senator,philosopher,call,,,
item_02402,trans_P2_0100,P2,trans,cleft,It was the senator who called the philosopher.,11,18,34,45,23,29,11,18,34,45,0,senator,philosopher,call,,,
item_02403,trans_P2_0100,P2,trans,topical,"The philosopher, the senator called.",21,28,4,15,29,35,4,15,21,28,1,senator,philosopher,call,,,
item_02404,trans_P2_0100,P2,trans,swap,The philosopher called the senator.,4,15,27,34,16,22,4,15,27,34,0,senator,philosopher,call,,,
item_02405,trans_P2_0101,P2,trans,active,The king visited the baker.,4,8,21,26,9,16,4,8,21,26,0,king,baker,visit,,,
item_02406,trans_P2_0101,P2,trans,passive,The baker was visited by the king.,29,33,4,9,14,21,4,9,29,33,1,king,baker,visit,,,
item_02407,trans_P2_0101,P2,trans,cleft,It was the king who visited the baker.,11,15,32,37,20,27,11,15,32,37,0,king,baker,visit,,,
item_02408,trans_P2_0101,P2,trans,topical,"The baker, the king visited.",15,19,4,9,20,27,4,9,15,19,1,king,baker,visit,,,
item_02409,trans_P2_0101,P2,trans,swap,The baker visited the king.,4,9,22,26,10,17,4,9,22,26,0,king,baker,visit,,,
item_02410,trans_P2_0102,P2,trans,active,The carpenter supported the priest.,4,13,28,34,14,23,4,13,28,34,0,carpenter,priest,support,,,
item_02411,trans_P2_0102,P2,trans,passive,The priest was supported by the carpenter.,32,41,4,10,15,24,4,10,32,41,1,carpenter,priest,support,,,
item_02412,trans_P2_0102,P2,trans,cleft,It was the carpenter who supported the priest.,11,20,39,45,25,34,11,20,39,45,0,carpenter,priest,support,,,
item_02413,trans_P2_0102,P2,trans,topical,"The priest, the carpenter supported.",16,25,4,10,26,35,4,10,16,25,1,carpenter,priest,support,,,
item_02414,trans_P2_0102,P2,trans,swap,The priest supported the carpenter.,4,10,25,34,11,20,4,10,25,34,0,carpenter,priest,support,,,
item_02415,trans_P2_0103,P2,trans,active,The captain supported the doctor.,4,11,26,32,12,21,4,11,26,32,0,captain,doctor,support,,,
item_02416,trans_P2_0103,P2,trans,passive,The doctor was supported by the captain.,32,39,4,10,15,24,4,10,32,39,1,captain,doctor,support,,,
item_02417,trans_P2_0103,P2,trans,cleft,It was the captain who supported the doctor.,11,18,37,43,23,32,11,18,37,43,0,captain,doctor,support,,,
item_02418,trans_P2_0103,P2,trans,topical,"The doctor, the captain supported.",16,23,4,10,24,33,4,10,16,23,1,captain,doctor,support,,,
item_02419,trans_P2_0103,P2,trans,swap,The doctor supported the captain.,4,10,25,32,11,20,4,10,25,32,0,captain,doctor,support,,,
item_02420,trans_P2_0104,P2,trans,active,The philosopher supported the uncle.,4,15,30,35,16,25,4,15,30,35,0,philosopher,uncle,support,,,
item_02421,trans_P2_0104,P2,trans,passive,The uncle was supported by the philosopher.,31,42,4,9,14,23,4,9,31,42,1,philosopher,uncle,support,,,
item_02422,trans_P2_0104,P2,trans,cleft,It was the philosopher who supported the uncle.,11,22,41,46,27,36,11,22,41,46,0,philosopher,uncle,support,,,
item_02423,trans_P2_0104,P2,trans,topical,"The uncle, the philosopher supported.",15,26,4,9,27,36,4,9,15,26,1,philosopher,uncle,support,,,
item_02424,trans_P2_0104,P2,trans,swap,The uncle supported the philosopher.,4,9,24,35,10,19,4,9,24,35,0,philosopher,uncle,support,,,
item_02425,trans_P2_0105,P2,trans,active,The cousin noticed the painter.,4,10,23,30,11,18,4,10,23,30,0,cousin,painter,notice,,,
item_02426,trans_P2_0105,P2,trans,passive,The painter was noticed by the cousin.,31,37,4,11,16,23,4,11,31,37,1,cousin,painter,notice,,,
item_02427,trans_P2_0105,P2,trans,cleft,It was the cousin who noticed the painter.,11,17,34,41,22,29,11,17,34,41,0,cousin,painter,notice,,,
item_02428,trans_P2_0105,P2,trans,topical,"The painter, the cousin noticed.",17,23,4,11,24,31,4,11,17,23,1,cousin,painter,notice,,,
item_02429,trans_P2_0105,P2,trans,swap,The painter noticed the cousin.,4,11,24,30,12,19,4,11,24,30,0,cousin,painter,notice,,,
item_02430,trans_P2_0106,P2,trans,active,The philosopher noticed the physicist.,4,15,28,37,16,23,4,15,28,37,0,philosopher,physicist,notice,,,
item_02431,trans_P2_0106,P2,trans,passive,The physicist was noticed by the philosopher.,33,44,4,13,18,25,4,13,33,44,1,philosopher,physicist,notice,,,
item_02432,trans_P2_0106,P2,trans,cleft,It was the philosopher who noticed the physicist.,11,22,39,48,27,34,11,22,39,48,0,philosopher,physicist,notice,,,
item_02433,trans_P2_0106,P2,trans,topical,"The physicist, the philosopher noticed.",19,30,4,13,31,38,4,13,19,30,1,philosopher,physicist,notice,,,
item_02434,trans_P2_0106,P2,trans,swap,The physicist noticed the philosopher.,4,13,26,37,14,21,4,13,26,37,0,philosopher,physicist,notice,,,
item_02435,trans_P2_0107,P2,trans,active,The prince visited the actor.,4,10,23,28,11,18,4,10,23,28,0,prince,actor,visit,,,
item_02436,trans_P2_0107,P2,trans,passive,The actor was visited by the prince.,29,35,4,9,14,21,4,9,29,35,1,prince,actor,visit,,,
item_02437,trans_P2_0107,P2,trans,cleft,It was the prince who visited the actor.,11,17,34,39,22,29,11,17,34,39,0,prince,actor,visit,,,
item_02438,trans_P2_0107,P2,trans,topical,"The actor, the prince visited.",15,21,4,9,22,29,4,9,15,21,1,prince,actor,visit,,,
item_02439,trans_P2_0107,P2,trans,swap,The actor visited the prince.,4,9,22,28,10,17,4,9,22,28,0,prince,actor,visit,,,
item_02440,trans_P2_0108,P2,trans,active,The plumber helped the captain.,4,11,23,30,12,18,4,11,23,30,0,plumber,captain,help,,,
item_02441,trans_P2_0108,P2,trans,passive,The captain was helped by the plumber.,30,37,4,11,16,22,4,11,30,37,1,plumber,captain,help,,,
item_02442,trans_P2_0108,P2,trans,cleft,It was the plumber who helped the captain.,11,18,34,41,23,29,11,18,34,41,0,plumber,captain,help,,,
item_02443,trans_P2_0108,P2,trans,topical,"The captain, the plumber helped.",17,24,4,11,25,31,4,11,17,24,1,plumber,captain,help,,,
item_02444,trans_P2_0108,P2,trans,swap,The captain helped the plumber.,4,11,23,30,12,18,4,11,23,30,0,plumber,captain,help,,,
item_02445,trans_P2_0109,P2,trans,active,The baker visited the teacher.,4,9,22,29,10,17,4,9,22,29,0,baker,teacher,visit,,,
item_02446,trans_P2_0109,P2,trans,passive,The teacher was visited by the baker.,31,36,4,11,16,23,4,11,31,36,1,baker,teacher,visit,,,
item_02447,trans_P2_0109,P2,trans,cleft,It was the baker who visited the teacher.,11,16,33,40,21,28,11,16,33,40,0,baker,teacher,visit,,,
item_02448,trans_P2_0109,P2,trans,topical,"The teacher, the baker visited.",17,22,4,11,23,30,4,11,17,22,1,baker,teacher,visit,,,
item_02449,trans_P2_0109,P2,trans,swap,The teacher visited the baker.,4,11,24,29,12,19,4,11,24,29,0,baker,teacher,visit,,,
item_02450,trans_P2_0110,P2,trans,active,The cousin tested the colleague.,4,10,22,31,11,17,4,10,22,31,0,cousin,colleague,test,,,
item_02451,trans_P2_0110,P2,trans,passive,The colleague was tested by the cousin.,32,38,4,13,18,24,4,13,32,38,1,cousin,colleague,test,,,
item_02452,trans_P2_0110,P2,trans,cleft,It was the cousin who tested the colleague.,11,17,33,42,22,28,11,17,33,42,0,cousin,colleague,test,,,
item_02453,trans_P2_0110,P2,trans,topical,"The colleague, the cousin tested.",19,25,4,13,26,32,4,13,19,25,1,cousin,colleague,test,,,
item_02454,trans_P2_0110,P2,trans,swap,The colleague tested the cousin.,4,13,25,31,14,20,4,13,25,31,0,cousin,colleague,test,,,
item_02455,trans_P2_0111,P2,trans,active,The carpenter confirmed the editor.,4,13,28,34,14,23,4,13,28,34,0,carpenter,editor,confirm,,,
item_02456,trans_P2_0111,P2,trans,passive,The editor was confirmed by the carpenter.,32,41,4,10,15,24,4,10,32,41,1,carpenter,editor,confirm,,,
item_02457,trans_P2_0111,P2,trans,cleft,It was the carpenter who confirmed the editor.,11,20,39,45,25,34,11,20,39,45,0,carpenter,editor,confirm,,,
item_02458,trans_P2_0111,P2,trans,topical,"The editor, the carpenter confirmed.",16,25,4,10,26,35,4,10,16,25,1,carpenter,editor,confirm,,,
item_02459,trans_P2_0111,P2,trans,swap,The editor confirmed the carpenter.,4,10,25,34,11,20,4,10,25,34,0,carpenter,editor,confirm,,,
item_02460,trans_P2_0112,P2,trans,active,The editor challenged the senator.,4,10,26,33,11,21,4,10,26,33,0,editor,senator,challenge,,,
item_02461,trans_P2_0112,P2,trans,passive,The senator was challenged by the editor.,34,40,4,11,16,26,4,11,34,40,1,editor,senator,challenge,,,
item_02462,trans_P2_0112,P2,trans,cleft,It was the editor who challenged the senator.,11,17,37,44,22,32,11,17,37,44,0,editor,senator,challenge,,,
item_02463,trans_P2_0112,P2,trans,topical,"The senator, the editor challenged.",17,23,4,11,24,34,4,11,17,23,1,editor,senator,challenge,,,
item_02464,trans_P2_0112,P2,trans,swap,The senator challenged the editor.,4,11,27,33,12,22,4,11,27,33,0,editor,senator,challenge,,,
item_02465,trans_P2_0113,P2,trans,active,The teacher marked the scientist.,4,11,23,32,12,18,4,11,23,32,0,teacher,scientist,mark,,,
item_02466,trans_P2_0113,P2,trans,passive,The scientist was marked by the teacher.,32,39,4,13,18,24,4,13,32,39,1,teacher,scientist,mark,,,
item_02467,trans_P2_0113,P2,trans,cleft,It was the teacher who marked the scientist.,11,18,34,43,23,29,11,18,34,43,0,teacher,scientist,mark,,,
item_02468,trans_P2_0113,P2,trans,topical,"The scientist, the teacher marked.",19,26,4,13,27,33,4,13,19,26,1,teacher,scientist,mark,,,
item_02469,trans_P2_0113,P2,trans,swap,The scientist marked the teacher.,4,13,25,32,14,20,4,13,25,32,0,teacher,scientist,mark,,,
item_02470,trans_P2_0114,P2,trans,active,The officer confirmed the plumber.,4,11,26,33,12,21,4,11,26,33,0,officer,plumber,confirm,,,
item_02471,trans_P2_0114,P2,trans,passive,The plumber was confirmed by the officer.,33,40,4,11,16,25,4,11,33,40,1,officer,plumber,confirm,,,
item_02472,trans_P2_0114,P2,trans,cleft,It was the officer who confirmed the plumber.,11,18,37,44,23,32,11,18,37,44,0,officer,plumber,confirm,,,
item_02473,trans_P2_0114,P2,trans,topical,"The plumber, the officer confirmed.",17,24,4,11,25,34,4,11,17,24,1,officer,plumber,confirm,,,
item_02474,trans_P2_0114,P2,trans,swap,The plumber confirmed the officer.,4,11,26,33,12,21,4,11,26,33,0,officer,plumber,confirm,,,
item_02475,trans_P2_0115,P2,trans,active,The carpenter noticed the philosopher.,4,13,26,37,14,21,4,13,26,37,0,carpenter,philosopher,notice,,,
item_02476,trans_P2_0115,P2,trans,passive,The philosopher was noticed by the carpenter.,35,44,4,15,20,27,4,15,35,44,1,carpenter,philosopher,notice,,,
item_02477,trans_P2_0115,P2,trans,cleft,It was the carpenter who noticed the philosopher.,11,20,37,48,25,32,11,20,37,48,0,carpenter,philosopher,notice,,,
item_02478,trans_P2_0115,P2,trans,topical,"The philosopher, the carpenter noticed.",21,30,4,15,31,38,4,15,21,30,1,carpenter,philosopher,notice,,,
item_02479,trans_P2_0115,P2,trans,swap,The philosopher noticed the carpenter.,4,15,28,37,16,23,4,15,28,37,0,carpenter,philosopher,notice,,,
item_02480,trans_P2_0116,P2,trans,active,The priest helped the cousin.,4,10,22,28,11,17,4,10,22,28,0,priest,cousin,help,,,
item_02481,trans_P2_0116,P2,trans,passive,The cousin was helped by the priest.,29,35,4,10,15,21,4,10,29,35,1,priest,cousin,help,,,
item_02482,trans_P2_0116,P2,trans,cleft,It was the priest who helped the cousin.,11,17,33,39,22,28,11,17,33,39,0,priest,cousin,help,,,
item_02483,trans_P2_0116,P2,trans,topical,"The cousin, the priest helped.",16,22,4,10,23,29,4,10,16,22,1,priest,cousin,help,,,
item_02484,trans_P2_0116,P2,trans,swap,The cousin helped the priest.,4,10,22,28,11,17,4,10,22,28,0,priest,cousin,help,,,
item_02485,trans_P2_0117,P2,trans,active,The pilot followed the monk.,4,9,23,27,10,18,4,9,23,27,0,pilot,monk,follow,,,
item_02486,trans_P2_0117,P2,trans,passive,The monk was followed by the pilot.,29,34,4,8,13,21,4,8,29,34,1,pilot,monk,follow,,,
item_02487,trans_P2_0117,P2,trans,cleft,It was the pilot who followed the monk.,11,16,34,38,21,29,11,16,34,38,0,pilot,monk,follow,,,
item_02488,trans_P2_0117,P2,trans,topical,"The monk, the pilot followed.",14,19,4,8,20,28,4,8,14,19,1,pilot,monk,follow,,,
item_02489,trans_P2_0117,P2,trans,swap,The monk followed the pilot.,4,8,22,27,9,17,4,8,22,27,0,pilot,monk,follow,,,
item_02490,trans_P2_0118,P2,trans,active,The guard thanked the sculptor.,4,9,22,30,10,17,4,9,22,30,0,guard,sculptor,thank,,,
item_02491,trans_P2_0118,P2,trans,passive,The sculptor was thanked by the guard.,32,37,4,12,17,24,4,12,32,37,1,guard,sculptor,thank,,,
item_02492,trans_P2_0118,P2,trans,cleft,It was the guard who thanked the sculptor.,11,16,33,41,21,28,11,16,33,41,0,guard,sculptor,thank,,,
item_02493,trans_P2_0118,P2,trans,topical,"The sculptor, the guard thanked.",18,23,4,12,24,31,4,12,18,23,1,guard,sculptor,thank,,,
item_02494,trans_P2_0118,P2,trans,swap,The sculptor thanked the guard.,4,12,25,30,13,20,4,12,25,30,0,guard,sculptor,thank,,,
item_02495,trans_P2_0119,P2,trans,active,The senator helped the doctor.,4,11,23,29,12,18,4,11,23,29,0,senator,doctor,help,,,
item_02496,trans_P2_0119,P2,trans,passive,The doctor was helped by the senator.,29,36,4,10,15,21,4,10,29,36,1,senator,doctor,help,,,
item_02497,trans_P2_0119,P2,trans,cleft,It was the senator who helped the doctor.,11,18,34,40,23,29,11,18,34,40,0,senator,doctor,help,,,
item_02498,trans_P2_0119,P2,trans,topical,"The doctor, the senator helped.",16,23,4,10,24,30,4,10,16,23,1,senator,doctor,help,,,
item_02499,trans_P2_0119,P2,trans,swap,The doctor helped the senator.,4,10,22,29,11,17,4,10,22,29,0,senator,doctor,help,,,
item_02500,trans_P2_0120,P2,trans,active,The colleague challenged the chef.,4,13,29,33,14,24,4,13,29,33,0,colleague,chef,challenge,,,
item_02501,trans_P2_0120,P2,trans,passive,The chef was challenged by the colleague.,31,40,4,8,13,23,4,8,31,40,1,colleague,chef,challenge,,,
item_02502,trans_P2_0120,P2,trans,cleft,It was the colleague who challenged the chef.,11,20,40,44,25,35,11,20,40,44,0,colleague,chef,challenge,,,
item_02503,trans_P2_0120,P2,trans,topical,"The chef, the colleague challenged.",14,23,4,8,24,34,4,8,14,23,1,colleague,chef,challenge,,,
item_02504,trans_P2_0120,P2,trans,swap,The chef challenged the colleague.,4,8,24,33,9,19,4,8,24,33,0,colleague,chef,challenge,,,
item_02505,trans_P2_0121,P2,trans,active,The baker thanked the writer.,4,9,22,28,10,17,4,9,22,28,0,baker,writer,thank,,,
item_02506,trans_P2_0121,P2,trans,passive,The writer was thanked by the baker.,30,35,4,10,15,22,4,10,30,35,1,baker,writer,thank,,,
item_02507,trans_P2_0121,P2,trans,cleft,It was the baker who thanked the writer.,11,16,33,39,21,28,11,16,33,39,0,baker,writer,thank,,,
item_02508,trans_P2_0121,P2,trans,topical,"The writer, the baker thanked.",16,21,4,10,22,29,4,10,16,21,1,baker,writer,thank,,,
item_02509,trans_P2_0121,P2,trans,swap,The writer thanked the baker.,4,10,23,28,11,18,4,10,23,28,0,baker,writer,thank,,,
item_02510,trans_P2_0122,P2,trans,active,The uncle confirmed the officer.,4,9,24,31,10,19,4,9,24,31,0,uncle,officer,confirm,,,
item_02511,trans_P2_0122,P2,trans,passive,The officer was confirmed by the uncle.,33,38,4,11,16,25,4,11,33,38,1,uncle,officer,confirm,,,
item_02512,trans_P2_0122,P2,trans,cleft,It was the uncle who confirmed the officer.,11,16,35,42,21,30,11,16,35,42,0,uncle,officer,confirm,,,
item_02513,trans_P2_0122,P2,trans,topical,"The officer, the uncle confirmed.",17,22,4,11,23,32,4,11,17,22,1,uncle,officer,confirm,,,
item_02514,trans_P2_0122,P2,trans,swap,The officer confirmed the uncle.,4,11,26,31,12,21,4,11,26,31,0,uncle,officer,confirm,,,
item_02515,trans_P2_0123,P2,trans,active,The carpenter marked the sculptor.,4,13,25,33,14,20,4,13,25,33,0,carpenter,sculptor,mark,,,
item_02516,trans_P2_0123,P2,trans,passive,The sculptor was marked by the carpenter.,31,40,4,12,17,23,4,12,31,40,1,carpenter,sculptor,mark,,,
item_02517,trans_P2_0123,P2,trans,cleft,It was the carpenter who marked the sculptor.,11,20,36,44,25,31,11,20,36,44,0,carpenter,sculptor,mark,,,
item_02518,trans_P2_0123,P2,trans,topical,"The sculptor, the carpenter marked.",18,27,4,12,28,34,4,12,18,27,1,carpenter,sculptor,mark,,,
item_02519,trans_P2_0123,P2,trans,swap,The sculptor marked the carpenter.,4,12,24,33,13,19,4,12,24,33,0,carpenter,sculptor,mark,,,
item_02520,trans_P2_0124,P2,trans,active,The king admired the poet.,4,8,21,25,9,16,4,8,21,25,0,king,poet,admire,,,
item_02521,trans_P2_0124,P2,trans,passive,The poet was admired by the king.,28,32,4,8,13,20,4,8,28,32,1,king,poet,admire,,,
item_02522,trans_P2_0124,P2,trans,cleft,It was the king who admired the poet.,11,15,32,36,20,27,11,15,32,36,0,king,poet,admire,,,
item_02523,trans_P2_0124,P2,trans,topical,"The poet, the king admired.",14,18,4,8,19,26,4,8,14,18,1,king,poet,admire,,,
item_02524,trans_P2_0124,P2,trans,swap,The poet admired the king.,4,8,21,25,9,16,4,8,21,25,0,king,poet,admire,,,
item_02525,trans_P2_0125,P2,trans,active,The senator visited the baker.,4,11,24,29,12,19,4,11,24,29,0,senator,baker,visit,,,
item_02526,trans_P2_0125,P2,trans,passive,The baker was visited by the senator.,29,36,4,9,14,21,4,9,29,36,1,senator,baker,visit,,,
item_02527,trans_P2_0125,P2,trans,cleft,It was the senator who visited the baker.,11,18,35,40,23,30,11,18,35,40,0,senator,baker,visit,,,
item_02528,trans_P2_0125,P2,trans,topical,"The baker, the senator visited.",15,22,4,9,23,30,4,9,15,22,1,senator,baker,visit,,,
item_02529,trans_P2_0125,P2,trans,swap,The baker visited the senator.,4,9,22,29,10,17,4,9,22,29,0,senator,baker,visit,,,
item_02530,trans_P2_0126,P2,trans,active,The priest noticed the chef.,4,10,23,27,11,18,4,10,23,27,0,priest,chef,notice,,,
item_02531,trans_P2_0126,P2,trans,passive,The chef was noticed by the priest.,28,34,4,8,13,20,4,8,28,34,1,priest,chef,notice,,,
item_02532,trans_P2_0126,P2,trans,cleft,It was the priest who noticed the chef.,11,17,34,38,22,29,11,17,34,38,0,priest,chef,notice,,,
item_02533,trans_P2_0126,P2,trans,topical,"The chef, the priest noticed.",14,20,4,8,21,28,4,8,14,20,1,priest,chef,notice,,,
item_02534,trans_P2_0126,P2,trans,swap,The chef noticed the priest.,4,8,21,27,9,16,4,8,21,27,0,priest,chef,notice,,,
item_02535,trans_P2_0127,P2,trans,active,The doctor confirmed the visitor.,4,10,25,32,11,20,4,10,25,32,0,doctor,visitor,confirm,,,
item_02536,trans_P2_0127,P2,trans,passive,The visitor was confirmed by the doctor.,33,39,4,11,16,25,4,11,33,39,1,doctor,visitor,confirm,,,
item_02537,trans_P2_0127,P2,trans,cleft,It was the doctor who confirmed the visitor.,11,17,36,43,22,31,11,17,36,43,0,doctor,visitor,confirm,,,
item_02538,trans_P2_0127,P2,trans,topical,"The visitor, the doctor confirmed.",17,23,4,11,24,33,4,11,17,23,1,doctor,visitor,confirm,,,
item_02539,trans_P2_0127,P2,trans,swap,The visitor confirmed the doctor.,4,11,26,32,12,21,4,11,26,32,0,doctor,visitor,confirm,,,
item_02540,trans_P2_0128,P2,trans,active,The cousin thanked the farmer.,4,10,23,29,11,18,4,10,23,29,0,cousin,farmer,thank,,,
item_02541,trans_P2_0128,P2,trans,passive,The farmer was thanked by the cousin.,30,36,4,10,15,22,4,10,30,36,1,cousin,farmer,thank,,,
item_02542,trans_P2_0128,P2,trans,cleft,It was the cousin who thanked the farmer.,11,17,34,40,22,29,11,17,34,40,0,cousin,farmer,thank,,,
item_02543,trans_P2_0128,P2,trans,topical,"The farmer, the cousin thanked.",16,22,4,10,23,30,4,10,16,22,1,cousin,farmer,thank,,,
item_02544,trans_P2_0128,P2,trans,swap,The farmer thanked the cousin.,4,10,23,29,11,18,4,10,23,29,0,cousin,farmer,thank,,,
item_02545,trans_P2_0129,P2,trans,active,The farmer visited the priest.,4,10,23,29,11,18,4,10,23,29,0,farmer,priest,visit,,,
item_02546,trans_P2_0129,P2,trans,passive,The priest was visited by the farmer.,30,36,4,10,15,22,4,10,30,36,1,farmer,priest,visit,,,
item_02547,trans_P2_0129,P2,trans,cleft,It was the farmer who visited the priest.,11,17,34,40,22,29,11,17,34,40,0,farmer,priest,visit,,,
item_02548,trans_P2_0129,P2,trans,topical,"The priest, the farmer visited.",16,22,4,10,23,30,4,10,16,22,1,farmer,priest,visit,,,
item_02549,trans_P2_0129,P2,trans,swap,The priest visited the farmer.,4,10,23,29,11,18,4,10,23,29,0,farmer,priest,visit,,,
item_02550,trans_P2_0130,P2,trans,active,The uncle visited the patient.,4,9,22,29,10,17,4,9,22,29,0,uncle,patient,visit,,,
item_02551,trans_P2_0130,P2,trans,passive,The patient was visited by the uncle.,31,36,4,11,16,23,4,11,31,36,1,uncle,patient,visit,,,
item_02552,trans_P2_0130,P2,trans,cleft,It was the uncle who visited the patient.,11,16,33,40,21,28,11,16,33,40,0,uncle,patient,visit,,,
item_02553,trans_P2_0130,P2,trans,topical,"The patient, the uncle visited.",17,22,4,11,23,30,4,11,17,22,1,uncle,patient,visit,,,
item_02554,trans_P2_0130,P2,trans,swap,The patient visited the uncle.,4,11,24,29,12,19,4,11,24,29,0,uncle,patient,visit,,,
item_02555,trans_P2_0131,P2,trans,active,The actor supported the editor.,4,9,24,30,10,19,4,9,24,30,0,actor,editor,support,,,
item_02556,trans_P2_0131,P2,trans,passive,The editor was supported by the actor.,32,37,4,10,15,24,4,10,32,37,1,actor,editor,support,,,
item_02557,trans_P2_0131,P2,trans,cleft,It was the actor who supported the editor.,11,16,35,41,21,30,11,16,35,41,0,actor,editor,support,,,
item_02558,trans_P2_0131,P2,trans,topical,"The editor, the actor supported.",16,21,4,10,22,31,4,10,16,21,1,actor,editor,support,,,
item_02559,trans_P2_0131,P2,trans,swap,The editor supported the actor.,4,10,25,30,11,20,4,10,25,30,0,actor,editor,support,,,
item_02560,trans_P2_0132,P2,trans,active,The doctor marked the scientist.,4,10,22,31,11,17,4,10,22,31,0,doctor,scientist,mark,,,
item_02561,trans_P2_0132,P2,trans,passive,The scientist was marked by the doctor.,32,38,4,13,18,24,4,13,32,38,1,doctor,scientist,mark,,,
item_02562,trans_P2_0132,P2,trans,cleft,It was the doctor who marked the scientist.,11,17,33,42,22,28,11,17,33,42,0,doctor,scientist,mark,,,
item_02563,trans_P2_0132,P2,trans,topical,"The scientist, the doctor marked.",19,25,4,13,26,32,4,13,19,25,1,doctor,scientist,mark,,,
item_02564,trans_P2_0132,P2,trans,swap,The scientist marked the doctor.,4,13,25,31,14,20,4,13,25,31,0,doctor,scientist,mark,,,
item_02565,trans_P2_0133,P2,trans,active,The priest tested the baker.,4,10,22,27,11,17,4,10,22,27,0,priest,baker,test,,,
item_02566,trans_P2_0133,P2,trans,passive,The baker was tested by the priest.,28,34,4,9,14,20,4,9,28,34,1,priest,baker,test,,,
item_02567,trans_P2_0133,P2,trans,cleft,It was the priest who tested the baker.,11,17,33,38,22,28,11,17,33,38,0,priest,baker,test,,,
item_02568,trans_P2_0133,P2,trans,topical,"The baker, the priest tested.",15,21,4,9,22,28,4,9,15,21,1,priest,baker,test,,,
item_02569,trans_P2_0133,P2,trans,swap,The baker tested the priest.,4,9,21,27,10,16,4,9,21,27,0,priest,baker,test,,,
item_02570,trans_P2_0134,P2,trans,active,The doctor helped the king.,4,10,22,26,11,17,4,10,22,26,0,doctor,king,help,,,
item_02571,trans_P2_0134,P2,trans,passive,The king was helped by the doctor.,27,33,4,8,13,19,4,8,27,33,1,doctor,king,help,,,
item_02572,trans_P2_0134,P2,trans,cleft,It was the doctor who helped the king.,11,17,33,37,22,28,11,17,33,37,0,doctor,king,help,,,
item_02573,trans_P2_0134,P2,trans,topical,"The king, the doctor helped.",14,20,4,8,21,27,4,8,14,20,1,doctor,king,help,,,
item_02574,trans_P2_0134,P2,trans,swap,The king helped the doctor.,4,8,20,26,9,15,4,8,20,26,0,doctor,king,help,,,
item_02575,trans_P2_0135,P2,trans,active,The poet visited the teacher.,4,8,21,28,9,16,4,8,21,28,0,poet,teacher,visit,,,
item_02576,trans_P2_0135,P2,trans,passive,The teacher was visited by the poet.,31,35,4,11,16,23,4,11,31,35,1,poet,teacher,visit,,,
item_02577,trans_P2_0135,P2,trans,cleft,It was the poet who visited the teacher.,11,15,32,39,20,27,11,15,32,39,0,poet,teacher,visit,,,
item_02578,trans_P2_0135,P2,trans,topical,"The teacher, the poet visited.",17,21,4,11,22,29,4,11,17,21,1,poet,teacher,visit,,,
item_02579,trans_P2_0135,P2,trans,swap,The teacher visited the poet.,4,11,24,28,12,19,4,11,24,28,0,poet,teacher,visit,,,
item_02580,trans_P2_0136,P2,trans,active,The patient noticed the pilot.,4,11,24,29,12,19,4,11,24,29,0,patient,pilot,notice,,,
item_02581,trans_P2_0136,P2,trans,passive,The pilot was noticed by the patient.,29,36,4,9,14,21,4,9,29,36,1,patient,pilot,notice,,,
item_02582,trans_P2_0136,P2,trans,cleft,It was the patient who noticed the pilot.,11,18,35,40,23,30,11,18,35,40,0,patient,pilot,notice,,,
item_02583,trans_P2_0136,P2,trans,topical,"The pilot, the patient noticed.",15,22,4,9,23,30,4,9,15,22,1,patient,pilot,notice,,,
item_02584,trans_P2_0136,P2,trans,swap,The pilot noticed the patient.,4,9,22,29,10,17,4,9,22,29,0,patient,pilot,notice,,,
item_02585,trans_P2_0137,P2,trans,active,The officer followed the pilot.,4,11,25,30,12,20,4,11,25,30,0,officer,pilot,follow,,,
item_02586,trans_P2_0137,P2,trans,passive,The pilot was followed by the officer.,30,37,4,9,14,22,4,9,30,37,1,officer,pilot,follow,,,
item_02587,trans_P2_0137,P2,trans,cleft,It was the officer who followed the pilot.,11,18,36,41,23,31,11,18,36,41,0,officer,pilot,follow,,,
item_02588,trans_P2_0137,P2,trans,topical,"The pilot, the officer followed.",15,22,4,9,23,31,4,9,15,22,1,officer,pilot,follow,,,
item_02589,trans_P2_0137,P2,trans,swap,The pilot followed the officer.,4,9,23,30,10,18,4,9,23,30,0,officer,pilot,follow,,,
item_02590,trans_P2_0138,P2,trans,active,The uncle thanked the aunt.,4,9,22,26,10,17,4,9,22,26,0,uncle,aunt,thank,,,
item_02591,trans_P2_0138,P2,trans,passive,The aunt was thanked by the uncle.,28,33,4,8,13,20,4,8,28,33,1,uncle,aunt,thank,,,
item_02592,trans_P2_0138,P2,trans,cleft,It was the uncle who thanked the aunt.,11,16,33,37,21,28,11,16,33,37,0,uncle,aunt,thank,,,
item_02593,trans_P2_0138,P2,trans,topical,"The aunt, the uncle thanked.",14,19,4,8,20,27,4,8,14,19,1,uncle,aunt,thank,,,
item_02594,trans_P2_0138,P2,trans,swap,The aunt thanked the uncle.,4,8,21,26,9,16,4,8,21,26,0,uncle,aunt,thank,,,
item_02595,trans_P2_0139,P2,trans,active,The sculptor visited the teacher.,4,12,25,32,13,20,4,12,25,32,0,sculptor,teacher,visit,,,
item_02596,trans_P2_0139,P2,trans,passive,The teacher was visited by the sculptor.,31,39,4,11,16,23,4,11,31,39,1,sculptor,teacher,visit,,,
item_02597,trans_P2_0139,P2,trans,cleft,It was the sculptor who visited the teacher.,11,19,36,43,24,31,11,19,36,43,0,sculptor,teacher,visit,,,
item_02598,trans_P2_0139,P2,trans,topical,"The teacher, the sculptor visited.",17,25,4,11,26,33,4,11,17,25,1,sculptor,teacher,visit,,,
item_02599,trans_P2_0139,P2,trans,swap,The teacher visited the sculptor.,4,11,24,32,12,19,4,11,24,32,0,sculptor,teacher,visit,,,
item_02600,trans_P2_0140,P2,trans,active,The patient tested the carpenter.,4,11,23,32,12,18,4,11,23,32,0,patient,carpenter,test,,,
item_02601,trans_P2_0140,P2,trans,passive,The carpenter was tested by the patient.,32,39,4,13,18,24,4,13,32,39,1,patient,carpenter,test,,,
item_02602,trans_P2_0140,P2,trans,cleft,It was the patient who tested the carpenter.,11,18,34,43,23,29,11,18,34,43,0,patient,carpenter,test,,,
item_02603,trans_P2_0140,P2,trans,topical,"The carpenter, the patient tested.",19,26,4,13,27,33,4,13,19,26,1,patient,carpenter,test,,,
item_02604,trans_P2_0140,P2,trans,swap,The carpenter tested the patient.,4,13,25,32,14,20,4,13,25,32,0,patient,carpenter,test,,,
item_02605,trans_P2_0141,P2,trans,active,The baker thanked the surgeon.,4,9,22,29,10,17,4,9,22,29,0,baker,surgeon,thank,,,
item_02606,trans_P2_0141,P2,trans,passive,The surgeon was thanked by the baker.,31,36,4,11,16,23,4,11,31,36,1,baker,surgeon,thank,,,
item_02607,trans_P2_0141,P2,trans,cleft,It was the baker who thanked the surgeon.,11,16,33,40,21,28,11,16,33,40,0,baker,surgeon,thank,,,
item_02608,trans_P2_0141,P2,trans,topical,"The surgeon, the baker thanked.",17,22,4,11,23,30,4,11,17,22,1,baker,surgeon,thank,,,
item_02609,trans_P2_0141,P2,trans,swap,The surgeon thanked the baker.,4,11,24,29,12,19,4,11,24,29,0,baker,surgeon,thank,,,
item_02610,trans_P2_0142,P2,trans,active,The officer helped the surgeon.,4,11,23,30,12,18,4,11,23,30,0,officer,surgeon,help,,,
item_02611,trans_P2_0142,P2,trans,passive,The surgeon was helped by the officer.,30,37,4,11,16,22,4,11,30,37,1,officer,surgeon,help,,,
item_02612,trans_P2_0142,P2,trans,cleft,It was the officer who helped the surgeon.,11,18,34,41,23,29,11,18,34,41,0,officer,surgeon,help,,,
item_02613,trans_P2_0142,P2,trans,topical,"The surgeon, the officer helped.",17,24,4,11,25,31,4,11,17,24,1,officer,surgeon,help,,,
item_02614,trans_P2_0142,P2,trans,swap,The surgeon helped the officer.,4,11,23,30,12,18,4,11,23,30,0,officer,surgeon,help,,,
item_02615,trans_P2_0143,P2,trans,active,The surgeon noticed the tourist.,4,11,24,31,12,19,4,11,24,31,0,surgeon,tourist,notice,,,
item_02616,trans_P2_0143,P2,trans,passive,The tourist was noticed by the surgeon.,31,38,4,11,16,23,4,11,31,38,1,surgeon,tourist,notice,,,
item_02617,trans_P2_0143,P2,trans,cleft,It was the surgeon who noticed the tourist.,11,18,35,42,23,30,11,18,35,42,0,surgeon,tourist,notice,,,
item_02618,trans_P2_0143,P2,trans,topical,"The tourist, the surgeon noticed.",17,24,4,11,25,32,4,11,17,24,1,surgeon,tourist,notice,,,
item_02619,trans_P2_0143,P2,trans,swap,The tourist noticed the surgeon.,4,11,24,31,12,19,4,11,24,31,0,surgeon,tourist,notice,,,
item_02620,trans_P2_0144,P2,trans,active,The patient noticed the poet.,4,11,24,28,12,19,4,11,24,28,0,patient,poet,notice,,,
item_02621,trans_P2_0144,P2,trans,passive,The poet was noticed by the patient.,28,35,4,8,13,20,4,8,28,35,1,patient,poet,notice,,,
item_02622,trans_P2_0144,P2,trans,cleft,It was the patient who noticed the poet.,11,18,35,39,23,30,11,18,35,39,0,patient,poet,notice,,,
item_02623,trans_P2_0144,P2,trans,topical,"The poet, the patient noticed.",14,21,4,8,22,29,4,8,14,21,1,patient,poet,notice,,,
item_02624,trans_P2_0144,P2,trans,swap,The poet noticed the patient.,4,8,21,28,9,16,4,8,21,28,0,patient,poet,notice,,,
item_02625,trans_P2_0145,P2,trans,active,The visitor tested the uncle.,4,11,23,28,12,18,4,11,23,28,0,visitor,uncle,test,,,
item_02626,trans_P2_0145,P2,trans,passive,The uncle was tested by the visitor.,28,35,4,9,14,20,4,9,28,35,1,visitor,uncle,test,,,
item_02627,trans_P2_0145,P2,trans,cleft,It was the visitor who tested the uncle.,11,18,34,39,23,29,11,18,34,39,0,visitor,uncle,test,,,
item_02628,trans_P2_0145,P2,trans,topical,"The uncle, the visitor tested.",15,22,4,9,23,29,4,9,15,22,1,visitor,uncle,test,,,
item_02629,trans_P2_0145,P2,trans,swap,The uncle tested the visitor.,4,9,21,28,10,16,4,9,21,28,0,visitor,uncle,test,,,
item_02630,trans_P2_0146,P2,trans,active,The uncle admired the surgeon.,4,9,22,29,10,17,4,9,22,29,0,uncle,surgeon,admire,,,
item_02631,trans_P2_0146,P2,trans,passive,The surgeon was admired by the uncle.,31,36,4,11,16,23,4,11,31,36,1,uncle,surgeon,admire,,,
item_02632,trans_P2_0146,P2,trans,cleft,It was the uncle who admired the surgeon.,11,16,33,40,21,28,11,16,33,40,0,uncle,surgeon,admire,,,
item_02633,trans_P2_0146,P2,trans,topical,"The surgeon, the uncle admired.",17,22,4,11,23,30,4,11,17,22,1,uncle,surgeon,admire,,,
item_02634,trans_P2_0146,P2,trans,swap,The surgeon admired the uncle.,4,11,24,29,12,19,4,11,24,29,0,uncle,surgeon,admire,,,
item_02635,trans_P2_0147,P2,trans,active,The painter called the prince.,4,11,23,29,12,18,4,11,23,29,0,painter,prince,call,,,
item_02636,trans_P2_0147,P2,trans,passive,The prince was called by the painter.,29,36,4,10,15,21,4,10,29,36,1,painter,prince,call,,,
item_02637,trans_P2_0147,P2,trans,cleft,It was the painter who called the prince.,11,18,34,40,23,29,11,18,34,40,0,painter,prince,call,,,
item_02638,trans_P2_0147,P2,trans,topical,"The prince, the painter called.",16,23,4,10,24,30,4,10,16,23,1,painter,prince,call,,,
item_02639,trans_P2_0147,P2,trans,swap,The prince called the painter.,4,10,22,29,11,17,4,10,22,29,0,painter,prince,call,,,
item_02640,trans_P2_0148,P2,trans,active,The captain confirmed the plumber.,4,11,26,33,12,21,4,11,26,33,0,captain,plumber,confirm,,,
item_02641,trans_P2_0148,P2,trans,passive,The plumber was confirmed by the captain.,33,40,4,11,16,25,4,11,33,40,1,captain,plumber,confirm,,,
item_02642,trans_P2_0148,P2,trans,cleft,It was the captain who confirmed the plumber.,11,18,37,44,23,32,11,18,37,44,0,captain,plumber,confirm,,,
item_02643,trans_P2_0148,P2,trans,topical,"The plumber, the captain confirmed.",17,24,4,11,25,34,4,11,17,24,1,captain,plumber,confirm,,,
item_02644,trans_P2_0148,P2,trans,swap,The plumber confirmed the captain.,4,11,26,33,12,21,4,11,26,33,0,captain,plumber,confirm,,,
item_02645,trans_P2_0149,P2,trans,active,The physicist visited the writer.,4,13,26,32,14,21,4,13,26,32,0,physicist,writer,visit,,,
item_02646,trans_P2_0149,P2,trans,passive,The writer was visited by the physicist.,30,39,4,10,15,22,4,10,30,39,1,physicist,writer,visit,,,
item_02647,trans_P2_0149,P2,trans,cleft,It was the physicist who visited the writer.,11,20,37,43,25,32,11,20,37,43,0,physicist,writer,visit,,,
item_02648,trans_P2_0149,P2,trans,topical,"The writer, the physicist visited.",16,25,4,10,26,33,4,10,16,25,1,physicist,writer,visit,,,
item_02649,trans_P2_0149,P2,trans,swap,The writer visited the physicist.,4,10,23,32,11,18,4,10,23,32,0,physicist,writer,visit,,,
item_02650,trans_P2_0150,P2,trans,active,The physicist followed the visitor.,4,13,27,34,14,22,4,13,27,34,0,physicist,visitor,follow,,,
item_02651,trans_P2_0150,P2,trans,passive,The visitor was followed by the physicist.,32,41,4,11,16,24,4,11,32,41,1,physicist,visitor,follow,,,
item_02652,trans_P2_0150,P2,trans,cleft,It was the physicist who followed the visitor.,11,20,38,45,25,33,11,20,38,45,0,physicist,visitor,follow,,,
item_02653,trans_P2_0150,P2,trans,topical,"The visitor, the physicist followed.",17,26,4,11,27,35,4,11,17,26,1,physicist,visitor,follow,,,
item_02654,trans_P2_0150,P2,trans,swap,The visitor followed the physicist.,4,11,25,34,12,20,4,11,25,34,0,physicist,visitor,follow,,,
item_02655,trans_P2_0151,P2,trans,active,The colleague helped the baker.,4,13,25,30,14,20,4,13,25,30,0,colleague,baker,help,,,
item_02656,trans_P2_0151,P2,trans,passive,The baker was helped by the colleague.,28,37,4,9,14,20,4,9,28,37,1,colleague,baker,help,,,
item_02657,trans_P2_0151,P2,trans,cleft,It was the colleague who helped the baker.,11,20,36,41,25,31,11,20,36,41,0,colleague,baker,help,,,
item_02658,trans_P2_0151,P2,trans,topical,"The baker, the colleague helped.",15,24,4,9,25,31,4,9,15,24,1,colleague,baker,help,,,
item_02659,trans_P2_0151,P2,trans,swap,The baker helped the colleague.,4,9,21,30,10,16,4,9,21,30,0,colleague,baker,help,,,
item_02660,trans_P2_0152,P2,trans,active,The tourist tested the editor.,4,11,23,29,12,18,4,11,23,29,0,tourist,editor,test,,,
item_02661,trans_P2_0152,P2,trans,passive,The editor was tested by the tourist.,29,36,4,10,15,21,4,10,29,36,1,tourist,editor,test,,,
item_02662,trans_P2_0152,P2,trans,cleft,It was the tourist who tested the editor.,11,18,34,40,23,29,11,18,34,40,0,tourist,editor,test,,,
item_02663,trans_P2_0152,P2,trans,topical,"The editor, the tourist tested.",16,23,4,10,24,30,4,10,16,23,1,tourist,editor,test,,,
item_02664,trans_P2_0152,P2,trans,swap,The editor tested the tourist.,4,10,22,29,11,17,4,10,22,29,0,tourist,editor,test,,,
item_02665,trans_P2_0153,P2,trans,active,The doctor followed the chef.,4,10,24,28,11,19,4,10,24,28,0,doctor,chef,follow,,,
item_02666,trans_P2_0153,P2,trans,passive,The chef was followed by the doctor.,29,35,4,8,13,21,4,8,29,35,1,doctor,chef,follow,,,
item_02667,trans_P2_0153,P2,trans,cleft,It was the doctor who followed the chef.,11,17,35,39,22,30,11,17,35,39,0,doctor,chef,follow,,,
item_02668,trans_P2_0153,P2,trans,topical,"The chef, the doctor followed.",14,20,4,8,21,29,4,8,14,20,1,doctor,chef,follow,,,
item_02669,trans_P2_0153,P2,trans,swap,The chef followed the doctor.,4,8,22,28,9,17,4,8,22,28,0,doctor,chef,follow,,,
item_02670,trans_P2_0154,P2,trans,active,The monk confirmed the physicist.,4,8,23,32,9,18,4,8,23,32,0,monk,physicist,confirm,,,
item_02671,trans_P2_0154,P2,trans,passive,The physicist was confirmed by the monk.,35,39,4,13,18,27,4,13,35,39,1,monk,physicist,confirm,,,
item_02672,trans_P2_0154,P2,trans,cleft,It was the monk who confirmed the physicist.,11,15,34,43,20,29,11,15,34,43,0,monk,physicist,confirm,,,
item_02673,trans_P2_0154,P2,trans,topical,"The physicist, the monk confirmed.",19,23,4,13,24,33,4,13,19,23,1,monk,physicist,confirm,,,
item_02674,trans_P2_0154,P2,trans,swap,The physicist confirmed the monk.,4,13,28,32,14,23,4,13,28,32,0,monk,physicist,confirm,,,
item_02675,trans_P2_0155,P2,trans,active,The guard called the physicist.,4,9,21,30,10,16,4,9,21,30,0,guard,physicist,call,,,
item_02676,trans_P2_0155,P2,trans,passive,The physicist was called by the guard.,32,37,4,13,18,24,4,13,32,37,1,guard,physicist,call,,,
item_02677,trans_P2_0155,P2,trans,cleft,It was the guard who called the physicist.,11,16,32,41,21,27,11,16,32,41,0,guard,physicist,call,,,
item_02678,trans_P2_0155,P2,trans,topical,"The physicist, the guard called.",19,24,4,13,25,31,4,13,19,24,1,guard,physicist,call,,,
item_02679,trans_P2_0155,P2,trans,swap,The physicist called the guard.,4,13,25,30,14,20,4,13,25,30,0,guard,physicist,call,,,
item_02680,trans_P2_0156,P2,trans,active,The cousin supported the actor.,4,10,25,30,11,20,4,10,25,30,0,cousin,actor,support,,,
item_02681,trans_P2_0156,P2,trans,passive,The actor was supported by the cousin.,31,37,4,9,14,23,4,9,31,37,1,cousin,actor,support,,,
item_02682,trans_P2_0156,P2,trans,cleft,It was the cousin who supported the actor.,11,17,36,41,22,31,11,17,36,41,0,cousin,actor,support,,,
item_02683,trans_P2_0156,P2,trans,topical,"The actor, the cousin supported.",15,21,4,9,22,31,4,9,15,21,1,cousin,actor,support,,,
item_02684,trans_P2_0156,P2,trans,swap,The actor supported the cousin.,4,9,24,30,10,19,4,9,24,30,0,cousin,actor,support,,,
item_02685,trans_P2_0157,P2,trans,active,The prince helped the tourist.,4,10,22,29,11,17,4,10,22,29,0,prince,tourist,help,,,
item_02686,trans_P2_0157,P2,trans,passive,The tourist was helped by the prince.,30,36,4,11,16,22,4,11,30,36,1,prince,tourist,help,,,
item_02687,trans_P2_0157,P2,trans,cleft,It was the prince who helped the tourist.,11,17,33,40,22,28,11,17,33,40,0,prince,tourist,help,,,
item_02688,trans_P2_0157,P2,trans,topical,"The tourist, the prince helped.",17,23,4,11,24,30,4,11,17,23,1,prince,tourist,help,,,
item_02689,trans_P2_0157,P2,trans,swap,The tourist helped the prince.,4,11,23,29,12,18,4,11,23,29,0,prince,tourist,help,,,
item_02690,trans_P2_0158,P2,trans,active,The pilot tested the king.,4,9,21,25,10,16,4,9,21,25,0,pilot,king,test,,,
item_02691,trans_P2_0158,P2,trans,passive,The king was tested by the pilot.,27,32,4,8,13,19,4,8,27,32,1,pilot,king,test,,,
item_02692,trans_P2_0158,P2,trans,cleft,It was the pilot who tested the king.,11,16,32,36,21,27,11,16,32,36,0,pilot,king,test,,,
item_02693,trans_P2_0158,P2,trans,topical,"The king, the pilot tested.",14,19,4,8,20,26,4,8,14,19,1,pilot,king,test,,,
item_02694,trans_P2_0158,P2,trans,swap,The king tested the pilot.,4,8,20,25,9,15,4,8,20,25,0,pilot,king,test,,,
item_02695,trans_P2_0159,P2,trans,active,The scientist supported the physicist.,4,13,28,37,14,23,4,13,28,37,0,scientist,physicist,support,,,
item_02696,trans_P2_0159,P2,trans,passive,The physicist was supported by the scientist.,35,44,4,13,18,27,4,13,35,44,1,scientist,physicist,support,,,
item_02697,trans_P2_0159,P2,trans,cleft,It was the scientist who supported the physicist.,11,20,39,48,25,34,11,20,39,48,0,scientist,physicist,support,,,
item_02698,trans_P2_0159,P2,trans,topical,"The physicist, the scientist supported.",19,28,4,13,29,38,4,13,19,28,1,scientist,physicist,support,,,
item_02699,trans_P2_0159,P2,trans,swap,The physicist supported the scientist.,4,13,28,37,14,23,4,13,28,37,0,scientist,physicist,support,,,
item_02700,trans_P2_0160,P2,trans,active,The colleague marked the editor.,4,13,25,31,14,20,4,13,25,31,0,colleague,editor,mark,,,
item_02701,trans_P2_0160,P2,trans,passive,The editor was marked by the colleague.,29,38,4,10,15,21,4,10,29,38,1,colleague,editor,mark,,,
item_02702,trans_P2_0160,P2,trans,cleft,It was the colleague who marked the editor.,11,20,36,42,25,31,11,20,36,42,0,colleague,editor,mark,,,
item_02703,trans_P2_0160,P2,trans,topical,"The editor, the colleague marked.",16,25,4,10,26,32,4,10,16,25,1,colleague,editor,mark,,,
item_02704,trans_P2_0160,P2,trans,swap,The editor marked the colleague.,4,10,22,31,11,17,4,10,22,31,0,colleague,editor,mark,,,
item_02705,trans_P2_0161,P2,trans,active,The colleague admired the patient.,4,13,26,33,14,21,4,13,26,33,0,colleague,patient,admire,,,
item_02706,trans_P2_0161,P2,trans,passive,The patient was admired by the colleague.,31,40,4,11,16,23,4,11,31,40,1,colleague,patient,admire,,,
item_02707,trans_P2_0161,P2,trans,cleft,It was the colleague who admired the patient.,11,20,37,44,25,32,11,20,37,44,0,colleague,patient,admire,,,
item_02708,trans_P2_0161,P2,trans,topical,"The patient, the colleague admired.",17,26,4,11,27,34,4,11,17,26,1,colleague,patient,admire,,,
item_02709,trans_P2_0161,P2,trans,swap,The patient admired the colleague.,4,11,24,33,12,19,4,11,24,33,0,colleague,patient,admire,,,
item_02710,trans_P2_0162,P2,trans,active,The pilot tested the plumber.,4,9,21,28,10,16,4,9,21,28,0,pilot,plumber,test,,,
item_02711,trans_P2_0162,P2,trans,passive,The plumber was tested by the pilot.,30,35,4,11,16,22,4,11,30,35,1,pilot,plumber,test,,,
item_02712,trans_P2_0162,P2,trans,cleft,It was the pilot who tested the plumber.,11,16,32,39,21,27,11,16,32,39,0,pilot,plumber,test,,,
item_02713,trans_P2_0162,P2,trans,topical,"The plumber, the pilot tested.",17,22,4,11,23,29,4,11,17,22,1,pilot,plumber,test,,,
item_02714,trans_P2_0162,P2,trans,swap,The plumber tested the pilot.,4,11,23,28,12,18,4,11,23,28,0,pilot,plumber,test,,,
item_02715,trans_P2_0163,P2,trans,active,The captain confirmed the visitor.,4,11,26,33,12,21,4,11,26,33,0,captain,visitor,confirm,,,
item_02716,trans_P2_0163,P2,trans,passive,The visitor was confirmed by the captain.,33,40,4,11,16,25,4,11,33,40,1,captain,visitor,confirm,,,
item_02717,trans_P2_0163,P2,trans,cleft,It was the captain who confirmed the visitor.,11,18,37,44,23,32,11,18,37,44,0,captain,visitor,confirm,,,
item_02718,trans_P2_0163,P2,trans,topical,"The visitor, the captain confirmed.",17,24,4,11,25,34,4,11,17,24,1,captain,visitor,confirm,,,
item_02719,trans_P2_0163,P2,trans,swap,The visitor confirmed the captain.,4,11,26,33,12,21,4,11,26,33,0,captain,visitor,confirm,,,
item_02720,trans_P2_0164,P2,trans,active,The editor supported the captain.,4,10,25,32,11,20,4,10,25,32,0,editor,captain,support,,,
item_02721,trans_P2_0164,P2,trans,passive,The captain was supported by the editor.,33,39,4,11,16,25,4,11,33,39,1,editor,captain,support,,,
item_02722,trans_P2_0164,P2,trans,cleft,It was the editor who supported the captain.,11,17,36,43,22,31,11,17,36,43,0,editor,captain,support,,,
item_02723,trans_P2_0164,P2,trans,topical,"The captain, the editor supported.",17,23,4,11,24,33,4,11,17,23,1,editor,captain,support,,,
item_02724,trans_P2_0164,P2,trans,swap,The captain supported the editor.,4,11,26,32,12,21,4,11,26,32,0,editor,captain,support,,,
item_02725,trans_P2_0165,P2,trans,active,The carpenter challenged the visitor.,4,13,29,36,14,24,4,13,29,36,0,carpenter,visitor,challenge,,,
item_02726,trans_P2_0165,P2,trans,passive,The visitor was challenged by the carpenter.,34,43,4,11,16,26,4,11,34,43,1,carpenter,visitor,challenge,,,
item_02727,trans_P2_0165,P2,trans,cleft,It was the carpenter who challenged the visitor.,11,20,40,47,25,35,11,20,40,47,0,carpenter,visitor,challenge,,,
item_02728,trans_P2_0165,P2,trans,topical,"The visitor, the carpenter challenged.",17,26,4,11,27,37,4,11,17,26,1,carpenter,visitor,challenge,,,
item_02729,trans_P2_0165,P2,trans,swap,The visitor challenged the carpenter.,4,11,27,36,12,22,4,11,27,36,0,carpenter,visitor,challenge,,,
item_02730,trans_P2_0166,P2,trans,active,The doctor challenged the tourist.,4,10,26,33,11,21,4,10,26,33,0,doctor,tourist,challenge,,,
item_02731,trans_P2_0166,P2,trans,passive,The tourist was challenged by the doctor.,34,40,4,11,16,26,4,11,34,40,1,doctor,tourist,challenge,,,
item_02732,trans_P2_0166,P2,trans,cleft,It was the doctor who challenged the tourist.,11,17,37,44,22,32,11,17,37,44,0,doctor,tourist,challenge,,,
item_02733,trans_P2_0166,P2,trans,topical,"The tourist, the doctor challenged.",17,23,4,11,24,34,4,11,17,23,1,doctor,tourist,challenge,,,
item_02734,trans_P2_0166,P2,trans,swap,The tourist challenged the doctor.,4,11,27,33,12,22,4,11,27,33,0,doctor,tourist,challenge,,,
item_02735,trans_P2_0167,P2,trans,active,The priest thanked the king.,4,10,23,27,11,18,4,10,23,27,0,priest,king,thank,,,
item_02736,trans_P2_0167,P2,trans,passive,The king was thanked by the priest.,28,34,4,8,13,20,4,8,28,34,1,priest,king,thank,,,
item_02737,trans_P2_0167,P2,trans,cleft,It was the priest who thanked the king.,11,17,34,38,22,29,11,17,34,38,0,priest,king,thank,,,
item_02738,trans_P2_0167,P2,trans,topical,"The king, the priest thanked.",14,20,4,8,21,28,4,8,14,20,1,priest,king,thank,,,
item_02739,trans_P2_0167,P2,trans,swap,The king thanked the priest.,4,8,21,27,9,16,4,8,21,27,0,priest,king,thank,,,
item_02740,trans_P2_0168,P2,trans,active,The prince admired the visitor.,4,10,23,30,11,18,4,10,23,30,0,prince,visitor,admire,,,
item_02741,trans_P2_0168,P2,trans,passive,The visitor was admired by the prince.,31,37,4,11,16,23,4,11,31,37,1,prince,visitor,admire,,,
item_02742,trans_P2_0168,P2,trans,cleft,It was the prince who admired the visitor.,11,17,34,41,22,29,11,17,34,41,0,prince,visitor,admire,,,
item_02743,trans_P2_0168,P2,trans,topical,"The visitor, the prince admired.",17,23,4,11,24,31,4,11,17,23,1,prince,visitor,admire,,,
item_02744,trans_P2_0168,P2,trans,swap,The visitor admired the prince.,4,11,24,30,12,19,4,11,24,30,0,prince,visitor,admire,,,
item_02745,trans_P2_0169,P2,trans,active,The writer thanked the carpenter.,4,10,23,32,11,18,4,10,23,32,0,writer,carpenter,thank,,,
item_02746,trans_P2_0169,P2,trans,passive,The carpenter was thanked by the writer.,33,39,4,13,18,25,4,13,33,39,1,writer,carpenter,thank,,,
item_02747,trans_P2_0169,P2,trans,cleft,It was the writer who thanked the carpenter.,11,17,34,43,22,29,11,17,34,43,0,writer,carpenter,thank,,,
item_02748,trans_P2_0169,P2,trans,topical,"The carpenter, the writer thanked.",19,25,4,13,26,33,4,13,19,25,1,writer,carpenter,thank,,,
item_02749,trans_P2_0169,P2,trans,swap,The carpenter thanked the writer.,4,13,26,32,14,21,4,13,26,32,0,writer,carpenter,thank,,,
item_02750,trans_P2_0170,P2,trans,active,The prince confirmed the teacher.,4,10,25,32,11,20,4,10,25,32,0,prince,teacher,confirm,,,
item_02751,trans_P2_0170,P2,trans,passive,The teacher was confirmed by the prince.,33,39,4,11,16,25,4,11,33,39,1,prince,teacher,confirm,,,
item_02752,trans_P2_0170,P2,trans,cleft,It was the prince who confirmed the teacher.,11,17,36,43,22,31,11,17,36,43,0,prince,teacher,confirm,,,
item_02753,trans_P2_0170,P2,trans,topical,"The teacher, the prince confirmed.",17,23,4,11,24,33,4,11,17,23,1,prince,teacher,confirm,,,
item_02754,trans_P2_0170,P2,trans,swap,The teacher confirmed the prince.,4,11,26,32,12,21,4,11,26,32,0,prince,teacher,confirm,,,
item_02755,trans_P2_0171,P2,trans,active,The plumber called the uncle.,4,11,23,28,12,18,4,11,23,28,0,plumber,uncle,call,,,
item_02756,trans_P2_0171,P2,trans,passive,The uncle was called by the plumber.,28,35,4,9,14,20,4,9,28,35,1,plumber,uncle,call,,,
item_02757,trans_P2_0171,P2,trans,cleft,It was the plumber who called the uncle.,11,18,34,39,23,29,11,18,34,39,0,plumber,uncle,call,,,
item_02758,trans_P2_0171,P2,trans,topical,"The uncle, the plumber called.",15,22,4,9,23,29,4,9,15,22,1,plumber,uncle,call,,,
item_02759,trans_P2_0171,P2,trans,swap,The uncle called the plumber.,4,9,21,28,10,16,4,9,21,28,0,plumber,uncle,call,,,
item_02760,trans_P2_0172,P2,trans,active,The senator helped the physicist.,4,11,23,32,12,18,4,11,23,32,0,senator,physicist,help,,,
item_02761,trans_P2_0172,P2,trans,passive,The physicist was helped by the senator.,32,39,4,13,18,24,4,13,32,39,1,senator,physicist,help,,,
item_02762,trans_P2_0172,P2,trans,cleft,It was the senator who helped the physicist.,11,18,34,43,23,29,11,18,34,43,0,senator,physicist,help,,,
item_02763,trans_P2_0172,P2,trans,topical,"The physicist, the senator helped.",19,26,4,13,27,33,4,13,19,26,1,senator,physicist,help,,,
item_02764,trans_P2_0172,P2,trans,swap,The physicist helped the senator.,4,13,25,32,14,20,4,13,25,32,0,senator,physicist,help,,,
item_02765,trans_P2_0173,P2,trans,active,The cousin thanked the visitor.,4,10,23,30,11,18,4,10,23,30,0,cousin,visitor,thank,,,
item_02766,trans_P2_0173,P2,trans,passive,The visitor was thanked by the cousin.,31,37,4,11,16,23,4,11,31,37,1,cousin,visitor,thank,,,
item_02767,trans_P2_0173,P2,trans,cleft,It was the cousin who thanked the visitor.,11,17,34,41,22,29,11,17,34,41,0,cousin,visitor,thank,,,
item_02768,trans_P2_0173,P2,trans,topical,"The visitor, the cousin thanked.",17,23,4,11,24,31,4,11,17,23,1,cousin,visitor,thank,,,
item_02769,trans_P2_0173,P2,trans,swap,The visitor thanked the cousin.,4,11,24,30,12,19,4,11,24,30,0,cousin,visitor,thank,,,
item_02770,trans_P2_0174,P2,trans,active,The aunt admired the officer.,4,8,21,28,9,16,4,8,21,28,0,aunt,officer,admire,,,
item_02771,trans_P2_0174,P2,trans,passive,The officer was admired by the aunt.,31,35,4,11,16,23,4,11,31,35,1,aunt,officer,admire,,,
item_02772,trans_P2_0174,P2,trans,cleft,It was the aunt who admired the officer.,11,15,32,39,20,27,11,15,32,39,0,aunt,officer,admire,,,
item_02773,trans_P2_0174,P2,trans,topical,"The officer, the aunt admired.",17,21,4,11,22,29,4,11,17,21,1,aunt,officer,admire,,,
item_02774,trans_P2_0174,P2,trans,swap,The officer admired the aunt.,4,11,24,28,12,19,4,11,24,28,0,aunt,officer,admire,,,
item_02775,trans_P2_0175,P2,trans,active,The teacher admired the pilot.,4,11,24,29,12,19,4,11,24,29,0,teacher,pilot,admire,,,
item_02776,trans_P2_0175,P2,trans,passive,The pilot was admired by the teacher.,29,36,4,9,14,21,4,9,29,36,1,teacher,pilot,admire,,,
item_02777,trans_P2_0175,P2,trans,cleft,It was the teacher who admired the pilot.,11,18,35,40,23,30,11,18,35,40,0,teacher,pilot,admire,,,
item_02778,trans_P2_0175,P2,trans,topical,"The pilot, the teacher admired.",15,22,4,9,23,30,4,9,15,22,1,teacher,pilot,admire,,,
item_02779,trans_P2_0175,P2,trans,swap,The pilot admired the teacher.,4,9,22,29,10,17,4,9,22,29,0,teacher,pilot,admire,,,
item_02780,trans_P2_0176,P2,trans,active,The chef called the aunt.,4,8,20,24,9,15,4,8,20,24,0,chef,aunt,call,,,
item_02781,trans_P2_0176,P2,trans,passive,The aunt was called by the chef.,27,31,4,8,13,19,4,8,27,31,1,chef,aunt,call,,,
item_02782,trans_P2_0176,P2,trans,cleft,It was the chef who called the aunt.,11,15,31,35,20,26,11,15,31,35,0,chef,aunt,call,,,
item_02783,trans_P2_0176,P2,trans,topical,"The aunt, the chef called.",14,18,4,8,19,25,4,8,14,18,1,chef,aunt,call,,,
item_02784,trans_P2_0176,P2,trans,swap,The aunt called the chef.,4,8,20,24,9,15,4,8,20,24,0,chef,aunt,call,,,
item_02785,trans_P2_0177,P2,trans,active,The priest called the painter.,4,10,22,29,11,17,4,10,22,29,0,priest,painter,call,,,
item_02786,trans_P2_0177,P2,trans,passive,The painter was called by the priest.,30,36,4,11,16,22,4,11,30,36,1,priest,painter,call,,,
item_02787,trans_P2_0177,P2,trans,cleft,It was the priest who called the painter.,11,17,33,40,22,28,11,17,33,40,0,priest,painter,call,,,
item_02788,trans_P2_0177,P2,trans,topical,"The painter, the priest called.",17,23,4,11,24,30,4,11,17,23,1,priest,painter,call,,,
item_02789,trans_P2_0177,P2,trans,swap,The painter called the priest.,4,11,23,29,12,18,4,11,23,29,0,priest,painter,call,,,
item_02790,trans_P2_0178,P2,trans,active,The tourist noticed the chef.,4,11,24,28,12,19,4,11,24,28,0,tourist,chef,notice,,,
item_02791,trans_P2_0178,P2,trans,passive,The chef was noticed by the tourist.,28,35,4,8,13,20,4,8,28,35,1,tourist,chef,notice,,,
item_02792,trans_P2_0178,P2,trans,cleft,It was the tourist who noticed the chef.,11,18,35,39,23,30,11,18,35,39,0,tourist,chef,notice,,,
item_02793,trans_P2_0178,P2,trans,topical,"The chef, the tourist noticed.",14,21,4,8,22,29,4,8,14,21,1,tourist,chef,notice,,,
item_02794,trans_P2_0178,P2,trans,swap,The chef noticed the tourist.,4,8,21,28,9,16,4,8,21,28,0,tourist,chef,notice,,,
item_02795,trans_P2_0179,P2,trans,active,The chef thanked the monk.,4,8,21,25,9,16,4,8,21,25,0,chef,monk,thank,,,
item_02796,trans_P2_0179,P2,trans,passive,The monk was thanked by the chef.,28,32,4,8,13,20,4,8,28,32,1,chef,monk,thank,,,
item_02797,trans_P2_0179,P2,trans,cleft,It was the chef who thanked the monk.,11,15,32,36,20,27,11,15,32,36,0,chef,monk,thank,,,
item_02798,trans_P2_0179,P2,trans,topical,"The monk, the chef thanked.",14,18,4,8,19,26,4,8,14,18,1,chef,monk,thank,,,
item_02799,trans_P2_0179,P2,trans,swap,The monk thanked the chef.,4,8,21,25,9,16,4,8,21,25,0,chef,monk,thank,,,
item_02800,trans_P2_0180,P2,trans,active,The sculptor noticed the priest.,4,12,25,31,13,20,4,12,25,31,0,sculptor,priest,notice,,,
item_02801,trans_P2_0180,P2,trans,passive,The priest was noticed by the sculptor.,30,38,4,10,15,22,4,10,30,38,1,sculptor,priest,notice,,,
item_02802,trans_P2_0180,P2,trans,cleft,It was the sculptor who noticed the priest.,11,19,36,42,24,31,11,19,36,42,0,sculptor,priest,notice,,,
item_02803,trans_P2_0180,P2,trans,topical,"The priest, the sculptor noticed.",16,24,4,10,25,32,4,10,16,24,1,sculptor,priest,notice,,,
item_02804,trans_P2_0180,P2,trans,swap,The priest noticed the sculptor.,4,10,23,31,11,18,4,10,23,31,0,sculptor,priest,notice,,,
item_02805,trans_P2_0181,P2,trans,active,The artist followed the patient.,4,10,24,31,11,19,4,10,24,31,0,artist,patient,follow,,,
item_02806,trans_P2_0181,P2,trans,passive,The patient was followed by the artist.,32,38,4,11,16,24,4,11,32,38,1,artist,patient,follow,,,
item_02807,trans_P2_0181,P2,trans,cleft,It was the artist who followed the patient.,11,17,35,42,22,30,11,17,35,42,0,artist,patient,follow,,,
item_02808,trans_P2_0181,P2,trans,topical,"The patient, the artist followed.",17,23,4,11,24,32,4,11,17,23,1,artist,patient,follow,,,
item_02809,trans_P2_0181,P2,trans,swap,The patient followed the artist.,4,11,25,31,12,20,4,11,25,31,0,artist,patient,follow,,,
item_02810,trans_P2_0182,P2,trans,active,The doctor followed the teacher.,4,10,24,31,11,19,4,10,24,31,0,doctor,teacher,follow,,,
item_02811,trans_P2_0182,P2,trans,passive,The teacher was followed by the doctor.,32,38,4,11,16,24,4,11,32,38,1,doctor,teacher,follow,,,
item_02812,trans_P2_0182,P2,trans,cleft,It was the doctor who followed the teacher.,11,17,35,42,22,30,11,17,35,42,0,doctor,teacher,follow,,,
item_02813,trans_P2_0182,P2,trans,topical,"The teacher, the doctor followed.",17,23,4,11,24,32,4,11,17,23,1,doctor,teacher,follow,,,
item_02814,trans_P2_0182,P2,trans,swap,The teacher followed the doctor.,4,11,25,31,12,20,4,11,25,31,0,doctor,teacher,follow,,,
item_02815,trans_P2_0183,P2,trans,active,The guard followed the monk.,4,9,23,27,10,18,4,9,23,27,0,guard,monk,follow,,,
item_02816,trans_P2_0183,P2,trans,passive,The monk was followed by the guard.,29,34,4,8,13,21,4,8,29,34,1,guard,monk,follow,,,
item_02817,trans_P2_0183,P2,trans,cleft,It was the guard who followed the monk.,11,16,34,38,21,29,11,16,34,38,0,guard,monk,follow,,,
item_02818,trans_P2_0183,P2,trans,topical,"The monk, the guard followed.",14,19,4,8,20,28,4,8,14,19,1,guard,monk,follow,,,
item_02819,trans_P2_0183,P2,trans,swap,The monk followed the guard.,4,8,22,27,9,17,4,8,22,27,0,guard,monk,follow,,,
item_02820,trans_P2_0184,P2,trans,active,The senator challenged the artist.,4,11,27,33,12,22,4,11,27,33,0,senator,artist,challenge,,,
item_02821,trans_P2_0184,P2,trans,passive,The artist was challenged by the senator.,33,40,4,10,15,25,4,10,33,40,1,senator,artist,challenge,,,
item_02822,trans_P2_0184,P2,trans,cleft,It was the senator who challenged the artist.,11,18,38,44,23,33,11,18,38,44,0,senator,artist,challenge,,,
item_02823,trans_P2_0184,P2,trans,topical,"The artist, the senator challenged.",16,23,4,10,24,34,4,10,16,23,1,senator,artist,challenge,,,
item_02824,trans_P2_0184,P2,trans,swap,The artist challenged the senator.,4,10,26,33,11,21,4,10,26,33,0,senator,artist,challenge,,,
item_02825,trans_P2_0185,P2,trans,active,The guard confirmed the banker.,4,9,24,30,10,19,4,9,24,30,0,guard,banker,confirm,,,
item_02826,trans_P2_0185,P2,trans,passive,The banker was confirmed by the guard.,32,37,4,10,15,24,4,10,32,37,1,guard,banker,confirm,,,
item_02827,trans_P2_0185,P2,trans,cleft,It was the guard who confirmed the banker.,11,16,35,41,21,30,11,16,35,41,0,guard,banker,confirm,,,
item_02828,trans_P2_0185,P2,trans,topical,"The banker, the guard confirmed.",16,21,4,10,22,31,4,10,16,21,1,guard,banker,confirm,,,
item_02829,trans_P2_0185,P2,trans,swap,The banker confirmed the guard.,4,10,25,30,11,20,4,10,25,30,0,guard,banker,confirm,,,
item_02830,trans_P2_0186,P2,trans,active,The surgeon helped the guard.,4,11,23,28,12,18,4,11,23,28,0,surgeon,guard,help,,,
item_02831,trans_P2_0186,P2,trans,passive,The guard was helped by the surgeon.,28,35,4,9,14,20,4,9,28,35,1,surgeon,guard,help,,,
item_02832,trans_P2_0186,P2,trans,cleft,It was the surgeon who helped the guard.,11,18,34,39,23,29,11,18,34,39,0,surgeon,guard,help,,,
item_02833,trans_P2_0186,P2,trans,topical,"The guard, the surgeon helped.",15,22,4,9,23,29,4,9,15,22,1,surgeon,guard,help,,,
item_02834,trans_P2_0186,P2,trans,swap,The guard helped the surgeon.,4,9,21,28,10,16,4,9,21,28,0,surgeon,guard,help,,,
item_02835,trans_P2_0187,P2,trans,active,The writer admired the banker.,4,10,23,29,11,18,4,10,23,29,0,writer,banker,admire,,,
item_02836,trans_P2_0187,P2,trans,passive,The banker was admired by the writer.,30,36,4,10,15,22,4,10,30,36,1,writer,banker,admire,,,
item_02837,trans_P2_0187,P2,trans,cleft,It was the writer who admired the banker.,11,17,34,40,22,29,11,17,34,40,0,writer,banker,admire,,,
item_02838,trans_P2_0187,P2,trans,topical,"The banker, the writer admired.",16,22,4,10,23,30,4,10,16,22,1,writer,banker,admire,,,
item_02839,trans_P2_0187,P2,trans,swap,The banker admired the writer.,4,10,23,29,11,18,4,10,23,29,0,writer,banker,admire,,,
item_02840,trans_P2_0188,P2,trans,active,The visitor challenged the editor.,4,11,27,33,12,22,4,11,27,33,0,visitor,editor,challenge,,,
item_02841,trans_P2_0188,P2,trans,passive,The editor was challenged by the visitor.,33,40,4,10,15,25,4,10,33,40,1,visitor,editor,challenge,,,
item_02842,trans_P2_0188,P2,trans,cleft,It was the visitor who challenged the editor.,11,18,38,44,23,33,11,18,38,44,0,visitor,editor,challenge,,,
item_02843,trans_P2_0188,P2,trans,topical,"The editor, the visitor challenged.",16,23,4,10,24,34,4,10,16,23,1,visitor,editor,challenge,,,
item_02844,trans_P2_0188,P2,trans,swap,The editor challenged the visitor.,4,10,26,33,11,21,4,10,26,33,0,visitor,editor,challenge,,,
item_02845,trans_P2_0189,P2,trans,active,The king challenged the editor.,4,8,24,30,9,19,4,8,24,30,0,king,editor,challenge,,,
item_02846,trans_P2_0189,P2,trans,passive,The editor was challenged by the king.,33,37,4,10,15,25,4,10,33,37,1,king,editor,challenge,,,
item_02847,trans_P2_0189,P2,trans,cleft,It was the king who challenged the editor.,11,15,35,41,20,30,11,15,35,41,0,king,editor,challenge,,,
item_02848,trans_P2_0189,P2,trans,topical,"The editor, the king challenged.",16,20,4,10,21,31,4,10,16,20,1,king,editor,challenge,,,
item_02849,trans_P2_0189,P2,trans,swap,The editor challenged the king.,4,10,26,30,11,21,4,10,26,30,0,king,editor,challenge,,,
item_02850,trans_P2_0190,P2,trans,active,The doctor confirmed the guard.,4,10,25,30,11,20,4,10,25,30,0,doctor,guard,confirm,,,
item_02851,trans_P2_0190,P2,trans,passive,The guard was confirmed by the doctor.,31,37,4,9,14,23,4,9,31,37,1,doctor,guard,confirm,,,
item_02852,trans_P2_0190,P2,trans,cleft,It was the doctor who confirmed the guard.,11,17,36,41,22,31,11,17,36,41,0,doctor,guard,confirm,,,
item_02853,trans_P2_0190,P2,trans,topical,"The guard, the doctor confirmed.",15,21,4,9,22,31,4,9,15,21,1,doctor,guard,confirm,,,
item_02854,trans_P2_0190,P2,trans,swap,The guard confirmed the doctor.,4,9,24,30,10,19,4,9,24,30,0,doctor,guard,confirm,,,
item_02855,trans_P2_0191,P2,trans,active,The writer helped the farmer.,4,10,22,28,11,17,4,10,22,28,0,writer,farmer,help,,,
item_02856,trans_P2_0191,P2,trans,passive,The farmer was helped by the writer.,29,35,4,10,15,21,4,10,29,35,1,writer,farmer,help,,,
item_02857,trans_P2_0191,P2,trans,cleft,It was the writer who helped the farmer.,11,17,33,39,22,28,11,17,33,39,0,writer,farmer,help,,,
item_02858,trans_P2_0191,P2,trans,topical,"The farmer, the writer helped.",16,22,4,10,23,29,4,10,16,22,1,writer,farmer,help,,,
item_02859,trans_P2_0191,P2,trans,swap,The farmer helped the writer.,4,10,22,28,11,17,4,10,22,28,0,writer,farmer,help,,,
item_02860,trans_P2_0192,P2,trans,active,The prince confirmed the king.,4,10,25,29,11,20,4,10,25,29,0,prince,king,confirm,,,
item_02861,trans_P2_0192,P2,trans,passive,The king was confirmed by the prince.,30,36,4,8,13,22,4,8,30,36,1,prince,king,confirm,,,
item_02862,trans_P2_0192,P2,trans,cleft,It was the prince who confirmed the king.,11,17,36,40,22,31,11,17,36,40,0,prince,king,confirm,,,
item_02863,trans_P2_0192,P2,trans,topical,"The king, the prince confirmed.",14,20,4,8,21,30,4,8,14,20,1,prince,king,confirm,,,
item_02864,trans_P2_0192,P2,trans,swap,The king confirmed the prince.,4,8,23,29,9,18,4,8,23,29,0,prince,king,confirm,,,
item_02865,trans_P2_0193,P2,trans,active,The colleague visited the sculptor.,4,13,26,34,14,21,4,13,26,34,0,colleague,sculptor,visit,,,
item_02866,trans_P2_0193,P2,trans,passive,The sculptor was visited by the colleague.,32,41,4,12,17,24,4,12,32,41,1,colleague,sculptor,visit,,,
item_02867,trans_P2_0193,P2,trans,cleft,It was the colleague who visited the sculptor.,11,20,37,45,25,32,11,20,37,45,0,colleague,sculptor,visit,,,
item_02868,trans_P2_0193,P2,trans,topical,"The sculptor, the colleague visited.",18,27,4,12,28,35,4,12,18,27,1,colleague,sculptor,visit,,,
item_02869,trans_P2_0193,P2,trans,swap,The sculptor visited the colleague.,4,12,25,34,13,20,4,12,25,34,0,colleague,sculptor,visit,,,
item_02870,trans_P2_0194,P2,trans,active,The prince helped the guard.,4,10,22,27,11,17,4,10,22,27,0,prince,guard,help,,,
item_02871,trans_P2_0194,P2,trans,passive,The guard was helped by the prince.,28,34,4,9,14,20,4,9,28,34,1,prince,guard,help,,,
item_02872,trans_P2_0194,P2,trans,cleft,It was the prince who helped the guard.,11,17,33,38,22,28,11,17,33,38,0,prince,guard,help,,,
item_02873,trans_P2_0194,P2,trans,topical,"The guard, the prince helped.",15,21,4,9,22,28,4,9,15,21,1,prince,guard,help,,,
item_02874,trans_P2_0194,P2,trans,swap,The guard helped the prince.,4,9,21,27,10,16,4,9,21,27,0,prince,guard,help,,,
item_02875,trans_P2_0195,P2,trans,active,The farmer tested the monk.,4,10,22,26,11,17,4,10,22,26,0,farmer,monk,test,,,
item_02876,trans_P2_0195,P2,trans,passive,The monk was tested by the farmer.,27,33,4,8,13,19,4,8,27,33,1,farmer,monk,test,,,
item_02877,trans_P2_0195,P2,trans,cleft,It was the farmer who tested the monk.,11,17,33,37,22,28,11,17,33,37,0,farmer,monk,test,,,
item_02878,trans_P2_0195,P2,trans,topical,"The monk, the farmer tested.",14,20,4,8,21,27,4,8,14,20,1,farmer,monk,test,,,
item_02879,trans_P2_0195,P2,trans,swap,The monk tested the farmer.,4,8,20,26,9,15,4,8,20,26,0,farmer,monk,test,,,
item_02880,trans_P2_0196,P2,trans,active,The surgeon thanked the cousin.,4,11,24,30,12,19,4,11,24,30,0,surgeon,cousin,thank,,,
item_02881,trans_P2_0196,P2,trans,passive,The cousin was thanked by the surgeon.,30,37,4,10,15,22,4,10,30,37,1,surgeon,cousin,thank,,,
item_02882,trans_P2_0196,P2,trans,cleft,It was the surgeon who thanked the cousin.,11,18,35,41,23,30,11,18,35,41,0,surgeon,cousin,thank,,,
item_02883,trans_P2_0196,P2,trans,topical,"The cousin, the surgeon thanked.",16,23,4,10,24,31,4,10,16,23,1,surgeon,cousin,thank,,,
item_02884,trans_P2_0196,P2,trans,swap,The cousin thanked the surgeon.,4,10,23,30,11,18,4,10,23,30,0,surgeon,cousin,thank,,,
item_02885,trans_P2_0197,P2,trans,active,The officer called the economist.,4,11,23,32,12,18,4,11,23,32,0,officer,economist,call,,,
item_02886,trans_P2_0197,P2,trans,passive,The economist was called by the officer.,32,39,4,13,18,24,4,13,32,39,1,officer,economist,call,,,
item_02887,trans_P2_0197,P2,trans,cleft,It was the officer who called the economist.,11,18,34,43,23,29,11,18,34,43,0,officer,economist,call,,,
item_02888,trans_P2_0197,P2,trans,topical,"The economist, the officer called.",19,26,4,13,27,33,4,13,19,26,1,officer,economist,call,,,
item_02889,trans_P2_0197,P2,trans,swap,The economist called the officer.,4,13,25,32,14,20,4,13,25,32,0,officer,economist,call,,,
item_02890,trans_P2_0198,P2,trans,active,The writer tested the editor.,4,10,22,28,11,17,4,10,22,28,0,writer,editor,test,,,
item_02891,trans_P2_0198,P2,trans,passive,The editor was tested by the writer.,29,35,4,10,15,21,4,10,29,35,1,writer,editor,test,,,
item_02892,trans_P2_0198,P2,trans,cleft,It was the writer who tested the editor.,11,17,33,39,22,28,11,17,33,39,0,writer,editor,test,,,
item_02893,trans_P2_0198,P2,trans,topical,"The editor, the writer tested.",16,22,4,10,23,29,4,10,16,22,1,writer,editor,test,,,
item_02894,trans_P2_0198,P2,trans,swap,The editor tested the writer.,4,10,22,28,11,17,4,10,22,28,0,writer,editor,test,,,
item_02895,trans_P2_0199,P2,trans,active,The priest admired the tourist.,4,10,23,30,11,18,4,10,23,30,0,priest,tourist,admire,,,
item_02896,trans_P2_0199,P2,trans,passive,The tourist was admired by the priest.,31,37,4,11,16,23,4,11,31,37,1,priest,tourist,admire,,,
item_02897,trans_P2_0199,P2,trans,cleft,It was the priest who admired the tourist.,11,17,34,41,22,29,11,17,34,41,0,priest,tourist,admire,,,
item_02898,trans_P2_0199,P2,trans,topical,"The tourist, the priest admired.",17,23,4,11,24,31,4,11,17,23,1,priest,tourist,admire,,,
item_02899,trans_P2_0199,P2,trans,swap,The tourist admired the priest.,4,11,24,30,12,19,4,11,24,30,0,priest,tourist,admire,,,
item_02900,trans_P2_0200,P2,trans,active,The captain visited the cousin.,4,11,24,30,12,19,4,11,24,30,0,captain,cousin,visit,,,
item_02901,trans_P2_0200,P2,trans,passive,The cousin was visited by the captain.,30,37,4,10,15,22,4,10,30,37,1,captain,cousin,visit,,,
item_02902,trans_P2_0200,P2,trans,cleft,It was the captain who visited the cousin.,11,18,35,41,23,30,11,18,35,41,0,captain,cousin,visit,,,
item_02903,trans_P2_0200,P2,trans,topical,"The cousin, the captain visited.",16,23,4,10,24,31,4,10,16,23,1,captain,cousin,visit,,,
item_02904,trans_P2_0200,P2,trans,swap,The cousin visited the captain.,4,10,23,30,11,18,4,10,23,30,0,captain,cousin,visit,,,
item_02905,trans_P2_0201,P2,trans,active,The scientist supported the poet.,4,13,28,32,14,23,4,13,28,32,0,scientist,poet,support,,,
item_02906,trans_P2_0201,P2,trans,passive,The poet was supported by the scientist.,30,39,4,8,13,22,4,8,30,39,1,scientist,poet,support,,,
item_02907,trans_P2_0201,P2,trans,cleft,It was the scientist who supported the poet.,11,20,39,43,25,34,11,20,39,43,0,scientist,poet,support,,,
item_02908,trans_P2_0201,P2,trans,topical,"The poet, the scientist supported.",14,23,4,8,24,33,4,8,14,23,1,scientist,poet,support,,,
item_02909,trans_P2_0201,P2,trans,swap,The poet supported the scientist.,4,8,23,32,9,18,4,8,23,32,0,scientist,poet,support,,,
item_02910,trans_P2_0202,P2,trans,active,The doctor marked the uncle.,4,10,22,27,11,17,4,10,22,27,0,doctor,uncle,mark,,,
item_02911,trans_P2_0202,P2,trans,passive,The uncle was marked by the doctor.,28,34,4,9,14,20,4,9,28,34,1,doctor,uncle,mark,,,
item_02912,trans_P2_0202,P2,trans,cleft,It was the doctor who marked the uncle.,11,17,33,38,22,28,11,17,33,38,0,doctor,uncle,mark,,,
item_02913,trans_P2_0202,P2,trans,topical,"The uncle, the doctor marked.",15,21,4,9,22,28,4,9,15,21,1,doctor,uncle,mark,,,
item_02914,trans_P2_0202,P2,trans,swap,The uncle marked the doctor.,4,9,21,27,10,16,4,9,21,27,0,doctor,uncle,mark,,,
item_02915,trans_P2_0203,P2,trans,active,The colleague tested the king.,4,13,25,29,14,20,4,13,25,29,0,colleague,king,test,,,
item_02916,trans_P2_0203,P2,trans,passive,The king was tested by the colleague.,27,36,4,8,13,19,4,8,27,36,1,colleague,king,test,,,
item_02917,trans_P2_0203,P2,trans,cleft,It was the colleague who tested the king.,11,20,36,40,25,31,11,20,36,40,0,colleague,king,test,,,
item_02918,trans_P2_0203,P2,trans,topical,"The king, the colleague tested.",14,23,4,8,24,30,4,8,14,23,1,colleague,king,test,,,
item_02919,trans_P2_0203,P2,trans,swap,The king tested the colleague.,4,8,20,29,9,15,4,8,20,29,0,colleague,king,test,,,
item_02920,trans_P2_0204,P2,trans,active,The writer noticed the scientist.,4,10,23,32,11,18,4,10,23,32,0,writer,scientist,notice,,,
item_02921,trans_P2_0204,P2,trans,passive,The scientist was noticed by the writer.,33,39,4,13,18,25,4,13,33,39,1,writer,scientist,notice,,,
item_02922,trans_P2_0204,P2,trans,cleft,It was the writer who noticed the scientist.,11,17,34,43,22,29,11,17,34,43,0,writer,scientist,notice,,,
item_02923,trans_P2_0204,P2,trans,topical,"The scientist, the writer noticed.",19,25,4,13,26,33,4,13,19,25,1,writer,scientist,notice,,,
item_02924,trans_P2_0204,P2,trans,swap,The scientist noticed the writer.,4,13,26,32,14,21,4,13,26,32,0,writer,scientist,notice,,,
item_02925,trans_P2_0205,P2,trans,active,The chef admired the doctor.,4,8,21,27,9,16,4,8,21,27,0,chef,doctor,admire,,,
item_02926,trans_P2_0205,P2,trans,passive,The doctor was admired by the chef.,30,34,4,10,15,22,4,10,30,34,1,chef,doctor,admire,,,
item_02927,trans_P2_0205,P2,trans,cleft,It was the chef who admired the doctor.,11,15,32,38,20,27,11,15,32,38,0,chef,doctor,admire,,,
item_02928,trans_P2_0205,P2,trans,topical,"The doctor, the chef admired.",16,20,4,10,21,28,4,10,16,20,1,chef,doctor,admire,,,
item_02929,trans_P2_0205,P2,trans,swap,The doctor admired the chef.,4,10,23,27,11,18,4,10,23,27,0,chef,doctor,admire,,,
item_02930,trans_P2_0206,P2,trans,active,The prince challenged the officer.,4,10,26,33,11,21,4,10,26,33,0,prince,officer,challenge,,,
item_02931,trans_P2_0206,P2,trans,passive,The officer was challenged by the prince.,34,40,4,11,16,26,4,11,34,40,1,prince,officer,challenge,,,
item_02932,trans_P2_0206,P2,trans,cleft,It was the prince who challenged the officer.,11,17,37,44,22,32,11,17,37,44,0,prince,officer,challenge,,,
item_02933,trans_P2_0206,P2,trans,topical,"The officer, the prince challenged.",17,23,4,11,24,34,4,11,17,23,1,prince,officer,challenge,,,
item_02934,trans_P2_0206,P2,trans,swap,The officer challenged the prince.,4,11,27,33,12,22,4,11,27,33,0,prince,officer,challenge,,,
item_02935,trans_P2_0207,P2,trans,active,The actor marked the doctor.,4,9,21,27,10,16,4,9,21,27,0,actor,doctor,mark,,,
item_02936,trans_P2_0207,P2,trans,passive,The doctor was marked by the actor.,29,34,4,10,15,21,4,10,29,34,1,actor,doctor,mark,,,
item_02937,trans_P2_0207,P2,trans,cleft,It was the actor who marked the doctor.,11,16,32,38,21,27,11,16,32,38,0,actor,doctor,mark,,,
item_02938,trans_P2_0207,P2,trans,topical,"The doctor, the actor marked.",16,21,4,10,22,28,4,10,16,21,1,actor,doctor,mark,,,
item_02939,trans_P2_0207,P2,trans,swap,The doctor marked the actor.,4,10,22,27,11,17,4,10,22,27,0,actor,doctor,mark,,,
item_02940,trans_P2_0208,P2,trans,active,The farmer admired the doctor.,4,10,23,29,11,18,4,10,23,29,0,farmer,doctor,admire,,,
item_02941,trans_P2_0208,P2,trans,passive,The doctor was admired by the farmer.,30,36,4,10,15,22,4,10,30,36,1,farmer,doctor,admire,,,
item_02942,trans_P2_0208,P2,trans,cleft,It was the farmer who admired the doctor.,11,17,34,40,22,29,11,17,34,40,0,farmer,doctor,admire,,,
item_02943,trans_P2_0208,P2,trans,topical,"The doctor, the farmer admired.",16,22,4,10,23,30,4,10,16,22,1,farmer,doctor,admire,,,
item_02944,trans_P2_0208,P2,trans,swap,The doctor admired the farmer.,4,10,23,29,11,18,4,10,23,29,0,farmer,doctor,admire,,,
item_02945,trans_P2_0209,P2,trans,active,The patient thanked the farmer.,4,11,24,30,12,19,4,11,24,30,0,patient,farmer,thank,,,
item_02946,trans_P2_0209,P2,trans,passive,The farmer was thanked by the patient.,30,37,4,10,15,22,4,10,30,37,1,patient,farmer,thank,,,
item_02947,trans_P2_0209,P2,trans,cleft,It was the patient who thanked the farmer.,11,18,35,41,23,30,11,18,35,41,0,patient,farmer,thank,,,
item_02948,trans_P2_0209,P2,trans,topical,"The farmer, the patient thanked.",16,23,4,10,24,31,4,10,16,23,1,patient,farmer,thank,,,
item_02949,trans_P2_0209,P2,trans,swap,The farmer thanked the patient.,4,10,23,30,11,18,4,10,23,30,0,patient,farmer,thank,,,
item_02950,trans_P2_0210,P2,trans,active,The actor confirmed the uncle.,4,9,24,29,10,19,4,9,24,29,0,actor,uncle,confirm,,,
item_02951,trans_P2_0210,P2,trans,passive,The uncle was confirmed by the actor.,31,36,4,9,14,23,4,9,31,36,1,actor,uncle,confirm,,,
item_02952,trans_P2_0210,P2,trans,cleft,It was the actor who confirmed the uncle.,11,16,35,40,21,30,11,16,35,40,0,actor,uncle,confirm,,,
item_02953,trans_P2_0210,P2,trans,topical,"The uncle, the actor confirmed.",15,20,4,9,21,30,4,9,15,20,1,actor,uncle,confirm,,,
item_02954,trans_P2_0210,P2,trans,swap,The uncle confirmed the actor.,4,9,24,29,10,19,4,9,24,29,0,actor,uncle,confirm,,,
item_02955,trans_P2_0211,P2,trans,active,The economist tested the surgeon.,4,13,25,32,14,20,4,13,25,32,0,economist,surgeon,test,,,
item_02956,trans_P2_0211,P2,trans,passive,The surgeon was tested by the economist.,30,39,4,11,16,22,4,11,30,39,1,economist,surgeon,test,,,
item_02957,trans_P2_0211,P2,trans,cleft,It was the economist who tested the surgeon.,11,20,36,43,25,31,11,20,36,43,0,economist,surgeon,test,,,
item_02958,trans_P2_0211,P2,trans,topical,"The surgeon, the economist tested.",17,26,4,11,27,33,4,11,17,26,1,economist,surgeon,test,,,
item_02959,trans_P2_0211,P2,trans,swap,The surgeon tested the economist.,4,11,23,32,12,18,4,11,23,32,0,economist,surgeon,test,,,
item_02960,trans_P2_0212,P2,trans,active,The plumber followed the philosopher.,4,11,25,36,12,20,4,11,25,36,0,plumber,philosopher,follow,,,
item_02961,trans_P2_0212,P2,trans,passive,The philosopher was followed by the plumber.,36,43,4,15,20,28,4,15,36,43,1,plumber,philosopher,follow,,,
item_02962,trans_P2_0212,P2,trans,cleft,It was the plumber who followed the philosopher.,11,18,36,47,23,31,11,18,36,47,0,plumber,philosopher,follow,,,
item_02963,trans_P2_0212,P2,trans,topical,"The philosopher, the plumber followed.",21,28,4,15,29,37,4,15,21,28,1,plumber,philosopher,follow,,,
item_02964,trans_P2_0212,P2,trans,swap,The philosopher followed the plumber.,4,15,29,36,16,24,4,15,29,36,0,plumber,philosopher,follow,,,
item_02965,trans_P2_0213,P2,trans,active,The painter noticed the tourist.,4,11,24,31,12,19,4,11,24,31,0,painter,tourist,notice,,,
item_02966,trans_P2_0213,P2,trans,passive,The tourist was noticed by the painter.,31,38,4,11,16,23,4,11,31,38,1,painter,tourist,notice,,,
item_02967,trans_P2_0213,P2,trans,cleft,It was the painter who noticed the tourist.,11,18,35,42,23,30,11,18,35,42,0,painter,tourist,notice,,,
item_02968,trans_P2_0213,P2,trans,topical,"The tourist, the painter noticed.",17,24,4,11,25,32,4,11,17,24,1,painter,tourist,notice,,,
item_02969,trans_P2_0213,P2,trans,swap,The tourist noticed the painter.,4,11,24,31,12,19,4,11,24,31,0,painter,tourist,notice,,,
item_02970,trans_P2_0214,P2,trans,active,The prince followed the cousin.,4,10,24,30,11,19,4,10,24,30,0,prince,cousin,follow,,,
item_02971,trans_P2_0214,P2,trans,passive,The cousin was followed by the prince.,31,37,4,10,15,23,4,10,31,37,1,prince,cousin,follow,,,
item_02972,trans_P2_0214,P2,trans,cleft,It was the prince who followed the cousin.,11,17,35,41,22,30,11,17,35,41,0,prince,cousin,follow,,,
item_02973,trans_P2_0214,P2,trans,topical,"The cousin, the prince followed.",16,22,4,10,23,31,4,10,16,22,1,prince,cousin,follow,,,
item_02974,trans_P2_0214,P2,trans,swap,The cousin followed the prince.,4,10,24,30,11,19,4,10,24,30,0,prince,cousin,follow,,,
item_02975,trans_P2_0215,P2,trans,active,The teacher tested the artist.,4,11,23,29,12,18,4,11,23,29,0,teacher,artist,test,,,
item_02976,trans_P2_0215,P2,trans,passive,The artist was tested by the teacher.,29,36,4,10,15,21,4,10,29,36,1,teacher,artist,test,,,
item_02977,trans_P2_0215,P2,trans,cleft,It was the teacher who tested the artist.,11,18,34,40,23,29,11,18,34,40,0,teacher,artist,test,,,
item_02978,trans_P2_0215,P2,trans,topical,"The artist, the teacher tested.",16,23,4,10,24,30,4,10,16,23,1,teacher,artist,test,,,
item_02979,trans_P2_0215,P2,trans,swap,The artist tested the teacher.,4,10,22,29,11,17,4,10,22,29,0,teacher,artist,test,,,
item_02980,trans_P2_0216,P2,trans,active,The plumber noticed the baker.,4,11,24,29,12,19,4,11,24,29,0,plumber,baker,notice,,,
item_02981,trans_P2_0216,P2,trans,passive,The baker was noticed by the plumber.,29,36,4,9,14,21,4,9,29,36,1,plumber,baker,notice,,,
item_02982,trans_P2_0216,P2,trans,cleft,It was the plumber who noticed the baker.,11,18,35,40,23,30,11,18,35,40,0,plumber,baker,notice,,,
item_02983,trans_P2_0216,P2,trans,topical,"The baker, the plumber noticed.",15,22,4,9,23,30,4,9,15,22,1,plumber,baker,notice,,,
item_02984,trans_P2_0216,P2,trans,swap,The baker noticed the plumber.,4,9,22,29,10,17,4,9,22,29,0,plumber,baker,notice,,,
item_02985,trans_P2_0217,P2,trans,active,The patient admired the philosopher.,4,11,24,35,12,19,4,11,24,35,0,patient,philosopher,admire,,,
item_02986,trans_P2_0217,P2,trans,passive,The philosopher was admired by the patient.,35,42,4,15,20,27,4,15,35,42,1,patient,philosopher,admire,,,
item_02987,trans_P2_0217,P2,trans,cleft,It was the patient who admired the philosopher.,11,18,35,46,23,30,11,18,35,46,0,patient,philosopher,admire,,,
item_02988,trans_P2_0217,P2,trans,topical,"The philosopher, the patient admired.",21,28,4,15,29,36,4,15,21,28,1,patient,philosopher,admire,,,
item_02989,trans_P2_0217,P2,trans,swap,The philosopher admired the patient.,4,15,28,35,16,23,4,15,28,35,0,patient,philosopher,admire,,,
item_02990,trans_P2_0218,P2,trans,active,The visitor visited the artist.,4,11,24,30,12,19,4,11,24,30,0,visitor,artist,visit,,,
item_02991,trans_P2_0218,P2,trans,passive,The artist was visited by the visitor.,30,37,4,10,15,22,4,10,30,37,1,visitor,artist,visit,,,
item_02992,trans_P2_0218,P2,trans,cleft,It was the visitor who visited the artist.,11,18,35,41,23,30,11,18,35,41,0,visitor,artist,visit,,,
item_02993,trans_P2_0218,P2,trans,topical,"The artist, the visitor visited.",16,23,4,10,24,31,4,10,16,23,1,visitor,artist,visit,,,
item_02994,trans_P2_0218,P2,trans,swap,The artist visited the visitor.,4,10,23,30,11,18,4,10,23,30,0,visitor,artist,visit,,,
item_02995,trans_P2_0219,P2,trans,active,The officer supported the painter.,4,11,26,33,12,21,4,11,26,33,0,officer,painter,support,,,
item_02996,trans_P2_0219,P2,trans,passive,The painter was supported by the officer.,33,40,4,11,16,25,4,11,33,40,1,officer,painter,support,,,
item_02997,trans_P2_0219,P2,trans,cleft,It was the officer who supported the painter.,11,18,37,44,23,32,11,18,37,44,0,officer,painter,support,,,
item_02998,trans_P2_0219,P2,trans,topical,"The painter, the officer supported.",17,24,4,11,25,34,4,11,17,24,1,officer,painter,support,,,
item_02999,trans_P2_0219,P2,trans,swap,The painter supported the officer.,4,11,26,33,12,21,4,11,26,33,0,officer,painter,support,,,
item_03000,trans_P2_0220,P2,trans,active,The senator admired the tourist.,4,11,24,31,12,19,4,11,24,31,0,senator,tourist,admire,,,
item_03001,trans_P2_0220,P2,trans,passive,The tourist was admired by the senator.,31,38,4,11,16,23,4,11,31,38,1,senator,tourist,admire,,,
item_03002,trans_P2_0220,P2,trans,cleft,It was the senator who admired the tourist.,11,18,35,42,23,30,11,18,35,42,0,senator,tourist,admire,,,
item_03003,trans_P2_0220,P2,trans,topical,"The tourist, the senator admired.",17,24,4,11,25,32,4,11,17,24,1,senator,tourist,admire,,,
item_03004,trans_P2_0220,P2,trans,swap,The tourist admired the senator.,4,11,24,31,12,19,4,11,24,31,0,senator,tourist,admire,,,
item_03005,trans_P2_0221,P2,trans,active,The teacher admired the sculptor.,4,11,24,32,12,19,4,11,24,32,0,teacher,sculptor,admire,,,
item_03006,trans_P2_0221,P2,trans,passive,The sculptor was admired by the teacher.,32,39,4,12,17,24,4,12,32,39,1,teacher,sculptor,admire,,,
item_03007,trans_P2_0221,P2,trans,cleft,It was the teacher who admired the sculptor.,11,18,35,43,23,30,11,18,35,43,0,teacher,sculptor,admire,,,
item_03008,trans_P2_0221,P2,trans,topical,"The sculptor, the teacher admired.",18,25,4,12,26,33,4,12,18,25,1,teacher,sculptor,admire,,,
item_03009,trans_P2_0221,P2,trans,swap,The sculptor admired the teacher.,4,12,25,32,13,20,4,12,25,32,0,teacher,sculptor,admire,,,
item_03010,trans_P2_0222,P2,trans,active,The cousin helped the tourist.,4,10,22,29,11,17,4,10,22,29,0,cousin,tourist,help,,,
item_03011,trans_P2_0222,P2,trans,passive,The tourist was helped by the cousin.,30,36,4,11,16,22,4,11,30,36,1,cousin,tourist,help,,,
item_03012,trans_P2_0222,P2,trans,cleft,It was the cousin who helped the tourist.,11,17,33,40,22,28,11,17,33,40,0,cousin,tourist,help,,,
item_03013,trans_P2_0222,P2,trans,topical,"The tourist, the cousin helped.",17,23,4,11,24,30,4,11,17,23,1,cousin,tourist,help,,,
item_03014,trans_P2_0222,P2,trans,swap,The tourist helped the cousin.,4,11,23,29,12,18,4,11,23,29,0,cousin,tourist,help,,,
item_03015,trans_P2_0223,P2,trans,active,The captain supported the farmer.,4,11,26,32,12,21,4,11,26,32,0,captain,farmer,support,,,
item_03016,trans_P2_0223,P2,trans,passive,The farmer was supported by the captain.,32,39,4,10,15,24,4,10,32,39,1,captain,farmer,support,,,
item_03017,trans_P2_0223,P2,trans,cleft,It was the captain who supported the farmer.,11,18,37,43,23,32,11,18,37,43,0,captain,farmer,support,,,
item_03018,trans_P2_0223,P2,trans,topical,"The farmer, the captain supported.",16,23,4,10,24,33,4,10,16,23,1,captain,farmer,support,,,
item_03019,trans_P2_0223,P2,trans,swap,The farmer supported the captain.,4,10,25,32,11,20,4,10,25,32,0,captain,farmer,support,,,
item_03020,trans_P2_0224,P2,trans,active,The carpenter followed the poet.,4,13,27,31,14,22,4,13,27,31,0,carpenter,poet,follow,,,
item_03021,trans_P2_0224,P2,trans,passive,The poet was followed by the carpenter.,29,38,4,8,13,21,4,8,29,38,1,carpenter,poet,follow,,,
item_03022,trans_P2_0224,P2,trans,cleft,It was the carpenter who followed the poet.,11,20,38,42,25,33,11,20,38,42,0,carpenter,poet,follow,,,
item_03023,trans_P2_0224,P2,trans,topical,"The poet, the carpenter followed.",14,23,4,8,24,32,4,8,14,23,1,carpenter,poet,follow,,,
item_03024,trans_P2_0224,P2,trans,swap,The poet followed the carpenter.,4,8,22,31,9,17,4,8,22,31,0,carpenter,poet,follow,,,
item_03025,trans_P2_0225,P2,trans,active,The writer supported the sculptor.,4,10,25,33,11,20,4,10,25,33,0,writer,sculptor,support,,,
item_03026,trans_P2_0225,P2,trans,passive,The sculptor was supported by the writer.,34,40,4,12,17,26,4,12,34,40,1,writer,sculptor,support,,,
item_03027,trans_P2_0225,P2,trans,cleft,It was the writer who supported the sculptor.,11,17,36,44,22,31,11,17,36,44,0,writer,sculptor,support,,,
item_03028,trans_P2_0225,P2,trans,topical,"The sculptor, the writer supported.",18,24,4,12,25,34,4,12,18,24,1,writer,sculptor,support,,,
item_03029,trans_P2_0225,P2,trans,swap,The sculptor supported the writer.,4,12,27,33,13,22,4,12,27,33,0,writer,sculptor,support,,,
item_03030,trans_P2_0226,P2,trans,active,The captain tested the teacher.,4,11,23,30,12,18,4,11,23,30,0,captain,teacher,test,,,
item_03031,trans_P2_0226,P2,trans,passive,The teacher was tested by the captain.,30,37,4,11,16,22,4,11,30,37,1,captain,teacher,test,,,
item_03032,trans_P2_0226,P2,trans,cleft,It was the captain who tested the teacher.,11,18,34,41,23,29,11,18,34,41,0,captain,teacher,test,,,
item_03033,trans_P2_0226,P2,trans,topical,"The teacher, the captain tested.",17,24,4,11,25,31,4,11,17,24,1,captain,teacher,test,,,
item_03034,trans_P2_0226,P2,trans,swap,The teacher tested the captain.,4,11,23,30,12,18,4,11,23,30,0,captain,teacher,test,,,
item_03035,trans_P2_0227,P2,trans,active,The plumber helped the artist.,4,11,23,29,12,18,4,11,23,29,0,plumber,artist,help,,,
item_03036,trans_P2_0227,P2,trans,passive,The artist was helped by the plumber.,29,36,4,10,15,21,4,10,29,36,1,plumber,artist,help,,,
item_03037,trans_P2_0227,P2,trans,cleft,It was the plumber who helped the artist.,11,18,34,40,23,29,11,18,34,40,0,plumber,artist,help,,,
item_03038,trans_P2_0227,P2,trans,topical,"The artist, the plumber helped.",16,23,4,10,24,30,4,10,16,23,1,plumber,artist,help,,,
item_03039,trans_P2_0227,P2,trans,swap,The artist helped the plumber.,4,10,22,29,11,17,4,10,22,29,0,plumber,artist,help,,,
item_03040,trans_P2_0228,P2,trans,active,The surgeon visited the aunt.,4,11,24,28,12,19,4,11,24,28,0,surgeon,aunt,visit,,,
item_03041,trans_P2_0228,P2,trans,passive,The aunt was visited by the surgeon.,28,35,4,8,13,20,4,8,28,35,1,surgeon,aunt,visit,,,
item_03042,trans_P2_0228,P2,trans,cleft,It was the surgeon who visited the aunt.,11,18,35,39,23,30,11,18,35,39,0,surgeon,aunt,visit,,,
item_03043,trans_P2_0228,P2,trans,topical,"The aunt, the surgeon visited.",14,21,4,8,22,29,4,8,14,21,1,surgeon,aunt,visit,,,
item_03044,trans_P2_0228,P2,trans,swap,The aunt visited the surgeon.,4,8,21,28,9,16,4,8,21,28,0,surgeon,aunt,visit,,,
item_03045,trans_P2_0229,P2,trans,active,The visitor challenged the senator.,4,11,27,34,12,22,4,11,27,34,0,visitor,senator,challenge,,,
item_03046,trans_P2_0229,P2,trans,passive,The senator was challenged by the visitor.,34,41,4,11,16,26,4,11,34,41,1,visitor,senator,challenge,,,
item_03047,trans_P2_0229,P2,trans,cleft,It was the visitor who challenged the senator.,11,18,38,45,23,33,11,18,38,45,0,visitor,senator,challenge,,,
item_03048,trans_P2_0229,P2,trans,topical,"The senator, the visitor challenged.",17,24,4,11,25,35,4,11,17,24,1,visitor,senator,challenge,,,
item_03049,trans_P2_0229,P2,trans,swap,The senator challenged the visitor.,4,11,27,34,12,22,4,11,27,34,0,visitor,senator,challenge,,,
item_03050,trans_P2_0230,P2,trans,active,The officer called the writer.,4,11,23,29,12,18,4,11,23,29,0,officer,writer,call,,,
item_03051,trans_P2_0230,P2,trans,passive,The writer was called by the officer.,29,36,4,10,15,21,4,10,29,36,1,officer,writer,call,,,
item_03052,trans_P2_0230,P2,trans,cleft,It was the officer who called the writer.,11,18,34,40,23,29,11,18,34,40,0,officer,writer,call,,,
item_03053,trans_P2_0230,P2,trans,topical,"The writer, the officer called.",16,23,4,10,24,30,4,10,16,23,1,officer,writer,call,,,
item_03054,trans_P2_0230,P2,trans,swap,The writer called the officer.,4,10,22,29,11,17,4,10,22,29,0,officer,writer,call,,,
item_03055,trans_P2_0231,P2,trans,active,The artist called the visitor.,4,10,22,29,11,17,4,10,22,29,0,artist,visitor,call,,,
item_03056,trans_P2_0231,P2,trans,passive,The visitor was called by the artist.,30,36,4,11,16,22,4,11,30,36,1,artist,visitor,call,,,
item_03057,trans_P2_0231,P2,trans,cleft,It was the artist who called the visitor.,11,17,33,40,22,28,11,17,33,40,0,artist,visitor,call,,,
item_03058,trans_P2_0231,P2,trans,topical,"The visitor, the artist called.",17,23,4,11,24,30,4,11,17,23,1,artist,visitor,call,,,
item_03059,trans_P2_0231,P2,trans,swap,The visitor called the artist.,4,11,23,29,12,18,4,11,23,29,0,artist,visitor,call,,,
item_03060,trans_P2_0232,P2,trans,active,The cousin called the teacher.,4,10,22,29,11,17,4,10,22,29,0,cousin,teacher,call,,,
item_03061,trans_P2_0232,P2,trans,passive,The teacher was called by the cousin.,30,36,4,11,16,22,4,11,30,36,1,cousin,teacher,call,,,
item_03062,trans_P2_0232,P2,trans,cleft,It was the cousin who called the teacher.,11,17,33,40,22,28,11,17,33,40,0,cousin,teacher,call,,,
item_03063,trans_P2_0232,P2,trans,topical,"The teacher, the cousin called.",17,23,4,11,24,30,4,11,17,23,1,cousin,teacher,call,,,
item_03064,trans_P2_0232,P2,trans,swap,The teacher called the cousin.,4,11,23,29,12,18,4,11,23,29,0,cousin,teacher,call,,,
item_03065,trans_P2_0233,P2,trans,active,The doctor tested the actor.,4,10,22,27,11,17,4,10,22,27,0,doctor,actor,test,,,
item_03066,trans_P2_0233,P2,trans,passive,The actor was tested by the doctor.,28,34,4,9,14,20,4,9,28,34,1,doctor,actor,test,,,
item_03067,trans_P2_0233,P2,trans,cleft,It was the doctor who tested the actor.,11,17,33,38,22,28,11,17,33,38,0,doctor,actor,test,,,
item_03068,trans_P2_0233,P2,trans,topical,"The actor, the doctor tested.",15,21,4,9,22,28,4,9,15,21,1,doctor,actor,test,,,
item_03069,trans_P2_0233,P2,trans,swap,The actor tested the doctor.,4,9,21,27,10,16,4,9,21,27,0,doctor,actor,test,,,
item_03070,trans_P2_0234,P2,trans,active,The monk called the tourist.,4,8,20,27,9,15,4,8,20,27,0,monk,tourist,call,,,
item_03071,trans_P2_0234,P2,trans,passive,The tourist was called by the monk.,30,34,4,11,16,22,4,11,30,34,1,monk,tourist,call,,,
item_03072,trans_P2_0234,P2,trans,cleft,It was the monk who called the tourist.,11,15,31,38,20,26,11,15,31,38,0,monk,tourist,call,,,
item_03073,trans_P2_0234,P2,trans,topical,"The tourist, the monk called.",17,21,4,11,22,28,4,11,17,21,1,monk,tourist,call,,,
item_03074,trans_P2_0234,P2,trans,swap,The tourist called the monk.,4,11,23,27,12,18,4,11,23,27,0,monk,tourist,call,,,
item_03075,trans_P2_0235,P2,trans,active,The sculptor confirmed the chef.,4,12,27,31,13,22,4,12,27,31,0,sculptor,chef,confirm,,,
item_03076,trans_P2_0235,P2,trans,passive,The chef was confirmed by the sculptor.,30,38,4,8,13,22,4,8,30,38,1,sculptor,chef,confirm,,,
item_03077,trans_P2_0235,P2,trans,cleft,It was the sculptor who confirmed the chef.,11,19,38,42,24,33,11,19,38,42,0,sculptor,chef,confirm,,,
item_03078,trans_P2_0235,P2,trans,topical,"The chef, the sculptor confirmed.",14,22,4,8,23,32,4,8,14,22,1,sculptor,chef,confirm,,,
item_03079,trans_P2_0235,P2,trans,swap,The chef confirmed the sculptor.,4,8,23,31,9,18,4,8,23,31,0,sculptor,chef,confirm,,,
item_03080,trans_P2_0236,P2,trans,active,The king tested the pilot.,4,8,20,25,9,15,4,8,20,25,0,king,pilot,test,,,
item_03081,trans_P2_0236,P2,trans,passive,The pilot was tested by the king.,28,32,4,9,14,20,4,9,28,32,1,king,pilot,test,,,
item_03082,trans_P2_0236,P2,trans,cleft,It was the king who tested the pilot.,11,15,31,36,20,26,11,15,31,36,0,king,pilot,test,,,
item_03083,trans_P2_0236,P2,trans,topical,"The pilot, the king tested.",15,19,4,9,20,26,4,9,15,19,1,king,pilot,test,,,
item_03084,trans_P2_0236,P2,trans,swap,The pilot tested the king.,4,9,21,25,10,16,4,9,21,25,0,king,pilot,test,,,
item_03085,trans_P2_0237,P2,trans,active,The physicist followed the banker.,4,13,27,33,14,22,4,13,27,33,0,physicist,banker,follow,,,
item_03086,trans_P2_0237,P2,trans,passive,The banker was followed by the physicist.,31,40,4,10,15,23,4,10,31,40,1,physicist,banker,follow,,,
item_03087,trans_P2_0237,P2,trans,cleft,It was the physicist who followed the banker.,11,20,38,44,25,33,11,20,38,44,0,physicist,banker,follow,,,
item_03088,trans_P2_0237,P2,trans,topical,"The banker, the physicist followed.",16,25,4,10,26,34,4,10,16,25,1,physicist,banker,follow,,,
item_03089,trans_P2_0237,P2,trans,swap,The banker followed the physicist.,4,10,24,33,11,19,4,10,24,33,0,physicist,banker,follow,,,
item_03090,trans_P2_0238,P2,trans,active,The priest called the economist.,4,10,22,31,11,17,4,10,22,31,0,priest,economist,call,,,
item_03091,trans_P2_0238,P2,trans,passive,The economist was called by the priest.,32,38,4,13,18,24,4,13,32,38,1,priest,economist,call,,,
item_03092,trans_P2_0238,P2,trans,cleft,It was the priest who called the economist.,11,17,33,42,22,28,11,17,33,42,0,priest,economist,call,,,
item_03093,trans_P2_0238,P2,trans,topical,"The economist, the priest called.",19,25,4,13,26,32,4,13,19,25,1,priest,economist,call,,,
item_03094,trans_P2_0238,P2,trans,swap,The economist called the priest.,4,13,25,31,14,20,4,13,25,31,0,priest,economist,call,,,
item_03095,trans_P2_0239,P2,trans,active,The artist noticed the king.,4,10,23,27,11,18,4,10,23,27,0,artist,king,notice,,,
item_03096,trans_P2_0239,P2,trans,passive,The king was noticed by the artist.,28,34,4,8,13,20,4,8,28,34,1,artist,king,notice,,,
item_03097,trans_P2_0239,P2,trans,cleft,It was the artist who noticed the king.,11,17,34,38,22,29,11,17,34,38,0,artist,king,notice,,,
item_03098,trans_P2_0239,P2,trans,topical,"The king, the artist noticed.",14,20,4,8,21,28,4,8,14,20,1,artist,king,notice,,,
item_03099,trans_P2_0239,P2,trans,swap,The king noticed the artist.,4,8,21,27,9,16,4,8,21,27,0,artist,king,notice,,,
item_03100,trans_P2_0240,P2,trans,active,The guard helped the cousin.,4,9,21,27,10,16,4,9,21,27,0,guard,cousin,help,,,
item_03101,trans_P2_0240,P2,trans,passive,The cousin was helped by the guard.,29,34,4,10,15,21,4,10,29,34,1,guard,cousin,help,,,
item_03102,trans_P2_0240,P2,trans,cleft,It was the guard who helped the cousin.,11,16,32,38,21,27,11,16,32,38,0,guard,cousin,help,,,
item_03103,trans_P2_0240,P2,trans,topical,"The cousin, the guard helped.",16,21,4,10,22,28,4,10,16,21,1,guard,cousin,help,,,
item_03104,trans_P2_0240,P2,trans,swap,The cousin helped the guard.,4,10,22,27,11,17,4,10,22,27,0,guard,cousin,help,,,
item_03105,trans_P2_0241,P2,trans,active,The captain followed the physicist.,4,11,25,34,12,20,4,11,25,34,0,captain,physicist,follow,,,
item_03106,trans_P2_0241,P2,trans,passive,The physicist was followed by the captain.,34,41,4,13,18,26,4,13,34,41,1,captain,physicist,follow,,,
item_03107,trans_P2_0241,P2,trans,cleft,It was the captain who followed the physicist.,11,18,36,45,23,31,11,18,36,45,0,captain,physicist,follow,,,
item_03108,trans_P2_0241,P2,trans,topical,"The physicist, the captain followed.",19,26,4,13,27,35,4,13,19,26,1,captain,physicist,follow,,,
item_03109,trans_P2_0241,P2,trans,swap,The physicist followed the captain.,4,13,27,34,14,22,4,13,27,34,0,captain,physicist,follow,,,
item_03110,trans_P2_0242,P2,trans,active,The artist noticed the priest.,4,10,23,29,11,18,4,10,23,29,0,artist,priest,notice,,,
item_03111,trans_P2_0242,P2,trans,passive,The priest was noticed by the artist.,30,36,4,10,15,22,4,10,30,36,1,artist,priest,notice,,,
item_03112,trans_P2_0242,P2,trans,cleft,It was the artist who noticed the priest.,11,17,34,40,22,29,11,17,34,40,0,artist,priest,notice,,,
item_03113,trans_P2_0242,P2,trans,topical,"The priest, the artist noticed.",16,22,4,10,23,30,4,10,16,22,1,artist,priest,notice,,,
item_03114,trans_P2_0242,P2,trans,swap,The priest noticed the artist.,4,10,23,29,11,18,4,10,23,29,0,artist,priest,notice,,,
item_03115,trans_P2_0243,P2,trans,active,The surgeon noticed the doctor.,4,11,24,30,12,19,4,11,24,30,0,surgeon,doctor,notice,,,
item_03116,trans_P2_0243,P2,trans,passive,The doctor was noticed by the surgeon.,30,37,4,10,15,22,4,10,30,37,1,surgeon,doctor,notice,,,
item_03117,trans_P2_0243,P2,trans,cleft,It was the surgeon who noticed the doctor.,11,18,35,41,23,30,11,18,35,41,0,surgeon,doctor,notice,,,
item_03118,trans_P2_0243,P2,trans,topical,"The doctor, the surgeon noticed.",16,23,4,10,24,31,4,10,16,23,1,surgeon,doctor,notice,,,
item_03119,trans_P2_0243,P2,trans,swap,The doctor noticed the surgeon.,4,10,23,30,11,18,4,10,23,30,0,surgeon,doctor,notice,,,
item_03120,trans_P2_0244,P2,trans,active,The monk thanked the philosopher.,4,8,21,32,9,16,4,8,21,32,0,monk,philosopher,thank,,,
item_03121,trans_P2_0244,P2,trans,passive,The philosopher was thanked by the monk.,35,39,4,15,20,27,4,15,35,39,1,monk,philosopher,thank,,,
item_03122,trans_P2_0244,P2,trans,cleft,It was the monk who thanked the philosopher.,11,15,32,43,20,27,11,15,32,43,0,monk,philosopher,thank,,,
item_03123,trans_P2_0244,P2,trans,topical,"The philosopher, the monk thanked.",21,25,4,15,26,33,4,15,21,25,1,monk,philosopher,thank,,,
item_03124,trans_P2_0244,P2,trans,swap,The philosopher thanked the monk.,4,15,28,32,16,23,4,15,28,32,0,monk,philosopher,thank,,,
item_03125,trans_P2_0245,P2,trans,active,The guard marked the officer.,4,9,21,28,10,16,4,9,21,28,0,guard,officer,mark,,,
item_03126,trans_P2_0245,P2,trans,passive,The officer was marked by the guard.,30,35,4,11,16,22,4,11,30,35,1,guard,officer,mark,,,
item_03127,trans_P2_0245,P2,trans,cleft,It was the guard who marked the officer.,11,16,32,39,21,27,11,16,32,39,0,guard,officer,mark,,,
item_03128,trans_P2_0245,P2,trans,topical,"The officer, the guard marked.",17,22,4,11,23,29,4,11,17,22,1,guard,officer,mark,,,
item_03129,trans_P2_0245,P2,trans,swap,The officer marked the guard.,4,11,23,28,12,18,4,11,23,28,0,guard,officer,mark,,,
item_03130,trans_P2_0246,P2,trans,active,The prince followed the doctor.,4,10,24,30,11,19,4,10,24,30,0,prince,doctor,follow,,,
item_03131,trans_P2_0246,P2,trans,passive,The doctor was followed by the prince.,31,37,4,10,15,23,4,10,31,37,1,prince,doctor,follow,,,
item_03132,trans_P2_0246,P2,trans,cleft,It was the prince who followed the doctor.,11,17,35,41,22,30,11,17,35,41,0,prince,doctor,follow,,,
item_03133,trans_P2_0246,P2,trans,topical,"The doctor, the prince followed.",16,22,4,10,23,31,4,10,16,22,1,prince,doctor,follow,,,
item_03134,trans_P2_0246,P2,trans,swap,The doctor followed the prince.,4,10,24,30,11,19,4,10,24,30,0,prince,doctor,follow,,,
item_03135,trans_P2_0247,P2,trans,active,The chef noticed the physicist.,4,8,21,30,9,16,4,8,21,30,0,chef,physicist,notice,,,
item_03136,trans_P2_0247,P2,trans,passive,The physicist was noticed by the chef.,33,37,4,13,18,25,4,13,33,37,1,chef,physicist,notice,,,
item_03137,trans_P2_0247,P2,trans,cleft,It was the chef who noticed the physicist.,11,15,32,41,20,27,11,15,32,41,0,chef,physicist,notice,,,
item_03138,trans_P2_0247,P2,trans,topical,"The physicist, the chef noticed.",19,23,4,13,24,31,4,13,19,23,1,chef,physicist,notice,,,
item_03139,trans_P2_0247,P2,trans,swap,The physicist noticed the chef.,4,13,26,30,14,21,4,13,26,30,0,chef,physicist,notice,,,
item_03140,trans_P2_0248,P2,trans,active,The sculptor challenged the banker.,4,12,28,34,13,23,4,12,28,34,0,sculptor,banker,challenge,,,
item_03141,trans_P2_0248,P2,trans,passive,The banker was challenged by the sculptor.,33,41,4,10,15,25,4,10,33,41,1,sculptor,banker,challenge,,,
item_03142,trans_P2_0248,P2,trans,cleft,It was the sculptor who challenged the banker.,11,19,39,45,24,34,11,19,39,45,0,sculptor,banker,challenge,,,
item_03143,trans_P2_0248,P2,trans,topical,"The banker, the sculptor challenged.",16,24,4,10,25,35,4,10,16,24,1,sculptor,banker,challenge,,,
item_03144,trans_P2_0248,P2,trans,swap,The banker challenged the sculptor.,4,10,26,34,11,21,4,10,26,34,0,sculptor,banker,challenge,,,
item_03145,trans_P2_0249,P2,trans,active,The farmer admired the carpenter.,4,10,23,32,11,18,4,10,23,32,0,farmer,carpenter,admire,,,
item_03146,trans_P2_0249,P2,trans,passive,The carpenter was admired by the farmer.,33,39,4,13,18,25,4,13,33,39,1,farmer,carpenter,admire,,,
item_03147,trans_P2_0249,P2,trans,cleft,It was the farmer who admired the carpenter.,11,17,34,43,22,29,11,17,34,43,0,farmer,carpenter,admire,,,
item_03148,trans_P2_0249,P2,trans,topical,"The carpenter, the farmer admired.",19,25,4,13,26,33,4,13,19,25,1,farmer,carpenter,admire,,,
item_03149,trans_P2_0249,P2,trans,swap,The carpenter admired the farmer.,4,13,26,32,14,21,4,13,26,32,0,farmer,carpenter,admire,,,
item_03150,trans_P2_0250,P2,trans,active,The painter supported the carpenter.,4,11,26,35,12,21,4,11,26,35,0,painter,carpenter,support,,,
item_03151,trans_P2_0250,P2,trans,passive,The carpenter was supported by the painter.,35,42,4,13,18,27,4,13,35,42,1,painter,carpenter,support,,,
item_03152,trans_P2_0250,P2,trans,cleft,It was the painter who supported the carpenter.,11,18,37,46,23,32,11,18,37,46,0,painter,carpenter,support,,,
item_03153,trans_P2_0250,P2,trans,topical,"The carpenter, the painter supported.",19,26,4,13,27,36,4,13,19,26,1,painter,carpenter,support,,,
item_03154,trans_P2_0250,P2,trans,swap,The carpenter supported the painter.,4,13,28,35,14,23,4,13,28,35,0,painter,carpenter,support,,,
item_03155,trans_P2_0251,P2,trans,active,The banker noticed the physicist.,4,10,23,32,11,18,4,10,23,32,0,banker,physicist,notice,,,
item_03156,trans_P2_0251,P2,trans,passive,The physicist was noticed by the banker.,33,39,4,13,18,25,4,13,33,39,1,banker,physicist,notice,,,
item_03157,trans_P2_0251,P2,trans,cleft,It was the banker who noticed the physicist.,11,17,34,43,22,29,11,17,34,43,0,banker,physicist,notice,,,
item_03158,trans_P2_0251,P2,trans,topical,"The physicist, the banker noticed.",19,25,4,13,26,33,4,13,19,25,1,banker,physicist,notice,,,
item_03159,trans_P2_0251,P2,trans,swap,The physicist noticed the banker.,4,13,26,32,14,21,4,13,26,32,0,banker,physicist,notice,,,
item_03160,trans_P2_0252,P2,trans,active,The captain visited the patient.,4,11,24,31,12,19,4,11,24,31,0,captain,patient,visit,,,
item_03161,trans_P2_0252,P2,trans,passive,The patient was visited by the captain.,31,38,4,11,16,23,4,11,31,38,1,captain,patient,visit,,,
item_03162,trans_P2_0252,P2,trans,cleft,It was the captain who visited the patient.,11,18,35,42,23,30,11,18,35,42,0,captain,patient,visit,,,
item_03163,trans_P2_0252,P2,trans,topical,"The patient, the captain visited.",17,24,4,11,25,32,4,11,17,24,1,captain,patient,visit,,,
item_03164,trans_P2_0252,P2,trans,swap,The patient visited the captain.,4,11,24,31,12,19,4,11,24,31,0,captain,patient,visit,,,
item_03165,trans_P2_0253,P2,trans,active,The teacher supported the actor.,4,11,26,31,12,21,4,11,26,31,0,teacher,actor,support,,,
item_03166,trans_P2_0253,P2,trans,passive,The actor was supported by the teacher.,31,38,4,9,14,23,4,9,31,38,1,teacher,actor,support,,,
item_03167,trans_P2_0253,P2,trans,cleft,It was the teacher who supported the actor.,11,18,37,42,23,32,11,18,37,42,0,teacher,actor,support,,,
item_03168,trans_P2_0253,P2,trans,topical,"The actor, the teacher supported.",15,22,4,9,23,32,4,9,15,22,1,teacher,actor,support,,,
item_03169,trans_P2_0253,P2,trans,swap,The actor supported the teacher.,4,9,24,31,10,19,4,9,24,31,0,teacher,actor,support,,,
item_03170,trans_P2_0254,P2,trans,active,The physicist called the farmer.,4,13,25,31,14,20,4,13,25,31,0,physicist,farmer,call,,,
item_03171,trans_P2_0254,P2,trans,passive,The farmer was called by the physicist.,29,38,4,10,15,21,4,10,29,38,1,physicist,farmer,call,,,
item_03172,trans_P2_0254,P2,trans,cleft,It was the physicist who called the farmer.,11,20,36,42,25,31,11,20,36,42,0,physicist,farmer,call,,,
item_03173,trans_P2_0254,P2,trans,topical,"The farmer, the physicist called.",16,25,4,10,26,32,4,10,16,25,1,physicist,farmer,call,,,
item_03174,trans_P2_0254,P2,trans,swap,The farmer called the physicist.,4,10,22,31,11,17,4,10,22,31,0,physicist,farmer,call,,,
item_03175,trans_P2_0255,P2,trans,active,The prince marked the scientist.,4,10,22,31,11,17,4,10,22,31,0,prince,scientist,mark,,,
item_03176,trans_P2_0255,P2,trans,passive,The scientist was marked by the prince.,32,38,4,13,18,24,4,13,32,38,1,prince,scientist,mark,,,
item_03177,trans_P2_0255,P2,trans,cleft,It was the prince who marked the scientist.,11,17,33,42,22,28,11,17,33,42,0,prince,scientist,mark,,,
item_03178,trans_P2_0255,P2,trans,topical,"The scientist, the prince marked.",19,25,4,13,26,32,4,13,19,25,1,prince,scientist,mark,,,
item_03179,trans_P2_0255,P2,trans,swap,The scientist marked the prince.,4,13,25,31,14,20,4,13,25,31,0,prince,scientist,mark,,,
item_03180,trans_P2_0256,P2,trans,active,The prince marked the uncle.,4,10,22,27,11,17,4,10,22,27,0,prince,uncle,mark,,,
item_03181,trans_P2_0256,P2,trans,passive,The uncle was marked by the prince.,28,34,4,9,14,20,4,9,28,34,1,prince,uncle,mark,,,
item_03182,trans_P2_0256,P2,trans,cleft,It was the prince who marked the uncle.,11,17,33,38,22,28,11,17,33,38,0,prince,uncle,mark,,,
item_03183,trans_P2_0256,P2,trans,topical,"The uncle, the prince marked.",15,21,4,9,22,28,4,9,15,21,1,prince,uncle,mark,,,
item_03184,trans_P2_0256,P2,trans,swap,The uncle marked the prince.,4,9,21,27,10,16,4,9,21,27,0,prince,uncle,mark,,,
item_03185,trans_P2_0257,P2,trans,active,The captain thanked the editor.,4,11,24,30,12,19,4,11,24,30,0,captain,editor,thank,,,
item_03186,trans_P2_0257,P2,trans,passive,The editor was thanked by the captain.,30,37,4,10,15,22,4,10,30,37,1,captain,editor,thank,,,
item_03187,trans_P2_0257,P2,trans,cleft,It was the captain who thanked the editor.,11,18,35,41,23,30,11,18,35,41,0,captain,editor,thank,,,
item_03188,trans_P2_0257,P2,trans,topical,"The editor, the captain thanked.",16,23,4,10,24,31,4,10,16,23,1,captain,editor,thank,,,
item_03189,trans_P2_0257,P2,trans,swap,The editor thanked the captain.,4,10,23,30,11,18,4,10,23,30,0,captain,editor,thank,,,
item_03190,trans_P2_0258,P2,trans,active,The captain visited the aunt.,4,11,24,28,12,19,4,11,24,28,0,captain,aunt,visit,,,
item_03191,trans_P2_0258,P2,trans,passive,The aunt was visited by the captain.,28,35,4,8,13,20,4,8,28,35,1,captain,aunt,visit,,,
item_03192,trans_P2_0258,P2,trans,cleft,It was the captain who visited the aunt.,11,18,35,39,23,30,11,18,35,39,0,captain,aunt,visit,,,
item_03193,trans_P2_0258,P2,trans,topical,"The aunt, the captain visited.",14,21,4,8,22,29,4,8,14,21,1,captain,aunt,visit,,,
item_03194,trans_P2_0258,P2,trans,swap,The aunt visited the captain.,4,8,21,28,9,16,4,8,21,28,0,captain,aunt,visit,,,
item_03195,trans_P2_0259,P2,trans,active,The plumber supported the tourist.,4,11,26,33,12,21,4,11,26,33,0,plumber,tourist,support,,,
item_03196,trans_P2_0259,P2,trans,passive,The tourist was supported by the plumber.,33,40,4,11,16,25,4,11,33,40,1,plumber,tourist,support,,,
item_03197,trans_P2_0259,P2,trans,cleft,It was the plumber who supported the tourist.,11,18,37,44,23,32,11,18,37,44,0,plumber,tourist,support,,,
item_03198,trans_P2_0259,P2,trans,topical,"The tourist, the plumber supported.",17,24,4,11,25,34,4,11,17,24,1,plumber,tourist,support,,,
item_03199,trans_P2_0259,P2,trans,swap,The tourist supported the plumber.,4,11,26,33,12,21,4,11,26,33,0,plumber,tourist,support,,,
item_03200,trans_P2_0260,P2,trans,active,The painter followed the economist.,4,11,25,34,12,20,4,11,25,34,0,painter,economist,follow,,,
item_03201,trans_P2_0260,P2,trans,passive,The economist was followed by the painter.,34,41,4,13,18,26,4,13,34,41,1,painter,economist,follow,,,
item_03202,trans_P2_0260,P2,trans,cleft,It was the painter who followed the economist.,11,18,36,45,23,31,11,18,36,45,0,painter,economist,follow,,,
item_03203,trans_P2_0260,P2,trans,topical,"The economist, the painter followed.",19,26,4,13,27,35,4,13,19,26,1,painter,economist,follow,,,
item_03204,trans_P2_0260,P2,trans,swap,The economist followed the painter.,4,13,27,34,14,22,4,13,27,34,0,painter,economist,follow,,,
item_03205,trans_P2_0261,P2,trans,active,The surgeon visited the visitor.,4,11,24,31,12,19,4,11,24,31,0,surgeon,visitor,visit,,,
item_03206,trans_P2_0261,P2,trans,passive,The visitor was visited by the surgeon.,31,38,4,11,16,23,4,11,31,38,1,surgeon,visitor,visit,,,
item_03207,trans_P2_0261,P2,trans,cleft,It was the surgeon who visited the visitor.,11,18,35,42,23,30,11,18,35,42,0,surgeon,visitor,visit,,,
item_03208,trans_P2_0261,P2,trans,topical,"The visitor, the surgeon visited.",17,24,4,11,25,32,4,11,17,24,1,surgeon,visitor,visit,,,
item_03209,trans_P2_0261,P2,trans,swap,The visitor visited the surgeon.,4,11,24,31,12,19,4,11,24,31,0,surgeon,visitor,visit,,,
item_03210,trans_P2_0262,P2,trans,active,The carpenter confirmed the officer.,4,13,28,35,14,23,4,13,28,35,0,carpenter,officer,confirm,,,
item_03211,trans_P2_0262,P2,trans,passive,The officer was confirmed by the carpenter.,33,42,4,11,16,25,4,11,33,42,1,carpenter,officer,confirm,,,
item_03212,trans_P2_0262,P2,trans,cleft,It was the carpenter who confirmed the officer.,11,20,39,46,25,34,11,20,39,46,0,carpenter,officer,confirm,,,
item_03213,trans_P2_0262,P2,trans,topical,"The officer, the carpenter confirmed.",17,26,4,11,27,36,4,11,17,26,1,carpenter,officer,confirm,,,
item_03214,trans_P2_0262,P2,trans,swap,The officer confirmed the carpenter.,4,11,26,35,12,21,4,11,26,35,0,carpenter,officer,confirm,,,
item_03215,trans_P2_0263,P2,trans,active,The uncle helped the sculptor.,4,9,21,29,10,16,4,9,21,29,0,uncle,sculptor,help,,,
item_03216,trans_P2_0263,P2,trans,passive,The sculptor was helped by the uncle.,31,36,4,12,17,23,4,12,31,36,1,uncle,sculptor,help,,,
item_03217,trans_P2_0263,P2,trans,cleft,It was the uncle who helped the sculptor.,11,16,32,40,21,27,11,16,32,40,0,uncle,sculptor,help,,,
item_03218,trans_P2_0263,P2,trans,topical,"The sculptor, the uncle helped.",18,23,4,12,24,30,4,12,18,23,1,uncle,sculptor,help,,,
item_03219,trans_P2_0263,P2,trans,swap,The sculptor helped the uncle.,4,12,24,29,13,19,4,12,24,29,0,uncle,sculptor,help,,,
item_03220,trans_P2_0264,P2,trans,active,The farmer visited the colleague.,4,10,23,32,11,18,4,10,23,32,0,farmer,colleague,visit,,,
item_03221,trans_P2_0264,P2,trans,passive,The colleague was visited by the farmer.,33,39,4,13,18,25,4,13,33,39,1,farmer,colleague,visit,,,
item_03222,trans_P2_0264,P2,trans,cleft,It was the farmer who visited the colleague.,11,17,34,43,22,29,11,17,34,43,0,farmer,colleague,visit,,,
item_03223,trans_P2_0264,P2,trans,topical,"The colleague, the farmer visited.",19,25,4,13,26,33,4,13,19,25,1,farmer,colleague,visit,,,
item_03224,trans_P2_0264,P2,trans,swap,The colleague visited the farmer.,4,13,26,32,14,21,4,13,26,32,0,farmer,colleague,visit,,,
item_03225,trans_P2_0265,P2,trans,active,The plumber thanked the patient.,4,11,24,31,12,19,4,11,24,31,0,plumber,patient,thank,,,
item_03226,trans_P2_0265,P2,trans,passive,The patient was thanked by the plumber.,31,38,4,11,16,23,4,11,31,38,1,plumber,patient,thank,,,
item_03227,trans_P2_0265,P2,trans,cleft,It was the plumber who thanked the patient.,11,18,35,42,23,30,11,18,35,42,0,plumber,patient,thank,,,
item_03228,trans_P2_0265,P2,trans,topical,"The patient, the plumber thanked.",17,24,4,11,25,32,4,11,17,24,1,plumber,patient,thank,,,
item_03229,trans_P2_0265,P2,trans,swap,The patient thanked the plumber.,4,11,24,31,12,19,4,11,24,31,0,plumber,patient,thank,,,
item_03230,trans_P2_0266,P2,trans,active,The physicist helped the senator.,4,13,25,32,14,20,4,13,25,32,0,physicist,senator,help,,,
item_03231,trans_P2_0266,P2,trans,passive,The senator was helped by the physicist.,30,39,4,11,16,22,4,11,30,39,1,physicist,senator,help,,,
item_03232,trans_P2_0266,P2,trans,cleft,It was the physicist who helped the senator.,11,20,36,43,25,31,11,20,36,43,0,physicist,senator,help,,,
item_03233,trans_P2_0266,P2,trans,topical,"The senator, the physicist helped.",17,26,4,11,27,33,4,11,17,26,1,physicist,senator,help,,,
item_03234,trans_P2_0266,P2,trans,swap,The senator helped the physicist.,4,11,23,32,12,18,4,11,23,32,0,physicist,senator,help,,,
item_03235,trans_P2_0267,P2,trans,active,The prince visited the painter.,4,10,23,30,11,18,4,10,23,30,0,prince,painter,visit,,,
item_03236,trans_P2_0267,P2,trans,passive,The painter was visited by the prince.,31,37,4,11,16,23,4,11,31,37,1,prince,painter,visit,,,
item_03237,trans_P2_0267,P2,trans,cleft,It was the prince who visited the painter.,11,17,34,41,22,29,11,17,34,41,0,prince,painter,visit,,,
item_03238,trans_P2_0267,P2,trans,topical,"The painter, the prince visited.",17,23,4,11,24,31,4,11,17,23,1,prince,painter,visit,,,
item_03239,trans_P2_0267,P2,trans,swap,The painter visited the prince.,4,11,24,30,12,19,4,11,24,30,0,prince,painter,visit,,,
item_03240,trans_P2_0268,P2,trans,active,The aunt tested the physicist.,4,8,20,29,9,15,4,8,20,29,0,aunt,physicist,test,,,
item_03241,trans_P2_0268,P2,trans,passive,The physicist was tested by the aunt.,32,36,4,13,18,24,4,13,32,36,1,aunt,physicist,test,,,
item_03242,trans_P2_0268,P2,trans,cleft,It was the aunt who tested the physicist.,11,15,31,40,20,26,11,15,31,40,0,aunt,physicist,test,,,
item_03243,trans_P2_0268,P2,trans,topical,"The physicist, the aunt tested.",19,23,4,13,24,30,4,13,19,23,1,aunt,physicist,test,,,
item_03244,trans_P2_0268,P2,trans,swap,The physicist tested the aunt.,4,13,25,29,14,20,4,13,25,29,0,aunt,physicist,test,,,
item_03245,trans_P2_0269,P2,trans,active,The guard supported the uncle.,4,9,24,29,10,19,4,9,24,29,0,guard,uncle,support,,,
item_03246,trans_P2_0269,P2,trans,passive,The uncle was supported by the guard.,31,36,4,9,14,23,4,9,31,36,1,guard,uncle,support,,,
item_03247,trans_P2_0269,P2,trans,cleft,It was the guard who supported the uncle.,11,16,35,40,21,30,11,16,35,40,0,guard,uncle,support,,,
item_03248,trans_P2_0269,P2,trans,topical,"The uncle, the guard supported.",15,20,4,9,21,30,4,9,15,20,1,guard,uncle,support,,,
item_03249,trans_P2_0269,P2,trans,swap,The uncle supported the guard.,4,9,24,29,10,19,4,9,24,29,0,guard,uncle,support,,,
item_03250,trans_P2_0270,P2,trans,active,The officer admired the scientist.,4,11,24,33,12,19,4,11,24,33,0,officer,scientist,admire,,,
item_03251,trans_P2_0270,P2,trans,passive,The scientist was admired by the officer.,33,40,4,13,18,25,4,13,33,40,1,officer,scientist,admire,,,
item_03252,trans_P2_0270,P2,trans,cleft,It was the officer who admired the scientist.,11,18,35,44,23,30,11,18,35,44,0,officer,scientist,admire,,,
item_03253,trans_P2_0270,P2,trans,topical,"The scientist, the officer admired.",19,26,4,13,27,34,4,13,19,26,1,officer,scientist,admire,,,
item_03254,trans_P2_0270,P2,trans,swap,The scientist admired the officer.,4,13,26,33,14,21,4,13,26,33,0,officer,scientist,admire,,,
item_03255,trans_P2_0271,P2,trans,active,The actor marked the priest.,4,9,21,27,10,16,4,9,21,27,0,actor,priest,mark,,,
item_03256,trans_P2_0271,P2,trans,passive,The priest was marked by the actor.,29,34,4,10,15,21,4,10,29,34,1,actor,priest,mark,,,
item_03257,trans_P2_0271,P2,trans,cleft,It was the actor who marked the priest.,11,16,32,38,21,27,11,16,32,38,0,actor,priest,mark,,,
item_03258,trans_P2_0271,P2,trans,topical,"The priest, the actor marked.",16,21,4,10,22,28,4,10,16,21,1,actor,priest,mark,,,
item_03259,trans_P2_0271,P2,trans,swap,The priest marked the actor.,4,10,22,27,11,17,4,10,22,27,0,actor,priest,mark,,,
item_03260,trans_P2_0272,P2,trans,active,The banker supported the economist.,4,10,25,34,11,20,4,10,25,34,0,banker,economist,support,,,
item_03261,trans_P2_0272,P2,trans,passive,The economist was supported by the banker.,35,41,4,13,18,27,4,13,35,41,1,banker,economist,support,,,
item_03262,trans_P2_0272,P2,trans,cleft,It was the banker who supported the economist.,11,17,36,45,22,31,11,17,36,45,0,banker,economist,support,,,
item_03263,trans_P2_0272,P2,trans,topical,"The economist, the banker supported.",19,25,4,13,26,35,4,13,19,25,1,banker,economist,support,,,
item_03264,trans_P2_0272,P2,trans,swap,The economist supported the banker.,4,13,28,34,14,23,4,13,28,34,0,banker,economist,support,,,
item_03265,trans_P2_0273,P2,trans,active,The teacher thanked the chef.,4,11,24,28,12,19,4,11,24,28,0,teacher,chef,thank,,,
item_03266,trans_P2_0273,P2,trans,passive,The chef was thanked by the teacher.,28,35,4,8,13,20,4,8,28,35,1,teacher,chef,thank,,,
item_03267,trans_P2_0273,P2,trans,cleft,It was the teacher who thanked the chef.,11,18,35,39,23,30,11,18,35,39,0,teacher,chef,thank,,,
item_03268,trans_P2_0273,P2,trans,topical,"The chef, the teacher thanked.",14,21,4,8,22,29,4,8,14,21,1,teacher,chef,thank,,,
item_03269,trans_P2_0273,P2,trans,swap,The chef thanked the teacher.,4,8,21,28,9,16,4,8,21,28,0,teacher,chef,thank,,,
item_03270,trans_P2_0274,P2,trans,active,The pilot visited the economist.,4,9,22,31,10,17,4,9,22,31,0,pilot,economist,visit,,,
item_03271,trans_P2_0274,P2,trans,passive,The economist was visited by the pilot.,33,38,4,13,18,25,4,13,33,38,1,pilot,economist,visit,,,
item_03272,trans_P2_0274,P2,trans,cleft,It was the pilot who visited the economist.,11,16,33,42,21,28,11,16,33,42,0,pilot,economist,visit,,,
item_03273,trans_P2_0274,P2,trans,topical,"The economist, the pilot visited.",19,24,4,13,25,32,4,13,19,24,1,pilot,economist,visit,,,
item_03274,trans_P2_0274,P2,trans,swap,The economist visited the pilot.,4,13,26,31,14,21,4,13,26,31,0,pilot,economist,visit,,,
item_03275,trans_P2_0275,P2,trans,active,The visitor supported the poet.,4,11,26,30,12,21,4,11,26,30,0,visitor,poet,support,,,
item_03276,trans_P2_0275,P2,trans,passive,The poet was supported by the visitor.,30,37,4,8,13,22,4,8,30,37,1,visitor,poet,support,,,
item_03277,trans_P2_0275,P2,trans,cleft,It was the visitor who supported the poet.,11,18,37,41,23,32,11,18,37,41,0,visitor,poet,support,,,
item_03278,trans_P2_0275,P2,trans,topical,"The poet, the visitor supported.",14,21,4,8,22,31,4,8,14,21,1,visitor,poet,support,,,
item_03279,trans_P2_0275,P2,trans,swap,The poet supported the visitor.,4,8,23,30,9,18,4,8,23,30,0,visitor,poet,support,,,
item_03280,trans_P2_0276,P2,trans,active,The guard visited the painter.,4,9,22,29,10,17,4,9,22,29,0,guard,painter,visit,,,
item_03281,trans_P2_0276,P2,trans,passive,The painter was visited by the guard.,31,36,4,11,16,23,4,11,31,36,1,guard,painter,visit,,,
item_03282,trans_P2_0276,P2,trans,cleft,It was the guard who visited the painter.,11,16,33,40,21,28,11,16,33,40,0,guard,painter,visit,,,
item_03283,trans_P2_0276,P2,trans,topical,"The painter, the guard visited.",17,22,4,11,23,30,4,11,17,22,1,guard,painter,visit,,,
item_03284,trans_P2_0276,P2,trans,swap,The painter visited the guard.,4,11,24,29,12,19,4,11,24,29,0,guard,painter,visit,,,
item_03285,trans_P2_0277,P2,trans,active,The editor admired the economist.,4,10,23,32,11,18,4,10,23,32,0,editor,economist,admire,,,
item_03286,trans_P2_0277,P2,trans,passive,The economist was admired by the editor.,33,39,4,13,18,25,4,13,33,39,1,editor,economist,admire,,,
item_03287,trans_P2_0277,P2,trans,cleft,It was the editor who admired the economist.,11,17,34,43,22,29,11,17,34,43,0,editor,economist,admire,,,
item_03288,trans_P2_0277,P2,trans,topical,"The economist, the editor admired.",19,25,4,13,26,33,4,13,19,25,1,editor,economist,admire,,,
item_03289,trans_P2_0277,P2,trans,swap,The economist admired the editor.,4,13,26,32,14,21,4,13,26,32,0,editor,economist,admire,,,
item_03290,trans_P2_0278,P2,trans,active,The philosopher noticed the prince.,4,15,28,34,16,23,4,15,28,34,0,philosopher,prince,notice,,,
item_03291,trans_P2_0278,P2,trans,passive,The prince was noticed by the philosopher.,30,41,4,10,15,22,4,10,30,41,1,philosopher,prince,notice,,,
item_03292,trans_P2_0278,P2,trans,cleft,It was the philosopher who noticed the prince.,11,22,39,45,27,34,11,22,39,45,0,philosopher,prince,notice,,,
item_03293,trans_P2_0278,P2,trans,topical,"The prince, the philosopher noticed.",16,27,4,10,28,35,4,10,16,27,1,philosopher,prince,notice,,,
item_03294,trans_P2_0278,P2,trans,swap,The prince noticed the philosopher.,4,10,23,34,11,18,4,10,23,34,0,philosopher,prince,notice,,,
item_03295,trans_P2_0279,P2,trans,active,The farmer called the tourist.,4,10,22,29,11,17,4,10,22,29,0,farmer,tourist,call,,,
item_03296,trans_P2_0279,P2,trans,passive,The tourist was called by the farmer.,30,36,4,11,16,22,4,11,30,36,1,farmer,tourist,call,,,
item_03297,trans_P2_0279,P2,trans,cleft,It was the farmer who called the tourist.,11,17,33,40,22,28,11,17,33,40,0,farmer,tourist,call,,,
item_03298,trans_P2_0279,P2,trans,topical,"The tourist, the farmer called.",17,23,4,11,24,30,4,11,17,23,1,farmer,tourist,call,,,
item_03299,trans_P2_0279,P2,trans,swap,The tourist called the farmer.,4,11,23,29,12,18,4,11,23,29,0,farmer,tourist,call,,,
item_03300,trans_P2_0280,P2,trans,active,The plumber followed the scientist.,4,11,25,34,12,20,4,11,25,34,0,plumber,scientist,follow,,,
item_03301,trans_P2_0280,P2,trans,passive,The scientist was followed by the plumber.,34,41,4,13,18,26,4,13,34,41,1,plumber,scientist,follow,,,
item_03302,trans_P2_0280,P2,trans,cleft,It was the plumber who followed the scientist.,11,18,36,45,23,31,11,18,36,45,0,plumber,scientist,follow,,,
item_03303,trans_P2_0280,P2,trans,topical,"The scientist, the plumber followed.",19,26,4,13,27,35,4,13,19,26,1,plumber,scientist,follow,,,
item_03304,trans_P2_0280,P2,trans,swap,The scientist followed the plumber.,4,13,27,34,14,22,4,13,27,34,0,plumber,scientist,follow,,,
item_03305,trans_P2_0281,P2,trans,active,The carpenter noticed the captain.,4,13,26,33,14,21,4,13,26,33,0,carpenter,captain,notice,,,
item_03306,trans_P2_0281,P2,trans,passive,The captain was noticed by the carpenter.,31,40,4,11,16,23,4,11,31,40,1,carpenter,captain,notice,,,
item_03307,trans_P2_0281,P2,trans,cleft,It was the carpenter who noticed the captain.,11,20,37,44,25,32,11,20,37,44,0,carpenter,captain,notice,,,
item_03308,trans_P2_0281,P2,trans,topical,"The captain, the carpenter noticed.",17,26,4,11,27,34,4,11,17,26,1,carpenter,captain,notice,,,
item_03309,trans_P2_0281,P2,trans,swap,The captain noticed the carpenter.,4,11,24,33,12,19,4,11,24,33,0,carpenter,captain,notice,,,
item_03310,trans_P2_0282,P2,trans,active,The painter marked the monk.,4,11,23,27,12,18,4,11,23,27,0,painter,monk,mark,,,
item_03311,trans_P2_0282,P2,trans,passive,The monk was marked by the painter.,27,34,4,8,13,19,4,8,27,34,1,painter,monk,mark,,,
item_03312,trans_P2_0282,P2,trans,cleft,It was the painter who marked the monk.,11,18,34,38,23,29,11,18,34,38,0,painter,monk,mark,,,
item_03313,trans_P2_0282,P2,trans,topical,"The monk, the painter marked.",14,21,4,8,22,28,4,8,14,21,1,painter,monk,mark,,,
item_03314,trans_P2_0282,P2,trans,swap,The monk marked the painter.,4,8,20,27,9,15,4,8,20,27,0,painter,monk,mark,,,
item_03315,trans_P2_0283,P2,trans,active,The carpenter tested the guard.,4,13,25,30,14,20,4,13,25,30,0,carpenter,guard,test,,,
item_03316,trans_P2_0283,P2,trans,passive,The guard was tested by the carpenter.,28,37,4,9,14,20,4,9,28,37,1,carpenter,guard,test,,,
item_03317,trans_P2_0283,P2,trans,cleft,It was the carpenter who tested the guard.,11,20,36,41,25,31,11,20,36,41,0,carpenter,guard,test,,,
item_03318,trans_P2_0283,P2,trans,topical,"The guard, the carpenter tested.",15,24,4,9,25,31,4,9,15,24,1,carpenter,guard,test,,,
item_03319,trans_P2_0283,P2,trans,swap,The guard tested the carpenter.,4,9,21,30,10,16,4,9,21,30,0,carpenter,guard,test,,,
item_03320,trans_P2_0284,P2,trans,active,The uncle marked the banker.,4,9,21,27,10,16,4,9,21,27,0,uncle,banker,mark,,,
item_03321,trans_P2_0284,P2,trans,passive,The banker was marked by the uncle.,29,34,4,10,15,21,4,10,29,34,1,uncle,banker,mark,,,
item_03322,trans_P2_0284,P2,trans,cleft,It was the uncle who marked the banker.,11,16,32,38,21,27,11,16,32,38,0,uncle,banker,mark,,,
item_03323,trans_P2_0284,P2,trans,topical,"The banker, the uncle marked.",16,21,4,10,22,28,4,10,16,21,1,uncle,banker,mark,,,
item_03324,trans_P2_0284,P2,trans,swap,The banker marked the uncle.,4,10,22,27,11,17,4,10,22,27,0,uncle,banker,mark,,,
item_03325,trans_P2_0285,P2,trans,active,The scientist followed the king.,4,13,27,31,14,22,4,13,27,31,0,scientist,king,follow,,,
item_03326,trans_P2_0285,P2,trans,passive,The king was followed by the scientist.,29,38,4,8,13,21,4,8,29,38,1,scientist,king,follow,,,
item_03327,trans_P2_0285,P2,trans,cleft,It was the scientist who followed the king.,11,20,38,42,25,33,11,20,38,42,0,scientist,king,follow,,,
item_03328,trans_P2_0285,P2,trans,topical,"The king, the scientist followed.",14,23,4,8,24,32,4,8,14,23,1,scientist,king,follow,,,
item_03329,trans_P2_0285,P2,trans,swap,The king followed the scientist.,4,8,22,31,9,17,4,8,22,31,0,scientist,king,follow,,,
item_03330,trans_P2_0286,P2,trans,active,The cousin called the aunt.,4,10,22,26,11,17,4,10,22,26,0,cousin,aunt,call,,,
item_03331,trans_P2_0286,P2,trans,passive,The aunt was called by the cousin.,27,33,4,8,13,19,4,8,27,33,1,cousin,aunt,call,,,
item_03332,trans_P2_0286,P2,trans,cleft,It was the cousin who called the aunt.,11,17,33,37,22,28,11,17,33,37,0,cousin,aunt,call,,,
item_03333,trans_P2_0286,P2,trans,topical,"The aunt, the cousin called.",14,20,4,8,21,27,4,8,14,20,1,cousin,aunt,call,,,
item_03334,trans_P2_0286,P2,trans,swap,The aunt called the cousin.,4,8,20,26,9,15,4,8,20,26,0,cousin,aunt,call,,,
item_03335,trans_P2_0287,P2,trans,active,The guard called the senator.,4,9,21,28,10,16,4,9,21,28,0,guard,senator,call,,,
item_03336,trans_P2_0287,P2,trans,passive,The senator was called by the guard.,30,35,4,11,16,22,4,11,30,35,1,guard,senator,call,,,
item_03337,trans_P2_0287,P2,trans,cleft,It was the guard who called the senator.,11,16,32,39,21,27,11,16,32,39,0,guard,senator,call,,,
item_03338,trans_P2_0287,P2,trans,topical,"The senator, the guard called.",17,22,4,11,23,29,4,11,17,22,1,guard,senator,call,,,
item_03339,trans_P2_0287,P2,trans,swap,The senator called the guard.,4,11,23,28,12,18,4,11,23,28,0,guard,senator,call,,,
item_03340,trans_P2_0288,P2,trans,active,The farmer tested the officer.,4,10,22,29,11,17,4,10,22,29,0,farmer,officer,test,,,
item_03341,trans_P2_0288,P2,trans,passive,The officer was tested by the farmer.,30,36,4,11,16,22,4,11,30,36,1,farmer,officer,test,,,
item_03342,trans_P2_0288,P2,trans,cleft,It was the farmer who tested the officer.,11,17,33,40,22,28,11,17,33,40,0,farmer,officer,test,,,
item_03343,trans_P2_0288,P2,trans,topical,"The officer, the farmer tested.",17,23,4,11,24,30,4,11,17,23,1,farmer,officer,test,,,
item_03344,trans_P2_0288,P2,trans,swap,The officer tested the farmer.,4,11,23,29,12,18,4,11,23,29,0,farmer,officer,test,,,
item_03345,trans_P2_0289,P2,trans,active,The teacher helped the surgeon.,4,11,23,30,12,18,4,11,23,30,0,teacher,surgeon,help,,,
item_03346,trans_P2_0289,P2,trans,passive,The surgeon was helped by the teacher.,30,37,4,11,16,22,4,11,30,37,1,teacher,surgeon,help,,,
item_03347,trans_P2_0289,P2,trans,cleft,It was the teacher who helped the surgeon.,11,18,34,41,23,29,11,18,34,41,0,teacher,surgeon,help,,,
item_03348,trans_P2_0289,P2,trans,topical,"The surgeon, the teacher helped.",17,24,4,11,25,31,4,11,17,24,1,teacher,surgeon,help,,,
item_03349,trans_P2_0289,P2,trans,swap,The surgeon helped the teacher.,4,11,23,30,12,18,4,11,23,30,0,teacher,surgeon,help,,,
item_03350,trans_P2_0290,P2,trans,active,The actor admired the prince.,4,9,22,28,10,17,4,9,22,28,0,actor,prince,admire,,,
item_03351,trans_P2_0290,P2,trans,passive,The prince was admired by the actor.,30,35,4,10,15,22,4,10,30,35,1,actor,prince,admire,,,
item_03352,trans_P2_0290,P2,trans,cleft,It was the actor who admired the prince.,11,16,33,39,21,28,11,16,33,39,0,actor,prince,admire,,,
item_03353,trans_P2_0290,P2,trans,topical,"The prince, the actor admired.",16,21,4,10,22,29,4,10,16,21,1,actor,prince,admire,,,
item_03354,trans_P2_0290,P2,trans,swap,The prince admired the actor.,4,10,23,28,11,18,4,10,23,28,0,actor,prince,admire,,,
item_03355,trans_P2_0291,P2,trans,active,The king challenged the doctor.,4,8,24,30,9,19,4,8,24,30,0,king,doctor,challenge,,,
item_03356,trans_P2_0291,P2,trans,passive,The doctor was challenged by the king.,33,37,4,10,15,25,4,10,33,37,1,king,doctor,challenge,,,
item_03357,trans_P2_0291,P2,trans,cleft,It was the king who challenged the doctor.,11,15,35,41,20,30,11,15,35,41,0,king,doctor,challenge,,,
item_03358,trans_P2_0291,P2,trans,topical,"The doctor, the king challenged.",16,20,4,10,21,31,4,10,16,20,1,king,doctor,challenge,,,
item_03359,trans_P2_0291,P2,trans,swap,The doctor challenged the king.,4,10,26,30,11,21,4,10,26,30,0,king,doctor,challenge,,,
item_03360,trans_P2_0292,P2,trans,active,The sculptor helped the writer.,4,12,24,30,13,19,4,12,24,30,0,sculptor,writer,help,,,
item_03361,trans_P2_0292,P2,trans,passive,The writer was helped by the sculptor.,29,37,4,10,15,21,4,10,29,37,1,sculptor,writer,help,,,
item_03362,trans_P2_0292,P2,trans,cleft,It was the sculptor who helped the writer.,11,19,35,41,24,30,11,19,35,41,0,sculptor,writer,help,,,
item_03363,trans_P2_0292,P2,trans,topical,"The writer, the sculptor helped.",16,24,4,10,25,31,4,10,16,24,1,sculptor,writer,help,,,
item_03364,trans_P2_0292,P2,trans,swap,The writer helped the sculptor.,4,10,22,30,11,17,4,10,22,30,0,sculptor,writer,help,,,
item_03365,trans_P2_0293,P2,trans,active,The economist marked the monk.,4,13,25,29,14,20,4,13,25,29,0,economist,monk,mark,,,
item_03366,trans_P2_0293,P2,trans,passive,The monk was marked by the economist.,27,36,4,8,13,19,4,8,27,36,1,economist,monk,mark,,,
item_03367,trans_P2_0293,P2,trans,cleft,It was the economist who marked the monk.,11,20,36,40,25,31,11,20,36,40,0,economist,monk,mark,,,
item_03368,trans_P2_0293,P2,trans,topical,"The monk, the economist marked.",14,23,4,8,24,30,4,8,14,23,1,economist,monk,mark,,,
item_03369,trans_P2_0293,P2,trans,swap,The monk marked the economist.,4,8,20,29,9,15,4,8,20,29,0,economist,monk,mark,,,
item_03370,trans_P2_0294,P2,trans,active,The editor thanked the tourist.,4,10,23,30,11,18,4,10,23,30,0,editor,tourist,thank,,,
item_03371,trans_P2_0294,P2,trans,passive,The tourist was thanked by the editor.,31,37,4,11,16,23,4,11,31,37,1,editor,tourist,thank,,,
item_03372,trans_P2_0294,P2,trans,cleft,It was the editor who thanked the tourist.,11,17,34,41,22,29,11,17,34,41,0,editor,tourist,thank,,,
item_03373,trans_P2_0294,P2,trans,topical,"The tourist, the editor thanked.",17,23,4,11,24,31,4,11,17,23,1,editor,tourist,thank,,,
item_03374,trans_P2_0294,P2,trans,swap,The tourist thanked the editor.,4,11,24,30,12,19,4,11,24,30,0,editor,tourist,thank,,,
item_03375,trans_P2_0295,P2,trans,active,The banker marked the baker.,4,10,22,27,11,17,4,10,22,27,0,banker,baker,mark,,,
item_03376,trans_P2_0295,P2,trans,passive,The baker was marked by the banker.,28,34,4,9,14,20,4,9,28,34,1,banker,baker,mark,,,
item_03377,trans_P2_0295,P2,trans,cleft,It was the banker who marked the baker.,11,17,33,38,22,28,11,17,33,38,0,banker,baker,mark,,,
item_03378,trans_P2_0295,P2,trans,topical,"The baker, the banker marked.",15,21,4,9,22,28,4,9,15,21,1,banker,baker,mark,,,
item_03379,trans_P2_0295,P2,trans,swap,The baker marked the banker.,4,9,21,27,10,16,4,9,21,27,0,banker,baker,mark,,,
item_03380,trans_P2_0296,P2,trans,active,The economist admired the poet.,4,13,26,30,14,21,4,13,26,30,0,economist,poet,admire,,,
item_03381,trans_P2_0296,P2,trans,passive,The poet was admired by the economist.,28,37,4,8,13,20,4,8,28,37,1,economist,poet,admire,,,
item_03382,trans_P2_0296,P2,trans,cleft,It was the economist who admired the poet.,11,20,37,41,25,32,11,20,37,41,0,economist,poet,admire,,,
item_03383,trans_P2_0296,P2,trans,topical,"The poet, the economist admired.",14,23,4,8,24,31,4,8,14,23,1,economist,poet,admire,,,
item_03384,trans_P2_0296,P2,trans,swap,The poet admired the economist.,4,8,21,30,9,16,4,8,21,30,0,economist,poet,admire,,,
item_03385,trans_P2_0297,P2,trans,active,The painter tested the patient.,4,11,23,30,12,18,4,11,23,30,0,painter,patient,test,,,
item_03386,trans_P2_0297,P2,trans,passive,The patient was tested by the painter.,30,37,4,11,16,22,4,11,30,37,1,painter,patient,test,,,
item_03387,trans_P2_0297,P2,trans,cleft,It was the painter who tested the patient.,11,18,34,41,23,29,11,18,34,41,0,painter,patient,test,,,
item_03388,trans_P2_0297,P2,trans,topical,"The patient, the painter tested.",17,24,4,11,25,31,4,11,17,24,1,painter,patient,test,,,
item_03389,trans_P2_0297,P2,trans,swap,The patient tested the painter.,4,11,23,30,12,18,4,11,23,30,0,painter,patient,test,,,
item_03390,trans_P2_0298,P2,trans,active,The surgeon visited the writer.,4,11,24,30,12,19,4,11,24,30,0,surgeon,writer,visit,,,
item_03391,trans_P2_0298,P2,trans,passive,The writer was visited by the surgeon.,30,37,4,10,15,22,4,10,30,37,1,surgeon,writer,visit,,,
item_03392,trans_P2_0298,P2,trans,cleft,It was the surgeon who visited the writer.,11,18,35,41,23,30,11,18,35,41,0,surgeon,writer,visit,,,
item_03393,trans_P2_0298,P2,trans,topical,"The writer, the surgeon visited.",16,23,4,10,24,31,4,10,16,23,1,surgeon,writer,visit,,,
item_03394,trans_P2_0298,P2,trans,swap,The writer visited the surgeon.,4,10,23,30,11,18,4,10,23,30,0,surgeon,writer,visit,,,
item_03395,trans_P2_0299,P2,trans,active,The prince called the baker.,4,10,22,27,11,17,4,10,22,27,0,prince,baker,call,,,
item_03396,trans_P2_0299,P2,trans,passive,The baker was called by the prince.,28,34,4,9,14,20,4,9,28,34,1,prince,baker,call,,,
item_03397,trans_P2_0299,P2,trans,cleft,It was the prince who called the baker.,11,17,33,38,22,28,11,17,33,38,0,prince,baker,call,,,
item_03398,trans_P2_0299,P2,trans,topical,"The baker, the prince called.",15,21,4,9,22,28,4,9,15,21,1,prince,baker,call,,,
item_03399,trans_P2_0299,P2,trans,swap,The baker called the prince.,4,9,21,27,10,16,4,9,21,27,0,prince,baker,call,,,
item_03400,dat_P2_0000,P2,dat,dat_pp,The editor awarded the map to the friend.,4,10,23,26,11,18,4,10,23,26,0,editor,,award,map,friend,
item_03401,dat_P2_0000,P2,dat,dat_do,The editor awarded the friend the map.,4,10,34,37,11,18,4,10,34,37,0,editor,,award,map,friend,
item_03402,dat_P2_0001,P2,dat,dat_pp,The philosopher awarded the recipe to the tenant.,4,15,28,34,16,23,4,15,28,34,0,philosopher,,award,recipe,tenant,
item_03403,dat_P2_0001,P2,dat,dat_do,The philosopher awarded the tenant the recipe.,4,15,39,45,16,23,4,15,39,45,0,philosopher,,award,recipe,tenant,
item_03404,dat_P2_0002,P2,dat,dat_pp,The chef delivered the recipe to the volunteer.,4,8,23,29,9,18,4,8,23,29,0,chef,,deliver,recipe,volunteer,
item_03405,dat_P2_0002,P2,dat,dat_do,The chef delivered the volunteer the recipe.,4,8,37,43,9,18,4,8,37,43,0,chef,,deliver,recipe,volunteer,
item_03406,dat_P2_0003,P2,dat,dat_pp,The officer offered the map to the friend.,4,11,24,27,12,19,4,11,24,27,0,officer,,offer,map,friend,
item_03407,dat_P2_0003,P2,dat,dat_do,The officer offered the friend the map.,4,11,35,38,12,19,4,11,35,38,0,officer,,offer,map,friend,
item_03408,dat_P2_0004,P2,dat,dat_pp,The senator forwarded the contract to the grandson.,4,11,26,34,12,21,4,11,26,34,0,senator,,forward,contract,grandson,
item_03409,dat_P2_0004,P2,dat,dat_do,The senator forwarded the grandson the contract.,4,11,39,47,12,21,4,11,39,47,0,senator,,forward,contract,grandson,
item_03410,dat_P2_0005,P2,dat,dat_pp,The king delivered the coupon to the landlord.,4,8,23,29,9,18,4,8,23,29,0,king,,deliver,coupon,landlord,
item_03411,dat_P2_0005,P2,dat,dat_do,The king delivered the landlord the coupon.,4,8,36,42,9,18,4,8,36,42,0,king,,deliver,coupon,landlord,
item_03412,dat_P2_0006,P2,dat,dat_pp,The prince mailed the recipe to the spy.,4,10,22,28,11,17,4,10,22,28,0,prince,,mail,recipe,spy,
item_03413,dat_P2_0006,P2,dat,dat_do,The prince mailed the spy the recipe.,4,10,30,36,11,17,4,10,30,36,0,prince,,mail,recipe,spy,
item_03414,dat_P2_0007,P2,dat,dat_pp,The cousin awarded the plate to the volunteer.,4,10,23,28,11,18,4,10,23,28,0,cousin,,award,plate,volunteer,
item_03415,dat_P2_0007,P2,dat,dat_do,The cousin awarded the volunteer the plate.,4,10,37,42,11,18,4,10,37,42,0,cousin,,award,plate,volunteer,
item_03416,dat_P2_0008,P2,dat,dat_pp,The sculptor delivered the coupon to the landlord.,4,12,27,33,13,22,4,12,27,33,0,sculptor,,deliver,coupon,landlord,
item_03417,dat_P2_0008,P2,dat,dat_do,The sculptor delivered the landlord the coupon.,4,12,40,46,13,22,4,12,40,46,0,sculptor,,deliver,coupon,landlord,
item_03418,dat_P2_0009,P2,dat,dat_pp,The guard mailed the poem to the niece.,4,9,21,25,10,16,4,9,21,25,0,guard,,mail,poem,niece,
item_03419,dat_P2_0009,P2,dat,dat_do,The guard mailed the niece the poem.,4,9,31,35,10,16,4,9,31,35,0,guard,,mail,poem,niece,
item_03420,dat_P2_0010,P2,dat,dat_pp,The doctor awarded the contract to the chauffeur.,4,10,23,31,11,18,4,10,23,31,0,doctor,,award,contract,chauffeur,
item_03421,dat_P2_0010,P2,dat,dat_do,The doctor awarded the chauffeur the contract.,4,10,37,45,11,18,4,10,37,45,0,doctor,,award,contract,chauffeur,
item_03422,dat_P2_0011,P2,dat,dat_pp,The cousin mailed the camera to the friend.,4,10,22,28,11,17,4,10,22,28,0,cousin,,mail,camera,friend,
item_03423,dat_P2_0011,P2,dat,dat_do,The cousin mailed the friend the camera.,4,10,33,39,11,17,4,10,33,39,0,cousin,,mail,camera,friend,
item_03424,dat_P2_0012,P2,dat,dat_pp,The carpenter awarded the letter to the spy.,4,13,26,32,14,21,4,13,26,32,0,carpenter,,award,letter,spy,
item_03425,dat_P2_0012,P2,dat,dat_do,The carpenter awarded the spy the letter.,4,13,34,40,14,21,4,13,34,40,0,carpenter,,award,letter,spy,
item_03426,dat_P2_0013,P2,dat,dat_pp,The colleague awarded the diploma to the niece.,4,13,26,33,14,21,4,13,26,33,0,colleague,,award,diploma,niece,
item_03427,dat_P2_0013,P2,dat,dat_do,The colleague awarded the niece the diploma.,4,13,36,43,14,21,4,13,36,43,0,colleague,,award,diploma,niece,
item_03428,dat_P2_0014,P2,dat,dat_pp,The economist mailed the plate to the chauffeur.,4,13,25,30,14,20,4,13,25,30,0,economist,,mail,plate,chauffeur,
item_03429,dat_P2_0014,P2,dat,dat_do,The economist mailed the chauffeur the plate.,4,13,39,44,14,20,4,13,39,44,0,economist,,mail,plate,chauffeur,
item_03430,dat_P2_0015,P2,dat,dat_pp,The writer awarded the plate to the spy.,4,10,23,28,11,18,4,10,23,28,0,writer,,award,plate,spy,
item_03431,dat_P2_0015,P2,dat,dat_do,The writer awarded the spy the plate.,4,10,31,36,11,18,4,10,31,36,0,writer,,award,plate,spy,
item_03432,dat_P2_0016,P2,dat,dat_pp,The pilot offered the plate to the spy.,4,9,22,27,10,17,4,9,22,27,0,pilot,,offer,plate,spy,
item_03433,dat_P2_0016,P2,dat,dat_do,The pilot offered the spy the plate.,4,9,30,35,10,17,4,9,30,35,0,pilot,,offer,plate,spy,
item_03434,dat_P2_0017,P2,dat,dat_pp,The baker awarded the coupon to the villain.,4,9,22,28,10,17,4,9,22,28,0,baker,,award,coupon,villain,
item_03435,dat_P2_0017,P2,dat,dat_do,The baker awarded the villain the coupon.,4,9,34,40,10,17,4,9,34,40,0,baker,,award,coupon,villain,
item_03436,dat_P2_0018,P2,dat,dat_pp,The poet offered the basket to the friend.,4,8,21,27,9,16,4,8,21,27,0,poet,,offer,basket,friend,
item_03437,dat_P2_0018,P2,dat,dat_do,The poet offered the friend the basket.,4,8,32,38,9,16,4,8,32,38,0,poet,,offer,basket,friend,
item_03438,dat_P2_0019,P2,dat,dat_pp,The carpenter mailed the poem to the grandson.,4,13,25,29,14,20,4,13,25,29,0,carpenter,,mail,poem,grandson,
item_03439,dat_P2_0019,P2,dat,dat_do,The carpenter mailed the grandson the poem.,4,13,38,42,14,20,4,13,38,42,0,carpenter,,mail,poem,grandson,
item_03440,dat_P2_0020,P2,dat,dat_pp,The writer offered the medal to the niece.,4,10,23,28,11,18,4,10,23,28,0,writer,,offer,medal,niece,
item_03441,dat_P2_0020,P2,dat,dat_do,The writer offered the niece the medal.,4,10,33,38,11,18,4,10,33,38,0,writer,,offer,medal,niece,
item_03442,dat_P2_0021,P2,dat,dat_pp,The captain delivered the key to the pupil.,4,11,26,29,12,21,4,11,26,29,0,captain,,deliver,key,pupil,
item_03443,dat_P2_0021,P2,dat,dat_do,The captain delivered the pupil the key.,4,11,36,39,12,21,4,11,36,39,0,captain,,deliver,key,pupil,
item_03444,dat_P2_0022,P2,dat,dat_pp,The uncle awarded the message to the infant.,4,9,22,29,10,17,4,9,22,29,0,uncle,,award,message,infant,
item_03445,dat_P2_0022,P2,dat,dat_do,The uncle awarded the infant the message.,4,9,33,40,10,17,4,9,33,40,0,uncle,,award,message,infant,
item_03446,dat_P2_0023,P2,dat,dat_pp,The king delivered the plate to the friend.,4,8,23,28,9,18,4,8,23,28,0,king,,deliver,plate,friend,
item_03447,dat_P2_0023,P2,dat,dat_do,The king delivered the friend the plate.,4,8,34,39,9,18,4,8,34,39,0,king,,deliver,plate,friend,
item_03448,dat_P2_0024,P2,dat,dat_pp,The uncle offered the recipe to the nephew.,4,9,22,28,10,17,4,9,22,28,0,uncle,,offer,recipe,nephew,
item_03449,dat_P2_0024,P2,dat,dat_do,The uncle offered the nephew the recipe.,4,9,33,39,10,17,4,9,33,39,0,uncle,,offer,recipe,nephew,
item_03450,dat_P2_0025,P2,dat,dat_pp,The chef mailed the poem to the nephew.,4,8,20,24,9,15,4,8,20,24,0,chef,,mail,poem,nephew,
item_03451,dat_P2_0025,P2,dat,dat_do,The chef mailed the nephew the poem.,4,8,31,35,9,15,4,8,31,35,0,chef,,mail,poem,nephew,
item_03452,dat_P2_0026,P2,dat,dat_pp,The monk forwarded the diploma to the buyer.,4,8,23,30,9,18,4,8,23,30,0,monk,,forward,diploma,buyer,
item_03453,dat_P2_0026,P2,dat,dat_do,The monk forwarded the buyer the diploma.,4,8,33,40,9,18,4,8,33,40,0,monk,,forward,diploma,buyer,
item_03454,dat_P2_0027,P2,dat,dat_pp,The physicist delivered the coupon to the friend.,4,13,28,34,14,23,4,13,28,34,0,physicist,,deliver,coupon,friend,
item_03455,dat_P2_0027,P2,dat,dat_do,The physicist delivered the friend the coupon.,4,13,39,45,14,23,4,13,39,45,0,physicist,,deliver,coupon,friend,
item_03456,dat_P2_0028,P2,dat,dat_pp,The colleague awarded the poem to the tenant.,4,13,26,30,14,21,4,13,26,30,0,colleague,,award,poem,tenant,
item_03457,dat_P2_0028,P2,dat,dat_do,The colleague awarded the tenant the poem.,4,13,37,41,14,21,4,13,37,41,0,colleague,,award,poem,tenant,
item_03458,dat_P2_0029,P2,dat,dat_pp,The teacher forwarded the certificate to the nephew.,4,11,26,37,12,21,4,11,26,37,0,teacher,,forward,certificate,nephew,
item_03459,dat_P2_0029,P2,dat,dat_do,The teacher forwarded the nephew the certificate.,4,11,37,48,12,21,4,11,37,48,0,teacher,,forward,certificate,nephew,
item_03460,dat_P2_0030,P2,dat,dat_pp,The surgeon offered the coupon to the vendor.,4,11,24,30,12,19,4,11,24,30,0,surgeon,,offer,coupon,vendor,
item_03461,dat_P2_0030,P2,dat,dat_do,The surgeon offered the vendor the coupon.,4,11,35,41,12,19,4,11,35,41,0,surgeon,,offer,coupon,vendor,
item_03462,dat_P2_0031,P2,dat,dat_pp,The artist offered the basket to the vendor.,4,10,23,29,11,18,4,10,23,29,0,artist,,offer,basket,vendor,
item_03463,dat_P2_0031,P2,dat,dat_do,The artist offered the vendor the basket.,4,10,34,40,11,18,4,10,34,40,0,artist,,offer,basket,vendor,
item_03464,dat_P2_0032,P2,dat,dat_pp,The physicist offered the letter to the pupil.,4,13,26,32,14,21,4,13,26,32,0,physicist,,offer,letter,pupil,
item_03465,dat_P2_0032,P2,dat,dat_do,The physicist offered the pupil the letter.,4,13,36,42,14,21,4,13,36,42,0,physicist,,offer,letter,pupil,
item_03466,dat_P2_0033,P2,dat,dat_pp,The doctor delivered the key to the friend.,4,10,25,28,11,20,4,10,25,28,0,doctor,,deliver,key,friend,
item_03467,dat_P2_0033,P2,dat,dat_do,The doctor delivered the friend the key.,4,10,36,39,11,20,4,10,36,39,0,doctor,,deliver,key,friend,
item_03468,dat_P2_0034,P2,dat,dat_pp,The senator mailed the map to the volunteer.,4,11,23,26,12,18,4,11,23,26,0,senator,,mail,map,volunteer,
item_03469,dat_P2_0034,P2,dat,dat_do,The senator mailed the volunteer the map.,4,11,37,40,12,18,4,11,37,40,0,senator,,mail,map,volunteer,
item_03470,dat_P2_0035,P2,dat,dat_pp,The tourist delivered the recipe to the tenant.,4,11,26,32,12,21,4,11,26,32,0,tourist,,deliver,recipe,tenant,
item_03471,dat_P2_0035,P2,dat,dat_do,The tourist delivered the tenant the recipe.,4,11,37,43,12,21,4,11,37,43,0,tourist,,deliver,recipe,tenant,
item_03472,dat_P2_0036,P2,dat,dat_pp,The poet mailed the certificate to the spy.,4,8,20,31,9,15,4,8,20,31,0,poet,,mail,certificate,spy,
item_03473,dat_P2_0036,P2,dat,dat_do,The poet mailed the spy the certificate.,4,8,28,39,9,15,4,8,28,39,0,poet,,mail,certificate,spy,
item_03474,dat_P2_0037,P2,dat,dat_pp,The editor offered the camera to the niece.,4,10,23,29,11,18,4,10,23,29,0,editor,,offer,camera,niece,
item_03475,dat_P2_0037,P2,dat,dat_do,The editor offered the niece the camera.,4,10,33,39,11,18,4,10,33,39,0,editor,,offer,camera,niece,
item_03476,dat_P2_0038,P2,dat,dat_pp,The king mailed the message to the landlord.,4,8,20,27,9,15,4,8,20,27,0,king,,mail,message,landlord,
item_03477,dat_P2_0038,P2,dat,dat_do,The king mailed the landlord the message.,4,8,33,40,9,15,4,8,33,40,0,king,,mail,message,landlord,
item_03478,dat_P2_0039,P2,dat,dat_pp,The aunt mailed the basket to the volunteer.,4,8,20,26,9,15,4,8,20,26,0,aunt,,mail,basket,volunteer,
item_03479,dat_P2_0039,P2,dat,dat_do,The aunt mailed the volunteer the basket.,4,8,34,40,9,15,4,8,34,40,0,aunt,,mail,basket,volunteer,
item_03480,dat_P2_0040,P2,dat,dat_pp,The guard awarded the diploma to the villain.,4,9,22,29,10,17,4,9,22,29,0,guard,,award,diploma,villain,
item_03481,dat_P2_0040,P2,dat,dat_do,The guard awarded the villain the diploma.,4,9,34,41,10,17,4,9,34,41,0,guard,,award,diploma,villain,
item_03482,dat_P2_0041,P2,dat,dat_pp,The physicist awarded the contract to the grandson.,4,13,26,34,14,21,4,13,26,34,0,physicist,,award,contract,grandson,
item_03483,dat_P2_0041,P2,dat,dat_do,The physicist awarded the grandson the contract.,4,13,39,47,14,21,4,13,39,47,0,physicist,,award,contract,grandson,
item_03484,dat_P2_0042,P2,dat,dat_pp,The actor delivered the map to the pupil.,4,9,24,27,10,19,4,9,24,27,0,actor,,deliver,map,pupil,
item_03485,dat_P2_0042,P2,dat,dat_do,The actor delivered the pupil the map.,4,9,34,37,10,19,4,9,34,37,0,actor,,deliver,map,pupil,
item_03486,dat_P2_0043,P2,dat,dat_pp,The teacher forwarded the novel to the infant.,4,11,26,31,12,21,4,11,26,31,0,teacher,,forward,novel,infant,
item_03487,dat_P2_0043,P2,dat,dat_do,The teacher forwarded the infant the novel.,4,11,37,42,12,21,4,11,37,42,0,teacher,,forward,novel,infant,
item_03488,dat_P2_0044,P2,dat,dat_pp,The artist forwarded the recipe to the pupil.,4,10,25,31,11,20,4,10,25,31,0,artist,,forward,recipe,pupil,
item_03489,dat_P2_0044,P2,dat,dat_do,The artist forwarded the pupil the recipe.,4,10,35,41,11,20,4,10,35,41,0,artist,,forward,recipe,pupil,
item_03490,dat_P2_0045,P2,dat,dat_pp,The artist forwarded the recipe to the hero.,4,10,25,31,11,20,4,10,25,31,0,artist,,forward,recipe,hero,
item_03491,dat_P2_0045,P2,dat,dat_do,The artist forwarded the hero the recipe.,4,10,34,40,11,20,4,10,34,40,0,artist,,forward,recipe,hero,
item_03492,dat_P2_0046,P2,dat,dat_pp,The king delivered the coupon to the villain.,4,8,23,29,9,18,4,8,23,29,0,king,,deliver,coupon,villain,
item_03493,dat_P2_0046,P2,dat,dat_do,The king delivered the villain the coupon.,4,8,35,41,9,18,4,8,35,41,0,king,,deliver,coupon,villain,
item_03494,dat_P2_0047,P2,dat,dat_pp,The prince offered the recipe to the villain.,4,10,23,29,11,18,4,10,23,29,0,prince,,offer,recipe,villain,
item_03495,dat_P2_0047,P2,dat,dat_do,The prince offered the villain the recipe.,4,10,35,41,11,18,4,10,35,41,0,prince,,offer,recipe,villain,
item_03496,dat_P2_0048,P2,dat,dat_pp,The senator forwarded the camera to the owner.,4,11,26,32,12,21,4,11,26,32,0,senator,,forward,camera,owner,
item_03497,dat_P2_0048,P2,dat,dat_do,The senator forwarded the owner the camera.,4,11,36,42,12,21,4,11,36,42,0,senator,,forward,camera,owner,
item_03498,dat_P2_0049,P2,dat,dat_pp,The doctor offered the letter to the supplier.,4,10,23,29,11,18,4,10,23,29,0,doctor,,offer,letter,supplier,
item_03499,dat_P2_0049,P2,dat,dat_do,The doctor offered the supplier the letter.,4,10,36,42,11,18,4,10,36,42,0,doctor,,offer,letter,supplier,
item_03500,dat_P2_0050,P2,dat,dat_pp,The scientist delivered the diploma to the villain.,4,13,28,35,14,23,4,13,28,35,0,scientist,,deliver,diploma,villain,
item_03501,dat_P2_0050,P2,dat,dat_do,The scientist delivered the villain the diploma.,4,13,40,47,14,23,4,13,40,47,0,scientist,,deliver,diploma,villain,
item_03502,dat_P2_0051,P2,dat,dat_pp,The senator awarded the trophy to the niece.,4,11,24,30,12,19,4,11,24,30,0,senator,,award,trophy,niece,
item_03503,dat_P2_0051,P2,dat,dat_do,The senator awarded the niece the trophy.,4,11,34,40,12,19,4,11,34,40,0,senator,,award,trophy,niece,
item_03504,dat_P2_0052,P2,dat,dat_pp,The poet mailed the medal to the spy.,4,8,20,25,9,15,4,8,20,25,0,poet,,mail,medal,spy,
item_03505,dat_P2_0052,P2,dat,dat_do,The poet mailed the spy the medal.,4,8,28,33,9,15,4,8,28,33,0,poet,,mail,medal,spy,
item_03506,dat_P2_0053,P2,dat,dat_pp,The visitor offered the trophy to the niece.,4,11,24,30,12,19,4,11,24,30,0,visitor,,offer,trophy,niece,
item_03507,dat_P2_0053,P2,dat,dat_do,The visitor offered the niece the trophy.,4,11,34,40,12,19,4,11,34,40,0,visitor,,offer,trophy,niece,
item_03508,dat_P2_0054,P2,dat,dat_pp,The colleague mailed the message to the villain.,4,13,25,32,14,20,4,13,25,32,0,colleague,,mail,message,villain,
item_03509,dat_P2_0054,P2,dat,dat_do,The colleague mailed the villain the message.,4,13,37,44,14,20,4,13,37,44,0,colleague,,mail,message,villain,
item_03510,dat_P2_0055,P2,dat,dat_pp,The physicist delivered the diploma to the vendor.,4,13,28,35,14,23,4,13,28,35,0,physicist,,deliver,diploma,vendor,
item_03511,dat_P2_0055,P2,dat,dat_do,The physicist delivered the vendor the diploma.,4,13,39,46,14,23,4,13,39,46,0,physicist,,deliver,diploma,vendor,
item_03512,dat_P2_0056,P2,dat,dat_pp,The surgeon delivered the plate to the spy.,4,11,26,31,12,21,4,11,26,31,0,surgeon,,deliver,plate,spy,
item_03513,dat_P2_0056,P2,dat,dat_do,The surgeon delivered the spy the plate.,4,11,34,39,12,21,4,11,34,39,0,surgeon,,deliver,plate,spy,
item_03514,dat_P2_0057,P2,dat,dat_pp,The senator mailed the camera to the child.,4,11,23,29,12,18,4,11,23,29,0,senator,,mail,camera,child,
item_03515,dat_P2_0057,P2,dat,dat_do,The senator mailed the child the camera.,4,11,33,39,12,18,4,11,33,39,0,senator,,mail,camera,child,
item_03516,dat_P2_0058,P2,dat,dat_pp,The colleague forwarded the photograph to the child.,4,13,28,38,14,23,4,13,28,38,0,colleague,,forward,photograph,child,
item_03517,dat_P2_0058,P2,dat,dat_do,The colleague forwarded the child the photograph.,4,13,38,48,14,23,4,13,38,48,0,colleague,,forward,photograph,child,
item_03518,dat_P2_0059,P2,dat,dat_pp,The scientist offered the plate to the volunteer.,4,13,26,31,14,21,4,13,26,31,0,scientist,,offer,plate,volunteer,
item_03519,dat_P2_0059,P2,dat,dat_do,The scientist offered the volunteer the plate.,4,13,40,45,14,21,4,13,40,45,0,scientist,,offer,plate,volunteer,
item_03520,dat_P2_0060,P2,dat,dat_pp,The teacher mailed the novel to the friend.,4,11,23,28,12,18,4,11,23,28,0,teacher,,mail,novel,friend,
item_03521,dat_P2_0060,P2,dat,dat_do,The teacher mailed the friend the novel.,4,11,34,39,12,18,4,11,34,39,0,teacher,,mail,novel,friend,
item_03522,dat_P2_0061,P2,dat,dat_pp,The cousin awarded the medal to the chauffeur.,4,10,23,28,11,18,4,10,23,28,0,cousin,,award,medal,chauffeur,
item_03523,dat_P2_0061,P2,dat,dat_do,The cousin awarded the chauffeur the medal.,4,10,37,42,11,18,4,10,37,42,0,cousin,,award,medal,chauffeur,
item_03524,dat_P2_0062,P2,dat,dat_pp,The teacher offered the novel to the supplier.,4,11,24,29,12,19,4,11,24,29,0,teacher,,offer,novel,supplier,
item_03525,dat_P2_0062,P2,dat,dat_do,The teacher offered the supplier the novel.,4,11,37,42,12,19,4,11,37,42,0,teacher,,offer,novel,supplier,
item_03526,dat_P2_0063,P2,dat,dat_pp,The painter delivered the map to the pupil.,4,11,26,29,12,21,4,11,26,29,0,painter,,deliver,map,pupil,
item_03527,dat_P2_0063,P2,dat,dat_do,The painter delivered the pupil the map.,4,11,36,39,12,21,4,11,36,39,0,painter,,deliver,map,pupil,
item_03528,dat_P2_0064,P2,dat,dat_pp,The king awarded the recipe to the volunteer.,4,8,21,27,9,16,4,8,21,27,0,king,,award,recipe,volunteer,
item_03529,dat_P2_0064,P2,dat,dat_do,The king awarded the volunteer the recipe.,4,8,35,41,9,16,4,8,35,41,0,king,,award,recipe,volunteer,
item_03530,dat_P2_0065,P2,dat,dat_pp,The doctor forwarded the contract to the supplier.,4,10,25,33,11,20,4,10,25,33,0,doctor,,forward,contract,supplier,
item_03531,dat_P2_0065,P2,dat,dat_do,The doctor forwarded the supplier the contract.,4,10,38,46,11,20,4,10,38,46,0,doctor,,forward,contract,supplier,
item_03532,dat_P2_0066,P2,dat,dat_pp,The painter delivered the basket to the child.,4,11,26,32,12,21,4,11,26,32,0,painter,,deliver,basket,child,
item_03533,dat_P2_0066,P2,dat,dat_do,The painter delivered the child the basket.,4,11,36,42,12,21,4,11,36,42,0,painter,,deliver,basket,child,
item_03534,dat_P2_0067,P2,dat,dat_pp,The plumber mailed the poem to the buyer.,4,11,23,27,12,18,4,11,23,27,0,plumber,,mail,poem,buyer,
item_03535,dat_P2_0067,P2,dat,dat_do,The plumber mailed the buyer the poem.,4,11,33,37,12,18,4,11,33,37,0,plumber,,mail,poem,buyer,
item_03536,dat_P2_0068,P2,dat,dat_pp,The tourist awarded the photograph to the grandson.,4,11,24,34,12,19,4,11,24,34,0,tourist,,award,photograph,grandson,
item_03537,dat_P2_0068,P2,dat,dat_do,The tourist awarded the grandson the photograph.,4,11,37,47,12,19,4,11,37,47,0,tourist,,award,photograph,grandson,
item_03538,dat_P2_0069,P2,dat,dat_pp,The physicist offered the diploma to the grandson.,4,13,26,33,14,21,4,13,26,33,0,physicist,,offer,diploma,grandson,
item_03539,dat_P2_0069,P2,dat,dat_do,The physicist offered the grandson the diploma.,4,13,39,46,14,21,4,13,39,46,0,physicist,,offer,diploma,grandson,
item_03540,dat_P2_0070,P2,dat,dat_pp,The captain awarded the coupon to the volunteer.,4,11,24,30,12,19,4,11,24,30,0,captain,,award,coupon,volunteer,
item_03541,dat_P2_0070,P2,dat,dat_do,The captain awarded the volunteer the coupon.,4,11,38,44,12,19,4,11,38,44,0,captain,,award,coupon,volunteer,
item_03542,dat_P2_0071,P2,dat,dat_pp,The economist awarded the contract to the grandson.,4,13,26,34,14,21,4,13,26,34,0,economist,,award,contract,grandson,
item_03543,dat_P2_0071,P2,dat,dat_do,The economist awarded the grandson the contract.,4,13,39,47,14,21,4,13,39,47,0,economist,,award,contract,grandson,
item_03544,dat_P2_0072,P2,dat,dat_pp,The painter offered the diploma to the spy.,4,11,24,31,12,19,4,11,24,31,0,painter,,offer,diploma,spy,
item_03545,dat_P2_0072,P2,dat,dat_do,The painter offered the spy the diploma.,4,11,32,39,12,19,4,11,32,39,0,painter,,offer,diploma,spy,
item_03546,dat_P2_0073,P2,dat,dat_pp,The priest delivered the trophy to the vendor.,4,10,25,31,11,20,4,10,25,31,0,priest,,deliver,trophy,vendor,
item_03547,dat_P2_0073,P2,dat,dat_do,The priest delivered the vendor the trophy.,4,10,36,42,11,20,4,10,36,42,0,priest,,deliver,trophy,vendor,
item_03548,dat_P2_0074,P2,dat,dat_pp,The chef forwarded the poem to the chauffeur.,4,8,23,27,9,18,4,8,23,27,0,chef,,forward,poem,chauffeur,
item_03549,dat_P2_0074,P2,dat,dat_do,The chef forwarded the chauffeur the poem.,4,8,37,41,9,18,4,8,37,41,0,chef,,forward,poem,chauffeur,
item_03550,dat_P2_0075,P2,dat,dat_pp,The artist offered the trophy to the buyer.,4,10,23,29,11,18,4,10,23,29,0,artist,,offer,trophy,buyer,
item_03551,dat_P2_0075,P2,dat,dat_do,The artist offered the buyer the trophy.,4,10,33,39,11,18,4,10,33,39,0,artist,,offer,trophy,buyer,
item_03552,dat_P2_0076,P2,dat,dat_pp,The philosopher delivered the letter to the niece.,4,15,30,36,16,25,4,15,30,36,0,philosopher,,deliver,letter,niece,
item_03553,dat_P2_0076,P2,dat,dat_do,The philosopher delivered the niece the letter.,4,15,40,46,16,25,4,15,40,46,0,philosopher,,deliver,letter,niece,
item_03554,dat_P2_0077,P2,dat,dat_pp,The editor delivered the recipe to the child.,4,10,25,31,11,20,4,10,25,31,0,editor,,deliver,recipe,child,
item_03555,dat_P2_0077,P2,dat,dat_do,The editor delivered the child the recipe.,4,10,35,41,11,20,4,10,35,41,0,editor,,deliver,recipe,child,
item_03556,dat_P2_0078,P2,dat,dat_pp,The doctor mailed the diploma to the friend.,4,10,22,29,11,17,4,10,22,29,0,doctor,,mail,diploma,friend,
item_03557,dat_P2_0078,P2,dat,dat_do,The doctor mailed the friend the diploma.,4,10,33,40,11,17,4,10,33,40,0,doctor,,mail,diploma,friend,
item_03558,dat_P2_0079,P2,dat,dat_pp,The editor forwarded the novel to the vendor.,4,10,25,30,11,20,4,10,25,30,0,editor,,forward,novel,vendor,
item_03559,dat_P2_0079,P2,dat,dat_do,The editor forwarded the vendor the novel.,4,10,36,41,11,20,4,10,36,41,0,editor,,forward,novel,vendor,
item_03560,dat_P2_0080,P2,dat,dat_pp,The priest forwarded the basket to the tenant.,4,10,25,31,11,20,4,10,25,31,0,priest,,forward,basket,tenant,
item_03561,dat_P2_0080,P2,dat,dat_do,The priest forwarded the tenant the basket.,4,10,36,42,11,20,4,10,36,42,0,priest,,forward,basket,tenant,
item_03562,dat_P2_0081,P2,dat,dat_pp,The chef delivered the message to the villain.,4,8,23,30,9,18,4,8,23,30,0,chef,,deliver,message,villain,
item_03563,dat_P2_0081,P2,dat,dat_do,The chef delivered the villain the message.,4,8,35,42,9,18,4,8,35,42,0,chef,,deliver,message,villain,
item_03564,dat_P2_0082,P2,dat,dat_pp,The chef delivered the basket to the hero.,4,8,23,29,9,18,4,8,23,29,0,chef,,deliver,basket,hero,
item_03565,dat_P2_0082,P2,dat,dat_do,The chef delivered the hero the basket.,4,8,32,38,9,18,4,8,32,38,0,chef,,deliver,basket,hero,
item_03566,dat_P2_0083,P2,dat,dat_pp,The painter mailed the photograph to the volunteer.,4,11,23,33,12,18,4,11,23,33,0,painter,,mail,photograph,volunteer,
item_03567,dat_P2_0083,P2,dat,dat_do,The painter mailed the volunteer the photograph.,4,11,37,47,12,18,4,11,37,47,0,painter,,mail,photograph,volunteer,
item_03568,dat_P2_0084,P2,dat,dat_pp,The baker delivered the coupon to the infant.,4,9,24,30,10,19,4,9,24,30,0,baker,,deliver,coupon,infant,
item_03569,dat_P2_0084,P2,dat,dat_do,The baker delivered the infant the coupon.,4,9,35,41,10,19,4,9,35,41,0,baker,,deliver,coupon,infant,
item_03570,dat_P2_0085,P2,dat,dat_pp,The philosopher awarded the key to the villain.,4,15,28,31,16,23,4,15,28,31,0,philosopher,,award,key,villain,
item_03571,dat_P2_0085,P2,dat,dat_do,The philosopher awarded the villain the key.,4,15,40,43,16,23,4,15,40,43,0,philosopher,,award,key,villain,
item_03572,dat_P2_0086,P2,dat,dat_pp,The uncle delivered the gift to the niece.,4,9,24,28,10,19,4,9,24,28,0,uncle,,deliver,gift,niece,
item_03573,dat_P2_0086,P2,dat,dat_do,The uncle delivered the niece the gift.,4,9,34,38,10,19,4,9,34,38,0,uncle,,deliver,gift,niece,
item_03574,dat_P2_0087,P2,dat,dat_pp,The writer mailed the key to the villain.,4,10,22,25,11,17,4,10,22,25,0,writer,,mail,key,villain,
item_03575,dat_P2_0087,P2,dat,dat_do,The writer mailed the villain the key.,4,10,34,37,11,17,4,10,34,37,0,writer,,mail,key,villain,
item_03576,dat_P2_0088,P2,dat,dat_pp,The guard mailed the letter to the grandson.,4,9,21,27,10,16,4,9,21,27,0,guard,,mail,letter,grandson,
item_03577,dat_P2_0088,P2,dat,dat_do,The guard mailed the grandson the letter.,4,9,34,40,10,16,4,9,34,40,0,guard,,mail,letter,grandson,
item_03578,dat_P2_0089,P2,dat,dat_pp,The patient awarded the basket to the owner.,4,11,24,30,12,19,4,11,24,30,0,patient,,award,basket,owner,
item_03579,dat_P2_0089,P2,dat,dat_do,The patient awarded the owner the basket.,4,11,34,40,12,19,4,11,34,40,0,patient,,award,basket,owner,
item_03580,dat_P2_0090,P2,dat,dat_pp,The prince awarded the coupon to the villain.,4,10,23,29,11,18,4,10,23,29,0,prince,,award,coupon,villain,
item_03581,dat_P2_0090,P2,dat,dat_do,The prince awarded the villain the coupon.,4,10,35,41,11,18,4,10,35,41,0,prince,,award,coupon,villain,
item_03582,dat_P2_0091,P2,dat,dat_pp,The prince offered the trophy to the chauffeur.,4,10,23,29,11,18,4,10,23,29,0,prince,,offer,trophy,chauffeur,
item_03583,dat_P2_0091,P2,dat,dat_do,The prince offered the chauffeur the trophy.,4,10,37,43,11,18,4,10,37,43,0,prince,,offer,trophy,chauffeur,
item_03584,dat_P2_0092,P2,dat,dat_pp,The physicist offered the photograph to the grandson.,4,13,26,36,14,21,4,13,26,36,0,physicist,,offer,photograph,grandson,
item_03585,dat_P2_0092,P2,dat,dat_do,The physicist offered the grandson the photograph.,4,13,39,49,14,21,4,13,39,49,0,physicist,,offer,photograph,grandson,
item_03586,dat_P2_0093,P2,dat,dat_pp,The monk mailed the medal to the pupil.,4,8,20,25,9,15,4,8,20,25,0,monk,,mail,medal,pupil,
item_03587,dat_P2_0093,P2,dat,dat_do,The monk mailed the pupil the medal.,4,8,30,35,9,15,4,8,30,35,0,monk,,mail,medal,pupil,
item_03588,dat_P2_0094,P2,dat,dat_pp,The doctor forwarded the gift to the hero.,4,10,25,29,11,20,4,10,25,29,0,doctor,,forward,gift,hero,
item_03589,dat_P2_0094,P2,dat,dat_do,The doctor forwarded the hero the gift.,4,10,34,38,11,20,4,10,34,38,0,doctor,,forward,gift,hero,
item_03590,dat_P2_0095,P2,dat,dat_pp,The prince mailed the diploma to the chauffeur.,4,10,22,29,11,17,4,10,22,29,0,prince,,mail,diploma,chauffeur,
item_03591,dat_P2_0095,P2,dat,dat_do,The prince mailed the chauffeur the diploma.,4,10,36,43,11,17,4,10,36,43,0,prince,,mail,diploma,chauffeur,
item_03592,dat_P2_0096,P2,dat,dat_pp,The surgeon awarded the trophy to the volunteer.,4,11,24,30,12,19,4,11,24,30,0,surgeon,,award,trophy,volunteer,
item_03593,dat_P2_0096,P2,dat,dat_do,The surgeon awarded the volunteer the trophy.,4,11,38,44,12,19,4,11,38,44,0,surgeon,,award,trophy,volunteer,
item_03594,dat_P2_0097,P2,dat,dat_pp,The teacher delivered the gift to the owner.,4,11,26,30,12,21,4,11,26,30,0,teacher,,deliver,gift,owner,
item_03595,dat_P2_0097,P2,dat,dat_do,The teacher delivered the owner the gift.,4,11,36,40,12,21,4,11,36,40,0,teacher,,deliver,gift,owner,
item_03596,dat_P2_0098,P2,dat,dat_pp,The doctor awarded the coupon to the friend.,4,10,23,29,11,18,4,10,23,29,0,doctor,,award,coupon,friend,
item_03597,dat_P2_0098,P2,dat,dat_do,The doctor awarded the friend the coupon.,4,10,34,40,11,18,4,10,34,40,0,doctor,,award,coupon,friend,
item_03598,dat_P2_0099,P2,dat,dat_pp,The actor mailed the recipe to the volunteer.,4,9,21,27,10,16,4,9,21,27,0,actor,,mail,recipe,volunteer,
item_03599,dat_P2_0099,P2,dat,dat_do,The actor mailed the volunteer the recipe.,4,9,35,41,10,16,4,9,35,41,0,actor,,mail,recipe,volunteer,
item_03600,dat_P2_0100,P2,dat,dat_pp,The senator forwarded the novel to the niece.,4,11,26,31,12,21,4,11,26,31,0,senator,,forward,novel,niece,
item_03601,dat_P2_0100,P2,dat,dat_do,The senator forwarded the niece the novel.,4,11,36,41,12,21,4,11,36,41,0,senator,,forward,novel,niece,
item_03602,dat_P2_0101,P2,dat,dat_pp,The philosopher offered the diploma to the grandson.,4,15,28,35,16,23,4,15,28,35,0,philosopher,,offer,diploma,grandson,
item_03603,dat_P2_0101,P2,dat,dat_do,The philosopher offered the grandson the diploma.,4,15,41,48,16,23,4,15,41,48,0,philosopher,,offer,diploma,grandson,
item_03604,dat_P2_0102,P2,dat,dat_pp,The guard offered the medal to the niece.,4,9,22,27,10,17,4,9,22,27,0,guard,,offer,medal,niece,
item_03605,dat_P2_0102,P2,dat,dat_do,The guard offered the niece the medal.,4,9,32,37,10,17,4,9,32,37,0,guard,,offer,medal,niece,
item_03606,dat_P2_0103,P2,dat,dat_pp,The plumber delivered the novel to the pupil.,4,11,26,31,12,21,4,11,26,31,0,plumber,,deliver,novel,pupil,
item_03607,dat_P2_0103,P2,dat,dat_do,The plumber delivered the pupil the novel.,4,11,36,41,12,21,4,11,36,41,0,plumber,,deliver,novel,pupil,
item_03608,dat_P2_0104,P2,dat,dat_pp,The aunt offered the coupon to the infant.,4,8,21,27,9,16,4,8,21,27,0,aunt,,offer,coupon,infant,
item_03609,dat_P2_0104,P2,dat,dat_do,The aunt offered the infant the coupon.,4,8,32,38,9,16,4,8,32,38,0,aunt,,offer,coupon,infant,
item_03610,dat_P2_0105,P2,dat,dat_pp,The editor mailed the recipe to the nephew.,4,10,22,28,11,17,4,10,22,28,0,editor,,mail,recipe,nephew,
item_03611,dat_P2_0105,P2,dat,dat_do,The editor mailed the nephew the recipe.,4,10,33,39,11,17,4,10,33,39,0,editor,,mail,recipe,nephew,
item_03612,dat_P2_0106,P2,dat,dat_pp,The chef delivered the recipe to the niece.,4,8,23,29,9,18,4,8,23,29,0,chef,,deliver,recipe,niece,
item_03613,dat_P2_0106,P2,dat,dat_do,The chef delivered the niece the recipe.,4,8,33,39,9,18,4,8,33,39,0,chef,,deliver,recipe,niece,
item_03614,dat_P2_0107,P2,dat,dat_pp,The physicist awarded the medal to the chauffeur.,4,13,26,31,14,21,4,13,26,31,0,physicist,,award,medal,chauffeur,
item_03615,dat_P2_0107,P2,dat,dat_do,The physicist awarded the chauffeur the medal.,4,13,40,45,14,21,4,13,40,45,0,physicist,,award,medal,chauffeur,
item_03616,dat_P2_0108,P2,dat,dat_pp,The writer awarded the message to the landlord.,4,10,23,30,11,18,4,10,23,30,0,writer,,award,message,landlord,
item_03617,dat_P2_0108,P2,dat,dat_do,The writer awarded the landlord the message.,4,10,36,43,11,18,4,10,36,43,0,writer,,award,message,landlord,
item_03618,dat_P2_0109,P2,dat,dat_pp,The banker forwarded the map to the chauffeur.,4,10,25,28,11,20,4,10,25,28,0,banker,,forward,map,chauffeur,
item_03619,dat_P2_0109,P2,dat,dat_do,The banker forwarded the chauffeur the map.,4,10,39,42,11,20,4,10,39,42,0,banker,,forward,map,chauffeur,
item_03620,dat_P2_0110,P2,dat,dat_pp,The surgeon delivered the key to the friend.,4,11,26,29,12,21,4,11,26,29,0,surgeon,,deliver,key,friend,
item_03621,dat_P2_0110,P2,dat,dat_do,The surgeon delivered the friend the key.,4,11,37,40,12,21,4,11,37,40,0,surgeon,,deliver,key,friend,
item_03622,dat_P2_0111,P2,dat,dat_pp,The monk offered the trophy to the chauffeur.,4,8,21,27,9,16,4,8,21,27,0,monk,,offer,trophy,chauffeur,
item_03623,dat_P2_0111,P2,dat,dat_do,The monk offered the chauffeur the trophy.,4,8,35,41,9,16,4,8,35,41,0,monk,,offer,trophy,chauffeur,
item_03624,dat_P2_0112,P2,dat,dat_pp,The scientist mailed the gift to the hero.,4,13,25,29,14,20,4,13,25,29,0,scientist,,mail,gift,hero,
item_03625,dat_P2_0112,P2,dat,dat_do,The scientist mailed the hero the gift.,4,13,34,38,14,20,4,13,34,38,0,scientist,,mail,gift,hero,
item_03626,dat_P2_0113,P2,dat,dat_pp,The poet awarded the certificate to the owner.,4,8,21,32,9,16,4,8,21,32,0,poet,,award,certificate,owner,
item_03627,dat_P2_0113,P2,dat,dat_do,The poet awarded the owner the certificate.,4,8,31,42,9,16,4,8,31,42,0,poet,,award,certificate,owner,
item_03628,dat_P2_0114,P2,dat,dat_pp,The priest mailed the key to the nephew.,4,10,22,25,11,17,4,10,22,25,0,priest,,mail,key,nephew,
item_03629,dat_P2_0114,P2,dat,dat_do,The priest mailed the nephew the key.,4,10,33,36,11,17,4,10,33,36,0,priest,,mail,key,nephew,
item_03630,dat_P2_0115,P2,dat,dat_pp,The doctor offered the basket to the hero.,4,10,23,29,11,18,4,10,23,29,0,doctor,,offer,basket,hero,
item_03631,dat_P2_0115,P2,dat,dat_do,The doctor offered the hero the basket.,4,10,32,38,11,18,4,10,32,38,0,doctor,,offer,basket,hero,
item_03632,dat_P2_0116,P2,dat,dat_pp,The officer forwarded the coupon to the vendor.,4,11,26,32,12,21,4,11,26,32,0,officer,,forward,coupon,vendor,
item_03633,dat_P2_0116,P2,dat,dat_do,The officer forwarded the vendor the coupon.,4,11,37,43,12,21,4,11,37,43,0,officer,,forward,coupon,vendor,
item_03634,dat_P2_0117,P2,dat,dat_pp,The banker offered the map to the villain.,4,10,23,26,11,18,4,10,23,26,0,banker,,offer,map,villain,
item_03635,dat_P2_0117,P2,dat,dat_do,The banker offered the villain the map.,4,10,35,38,11,18,4,10,35,38,0,banker,,offer,map,villain,
item_03636,dat_P2_0118,P2,dat,dat_pp,The poet mailed the certificate to the child.,4,8,20,31,9,15,4,8,20,31,0,poet,,mail,certificate,child,
item_03637,dat_P2_0118,P2,dat,dat_do,The poet mailed the child the certificate.,4,8,30,41,9,15,4,8,30,41,0,poet,,mail,certificate,child,
item_03638,dat_P2_0119,P2,dat,dat_pp,The scientist offered the plate to the chauffeur.,4,13,26,31,14,21,4,13,26,31,0,scientist,,offer,plate,chauffeur,
item_03639,dat_P2_0119,P2,dat,dat_do,The scientist offered the chauffeur the plate.,4,13,40,45,14,21,4,13,40,45,0,scientist,,offer,plate,chauffeur,
item_03640,dat_P2_0120,P2,dat,dat_pp,The actor delivered the photograph to the tenant.,4,9,24,34,10,19,4,9,24,34,0,actor,,deliver,photograph,tenant,
item_03641,dat_P2_0120,P2,dat,dat_do,The actor delivered the tenant the photograph.,4,9,35,45,10,19,4,9,35,45,0,actor,,deliver,photograph,tenant,
item_03642,dat_P2_0121,P2,dat,dat_pp,The sculptor delivered the key to the villain.,4,12,27,30,13,22,4,12,27,30,0,sculptor,,deliver,key,villain,
item_03643,dat_P2_0121,P2,dat,dat_do,The sculptor delivered the villain the key.,4,12,39,42,13,22,4,12,39,42,0,sculptor,,deliver,key,villain,
item_03644,dat_P2_0122,P2,dat,dat_pp,The visitor awarded the message to the villain.,4,11,24,31,12,19,4,11,24,31,0,visitor,,award,message,villain,
item_03645,dat_P2_0122,P2,dat,dat_do,The visitor awarded the villain the message.,4,11,36,43,12,19,4,11,36,43,0,visitor,,award,message,villain,
item_03646,dat_P2_0123,P2,dat,dat_pp,The teacher offered the key to the pupil.,4,11,24,27,12,19,4,11,24,27,0,teacher,,offer,key,pupil,
item_03647,dat_P2_0123,P2,dat,dat_do,The teacher offered the pupil the key.,4,11,34,37,12,19,4,11,34,37,0,teacher,,offer,key,pupil,
item_03648,dat_P2_0124,P2,dat,dat_pp,The senator offered the map to the volunteer.,4,11,24,27,12,19,4,11,24,27,0,senator,,offer,map,volunteer,
item_03649,dat_P2_0124,P2,dat,dat_do,The senator offered the volunteer the map.,4,11,38,41,12,19,4,11,38,41,0,senator,,offer,map,volunteer,
item_03650,dat_P2_0125,P2,dat,dat_pp,The philosopher offered the contract to the landlord.,4,15,28,36,16,23,4,15,28,36,0,philosopher,,offer,contract,landlord,
item_03651,dat_P2_0125,P2,dat,dat_do,The philosopher offered the landlord the contract.,4,15,41,49,16,23,4,15,41,49,0,philosopher,,offer,contract,landlord,
item_03652,dat_P2_0126,P2,dat,dat_pp,The scientist awarded the poem to the supplier.,4,13,26,30,14,21,4,13,26,30,0,scientist,,award,poem,supplier,
item_03653,dat_P2_0126,P2,dat,dat_do,The scientist awarded the supplier the poem.,4,13,39,43,14,21,4,13,39,43,0,scientist,,award,poem,supplier,
item_03654,dat_P2_0127,P2,dat,dat_pp,The baker forwarded the key to the tenant.,4,9,24,27,10,19,4,9,24,27,0,baker,,forward,key,tenant,
item_03655,dat_P2_0127,P2,dat,dat_do,The baker forwarded the tenant the key.,4,9,35,38,10,19,4,9,35,38,0,baker,,forward,key,tenant,
item_03656,dat_P2_0128,P2,dat,dat_pp,The pilot awarded the key to the supplier.,4,9,22,25,10,17,4,9,22,25,0,pilot,,award,key,supplier,
item_03657,dat_P2_0128,P2,dat,dat_do,The pilot awarded the supplier the key.,4,9,35,38,10,17,4,9,35,38,0,pilot,,award,key,supplier,
item_03658,dat_P2_0129,P2,dat,dat_pp,The officer forwarded the photograph to the pupil.,4,11,26,36,12,21,4,11,26,36,0,officer,,forward,photograph,pupil,
item_03659,dat_P2_0129,P2,dat,dat_do,The officer forwarded the pupil the photograph.,4,11,36,46,12,21,4,11,36,46,0,officer,,forward,photograph,pupil,
item_03660,dat_P2_0130,P2,dat,dat_pp,The economist mailed the gift to the pupil.,4,13,25,29,14,20,4,13,25,29,0,economist,,mail,gift,pupil,
item_03661,dat_P2_0130,P2,dat,dat_do,The economist mailed the pupil the gift.,4,13,35,39,14,20,4,13,35,39,0,economist,,mail,gift,pupil,
item_03662,dat_P2_0131,P2,dat,dat_pp,The pilot delivered the basket to the grandson.,4,9,24,30,10,19,4,9,24,30,0,pilot,,deliver,basket,grandson,
item_03663,dat_P2_0131,P2,dat,dat_do,The pilot delivered the grandson the basket.,4,9,37,43,10,19,4,9,37,43,0,pilot,,deliver,basket,grandson,
item_03664,dat_P2_0132,P2,dat,dat_pp,The colleague delivered the certificate to the vendor.,4,13,28,39,14,23,4,13,28,39,0,colleague,,deliver,certificate,vendor,
item_03665,dat_P2_0132,P2,dat,dat_do,The colleague delivered the vendor the certificate.,4,13,39,50,14,23,4,13,39,50,0,colleague,,deliver,certificate,vendor,
item_03666,dat_P2_0133,P2,dat,dat_pp,The actor mailed the map to the hero.,4,9,21,24,10,16,4,9,21,24,0,actor,,mail,map,hero,
item_03667,dat_P2_0133,P2,dat,dat_do,The actor mailed the hero the map.,4,9,30,33,10,16,4,9,30,33,0,actor,,mail,map,hero,
item_03668,dat_P2_0134,P2,dat,dat_pp,The king forwarded the map to the landlord.,4,8,23,26,9,18,4,8,23,26,0,king,,forward,map,landlord,
item_03669,dat_P2_0134,P2,dat,dat_do,The king forwarded the landlord the map.,4,8,36,39,9,18,4,8,36,39,0,king,,forward,map,landlord,
item_03670,dat_P2_0135,P2,dat,dat_pp,The banker awarded the photograph to the owner.,4,10,23,33,11,18,4,10,23,33,0,banker,,award,photograph,owner,
item_03671,dat_P2_0135,P2,dat,dat_do,The banker awarded the owner the photograph.,4,10,33,43,11,18,4,10,33,43,0,banker,,award,photograph,owner,
item_03672,dat_P2_0136,P2,dat,dat_pp,The farmer forwarded the trophy to the tenant.,4,10,25,31,11,20,4,10,25,31,0,farmer,,forward,trophy,tenant,
item_03673,dat_P2_0136,P2,dat,dat_do,The farmer forwarded the tenant the trophy.,4,10,36,42,11,20,4,10,36,42,0,farmer,,forward,trophy,tenant,
item_03674,dat_P2_0137,P2,dat,dat_pp,The banker awarded the trophy to the pupil.,4,10,23,29,11,18,4,10,23,29,0,banker,,award,trophy,pupil,
item_03675,dat_P2_0137,P2,dat,dat_do,The banker awarded the pupil the trophy.,4,10,33,39,11,18,4,10,33,39,0,banker,,award,trophy,pupil,
item_03676,dat_P2_0138,P2,dat,dat_pp,The sculptor forwarded the gift to the child.,4,12,27,31,13,22,4,12,27,31,0,sculptor,,forward,gift,child,
item_03677,dat_P2_0138,P2,dat,dat_do,The sculptor forwarded the child the gift.,4,12,37,41,13,22,4,12,37,41,0,sculptor,,forward,gift,child,
item_03678,dat_P2_0139,P2,dat,dat_pp,The plumber forwarded the novel to the spy.,4,11,26,31,12,21,4,11,26,31,0,plumber,,forward,novel,spy,
item_03679,dat_P2_0139,P2,dat,dat_do,The plumber forwarded the spy the novel.,4,11,34,39,12,21,4,11,34,39,0,plumber,,forward,novel,spy,
item_03680,dat_P2_0140,P2,dat,dat_pp,The surgeon awarded the trophy to the supplier.,4,11,24,30,12,19,4,11,24,30,0,surgeon,,award,trophy,supplier,
item_03681,dat_P2_0140,P2,dat,dat_do,The surgeon awarded the supplier the trophy.,4,11,37,43,12,19,4,11,37,43,0,surgeon,,award,trophy,supplier,
item_03682,dat_P2_0141,P2,dat,dat_pp,The teacher offered the map to the landlord.,4,11,24,27,12,19,4,11,24,27,0,teacher,,offer,map,landlord,
item_03683,dat_P2_0141,P2,dat,dat_do,The teacher offered the landlord the map.,4,11,37,40,12,19,4,11,37,40,0,teacher,,offer,map,landlord,
item_03684,dat_P2_0142,P2,dat,dat_pp,The tourist awarded the contract to the pupil.,4,11,24,32,12,19,4,11,24,32,0,tourist,,award,contract,pupil,
item_03685,dat_P2_0142,P2,dat,dat_do,The tourist awarded the pupil the contract.,4,11,34,42,12,19,4,11,34,42,0,tourist,,award,contract,pupil,
item_03686,dat_P2_0143,P2,dat,dat_pp,The monk delivered the recipe to the tenant.,4,8,23,29,9,18,4,8,23,29,0,monk,,deliver,recipe,tenant,
item_03687,dat_P2_0143,P2,dat,dat_do,The monk delivered the tenant the recipe.,4,8,34,40,9,18,4,8,34,40,0,monk,,deliver,recipe,tenant,
item_03688,dat_P2_0144,P2,dat,dat_pp,The captain delivered the contract to the villain.,4,11,26,34,12,21,4,11,26,34,0,captain,,deliver,contract,villain,
item_03689,dat_P2_0144,P2,dat,dat_do,The captain delivered the villain the contract.,4,11,38,46,12,21,4,11,38,46,0,captain,,deliver,contract,villain,
item_03690,dat_P2_0145,P2,dat,dat_pp,The editor forwarded the camera to the chauffeur.,4,10,25,31,11,20,4,10,25,31,0,editor,,forward,camera,chauffeur,
item_03691,dat_P2_0145,P2,dat,dat_do,The editor forwarded the chauffeur the camera.,4,10,39,45,11,20,4,10,39,45,0,editor,,forward,camera,chauffeur,
item_03692,dat_P2_0146,P2,dat,dat_pp,The surgeon delivered the certificate to the pupil.,4,11,26,37,12,21,4,11,26,37,0,surgeon,,deliver,certificate,pupil,
item_03693,dat_P2_0146,P2,dat,dat_do,The surgeon delivered the pupil the certificate.,4,11,36,47,12,21,4,11,36,47,0,surgeon,,deliver,certificate,pupil,
item_03694,dat_P2_0147,P2,dat,dat_pp,The monk awarded the plate to the vendor.,4,8,21,26,9,16,4,8,21,26,0,monk,,award,plate,vendor,
item_03695,dat_P2_0147,P2,dat,dat_do,The monk awarded the vendor the plate.,4,8,32,37,9,16,4,8,32,37,0,monk,,award,plate,vendor,
item_03696,dat_P2_0148,P2,dat,dat_pp,The farmer delivered the camera to the pupil.,4,10,25,31,11,20,4,10,25,31,0,farmer,,deliver,camera,pupil,
item_03697,dat_P2_0148,P2,dat,dat_do,The farmer delivered the pupil the camera.,4,10,35,41,11,20,4,10,35,41,0,farmer,,deliver,camera,pupil,
item_03698,dat_P2_0149,P2,dat,dat_pp,The plumber forwarded the message to the grandson.,4,11,26,33,12,21,4,11,26,33,0,plumber,,forward,message,grandson,
item_03699,dat_P2_0149,P2,dat,dat_do,The plumber forwarded the grandson the message.,4,11,39,46,12,21,4,11,39,46,0,plumber,,forward,message,grandson,
item_03700,dat_P2_0150,P2,dat,dat_pp,The baker mailed the gift to the infant.,4,9,21,25,10,16,4,9,21,25,0,baker,,mail,gift,infant,
item_03701,dat_P2_0150,P2,dat,dat_do,The baker mailed the infant the gift.,4,9,32,36,10,16,4,9,32,36,0,baker,,mail,gift,infant,
item_03702,dat_P2_0151,P2,dat,dat_pp,The officer forwarded the map to the landlord.,4,11,26,29,12,21,4,11,26,29,0,officer,,forward,map,landlord,
item_03703,dat_P2_0151,P2,dat,dat_do,The officer forwarded the landlord the map.,4,11,39,42,12,21,4,11,39,42,0,officer,,forward,map,landlord,
item_03704,dat_P2_0152,P2,dat,dat_pp,The chef awarded the contract to the chauffeur.,4,8,21,29,9,16,4,8,21,29,0,chef,,award,contract,chauffeur,
item_03705,dat_P2_0152,P2,dat,dat_do,The chef awarded the chauffeur the contract.,4,8,35,43,9,16,4,8,35,43,0,chef,,award,contract,chauffeur,
item_03706,dat_P2_0153,P2,dat,dat_pp,The patient awarded the medal to the infant.,4,11,24,29,12,19,4,11,24,29,0,patient,,award,medal,infant,
item_03707,dat_P2_0153,P2,dat,dat_do,The patient awarded the infant the medal.,4,11,35,40,12,19,4,11,35,40,0,patient,,award,medal,infant,
item_03708,dat_P2_0154,P2,dat,dat_pp,The economist mailed the map to the vendor.,4,13,25,28,14,20,4,13,25,28,0,economist,,mail,map,vendor,
item_03709,dat_P2_0154,P2,dat,dat_do,The economist mailed the vendor the map.,4,13,36,39,14,20,4,13,36,39,0,economist,,mail,map,vendor,
item_03710,dat_P2_0155,P2,dat,dat_pp,The plumber mailed the basket to the chauffeur.,4,11,23,29,12,18,4,11,23,29,0,plumber,,mail,basket,chauffeur,
item_03711,dat_P2_0155,P2,dat,dat_do,The plumber mailed the chauffeur the basket.,4,11,37,43,12,18,4,11,37,43,0,plumber,,mail,basket,chauffeur,
item_03712,dat_P2_0156,P2,dat,dat_pp,The actor offered the trophy to the hero.,4,9,22,28,10,17,4,9,22,28,0,actor,,offer,trophy,hero,
item_03713,dat_P2_0156,P2,dat,dat_do,The actor offered the hero the trophy.,4,9,31,37,10,17,4,9,31,37,0,actor,,offer,trophy,hero,
item_03714,dat_P2_0157,P2,dat,dat_pp,The king awarded the camera to the nephew.,4,8,21,27,9,16,4,8,21,27,0,king,,award,camera,nephew,
item_03715,dat_P2_0157,P2,dat,dat_do,The king awarded the nephew the camera.,4,8,32,38,9,16,4,8,32,38,0,king,,award,camera,nephew,
item_03716,dat_P2_0158,P2,dat,dat_pp,The king forwarded the medal to the hero.,4,8,23,28,9,18,4,8,23,28,0,king,,forward,medal,hero,
item_03717,dat_P2_0158,P2,dat,dat_do,The king forwarded the hero the medal.,4,8,32,37,9,18,4,8,32,37,0,king,,forward,medal,hero,
item_03718,dat_P2_0159,P2,dat,dat_pp,The monk forwarded the camera to the vendor.,4,8,23,29,9,18,4,8,23,29,0,monk,,forward,camera,vendor,
item_03719,dat_P2_0159,P2,dat,dat_do,The monk forwarded the vendor the camera.,4,8,34,40,9,18,4,8,34,40,0,monk,,forward,camera,vendor,
item_03720,dat_P2_0160,P2,dat,dat_pp,The tourist offered the recipe to the child.,4,11,24,30,12,19,4,11,24,30,0,tourist,,offer,recipe,child,
item_03721,dat_P2_0160,P2,dat,dat_do,The tourist offered the child the recipe.,4,11,34,40,12,19,4,11,34,40,0,tourist,,offer,recipe,child,
item_03722,dat_P2_0161,P2,dat,dat_pp,The guard mailed the camera to the tenant.,4,9,21,27,10,16,4,9,21,27,0,guard,,mail,camera,tenant,
item_03723,dat_P2_0161,P2,dat,dat_do,The guard mailed the tenant the camera.,4,9,32,38,10,16,4,9,32,38,0,guard,,mail,camera,tenant,
item_03724,dat_P2_0162,P2,dat,dat_pp,The tourist awarded the gift to the volunteer.,4,11,24,28,12,19,4,11,24,28,0,tourist,,award,gift,volunteer,
item_03725,dat_P2_0162,P2,dat,dat_do,The tourist awarded the volunteer the gift.,4,11,38,42,12,19,4,11,38,42,0,tourist,,award,gift,volunteer,
item_03726,dat_P2_0163,P2,dat,dat_pp,The painter awarded the medal to the owner.,4,11,24,29,12,19,4,11,24,29,0,painter,,award,medal,owner,
item_03727,dat_P2_0163,P2,dat,dat_do,The painter awarded the owner the medal.,4,11,34,39,12,19,4,11,34,39,0,painter,,award,medal,owner,
item_03728,dat_P2_0164,P2,dat,dat_pp,The tourist awarded the map to the vendor.,4,11,24,27,12,19,4,11,24,27,0,tourist,,award,map,vendor,
item_03729,dat_P2_0164,P2,dat,dat_do,The tourist awarded the vendor the map.,4,11,35,38,12,19,4,11,35,38,0,tourist,,award,map,vendor,
item_03730,dat_P2_0165,P2,dat,dat_pp,The baker forwarded the key to the supplier.,4,9,24,27,10,19,4,9,24,27,0,baker,,forward,key,supplier,
item_03731,dat_P2_0165,P2,dat,dat_do,The baker forwarded the supplier the key.,4,9,37,40,10,19,4,9,37,40,0,baker,,forward,key,supplier,
item_03732,dat_P2_0166,P2,dat,dat_pp,The tourist offered the poem to the child.,4,11,24,28,12,19,4,11,24,28,0,tourist,,offer,poem,child,
item_03733,dat_P2_0166,P2,dat,dat_do,The tourist offered the child the poem.,4,11,34,38,12,19,4,11,34,38,0,tourist,,offer,poem,child,
item_03734,dat_P2_0167,P2,dat,dat_pp,The senator awarded the photograph to the supplier.,4,11,24,34,12,19,4,11,24,34,0,senator,,award,photograph,supplier,
item_03735,dat_P2_0167,P2,dat,dat_do,The senator awarded the supplier the photograph.,4,11,37,47,12,19,4,11,37,47,0,senator,,award,photograph,supplier,
item_03736,dat_P2_0168,P2,dat,dat_pp,The editor delivered the map to the landlord.,4,10,25,28,11,20,4,10,25,28,0,editor,,deliver,map,landlord,
item_03737,dat_P2_0168,P2,dat,dat_do,The editor delivered the landlord the map.,4,10,38,41,11,20,4,10,38,41,0,editor,,deliver,map,landlord,
item_03738,dat_P2_0169,P2,dat,dat_pp,The chef awarded the basket to the tenant.,4,8,21,27,9,16,4,8,21,27,0,chef,,award,basket,tenant,
item_03739,dat_P2_0169,P2,dat,dat_do,The chef awarded the tenant the basket.,4,8,32,38,9,16,4,8,32,38,0,chef,,award,basket,tenant,
item_03740,dat_P2_0170,P2,dat,dat_pp,The farmer offered the photograph to the nephew.,4,10,23,33,11,18,4,10,23,33,0,farmer,,offer,photograph,nephew,
item_03741,dat_P2_0170,P2,dat,dat_do,The farmer offered the nephew the photograph.,4,10,34,44,11,18,4,10,34,44,0,farmer,,offer,photograph,nephew,
item_03742,dat_P2_0171,P2,dat,dat_pp,The officer delivered the trophy to the child.,4,11,26,32,12,21,4,11,26,32,0,officer,,deliver,trophy,child,
item_03743,dat_P2_0171,P2,dat,dat_do,The officer delivered the child the trophy.,4,11,36,42,12,21,4,11,36,42,0,officer,,deliver,trophy,child,
item_03744,dat_P2_0172,P2,dat,dat_pp,The senator offered the recipe to the volunteer.,4,11,24,30,12,19,4,11,24,30,0,senator,,offer,recipe,volunteer,
item_03745,dat_P2_0172,P2,dat,dat_do,The senator offered the volunteer the recipe.,4,11,38,44,12,19,4,11,38,44,0,senator,,offer,recipe,volunteer,
item_03746,dat_P2_0173,P2,dat,dat_pp,The guard offered the camera to the pupil.,4,9,22,28,10,17,4,9,22,28,0,guard,,offer,camera,pupil,
item_03747,dat_P2_0173,P2,dat,dat_do,The guard offered the pupil the camera.,4,9,32,38,10,17,4,9,32,38,0,guard,,offer,camera,pupil,
item_03748,dat_P2_0174,P2,dat,dat_pp,The monk forwarded the medal to the supplier.,4,8,23,28,9,18,4,8,23,28,0,monk,,forward,medal,supplier,
item_03749,dat_P2_0174,P2,dat,dat_do,The monk forwarded the supplier the medal.,4,8,36,41,9,18,4,8,36,41,0,monk,,forward,medal,supplier,
item_03750,dat_P2_0175,P2,dat,dat_pp,The captain mailed the coupon to the niece.,4,11,23,29,12,18,4,11,23,29,0,captain,,mail,coupon,niece,
item_03751,dat_P2_0175,P2,dat,dat_do,The captain mailed the niece the coupon.,4,11,33,39,12,18,4,11,33,39,0,captain,,mail,coupon,niece,
item_03752,dat_P2_0176,P2,dat,dat_pp,The king delivered the diploma to the chauffeur.,4,8,23,30,9,18,4,8,23,30,0,king,,deliver,diploma,chauffeur,
item_03753,dat_P2_0176,P2,dat,dat_do,The king delivered the chauffeur the diploma.,4,8,37,44,9,18,4,8,37,44,0,king,,deliver,diploma,chauffeur,
item_03754,dat_P2_0177,P2,dat,dat_pp,The guard awarded the novel to the volunteer.,4,9,22,27,10,17,4,9,22,27,0,guard,,award,novel,volunteer,
item_03755,dat_P2_0177,P2,dat,dat_do,The guard awarded the volunteer the novel.,4,9,36,41,10,17,4,9,36,41,0,guard,,award,novel,volunteer,
item_03756,dat_P2_0178,P2,dat,dat_pp,The senator offered the map to the buyer.,4,11,24,27,12,19,4,11,24,27,0,senator,,offer,map,buyer,
item_03757,dat_P2_0178,P2,dat,dat_do,The senator offered the buyer the map.,4,11,34,37,12,19,4,11,34,37,0,senator,,offer,map,buyer,
item_03758,dat_P2_0179,P2,dat,dat_pp,The visitor offered the recipe to the supplier.,4,11,24,30,12,19,4,11,24,30,0,visitor,,offer,recipe,supplier,
item_03759,dat_P2_0179,P2,dat,dat_do,The visitor offered the supplier the recipe.,4,11,37,43,12,19,4,11,37,43,0,visitor,,offer,recipe,supplier,
item_03760,dat_P2_0180,P2,dat,dat_pp,The visitor mailed the trophy to the niece.,4,11,23,29,12,18,4,11,23,29,0,visitor,,mail,trophy,niece,
item_03761,dat_P2_0180,P2,dat,dat_do,The visitor mailed the niece the trophy.,4,11,33,39,12,18,4,11,33,39,0,visitor,,mail,trophy,niece,
item_03762,dat_P2_0181,P2,dat,dat_pp,The plumber forwarded the coupon to the infant.,4,11,26,32,12,21,4,11,26,32,0,plumber,,forward,coupon,infant,
item_03763,dat_P2_0181,P2,dat,dat_do,The plumber forwarded the infant the coupon.,4,11,37,43,12,21,4,11,37,43,0,plumber,,forward,coupon,infant,
item_03764,dat_P2_0182,P2,dat,dat_pp,The tourist delivered the message to the villain.,4,11,26,33,12,21,4,11,26,33,0,tourist,,deliver,message,villain,
item_03765,dat_P2_0182,P2,dat,dat_do,The tourist delivered the villain the message.,4,11,38,45,12,21,4,11,38,45,0,tourist,,deliver,message,villain,
item_03766,dat_P2_0183,P2,dat,dat_pp,The officer mailed the medal to the grandson.,4,11,23,28,12,18,4,11,23,28,0,officer,,mail,medal,grandson,
item_03767,dat_P2_0183,P2,dat,dat_do,The officer mailed the grandson the medal.,4,11,36,41,12,18,4,11,36,41,0,officer,,mail,medal,grandson,
item_03768,dat_P2_0184,P2,dat,dat_pp,The priest forwarded the medal to the volunteer.,4,10,25,30,11,20,4,10,25,30,0,priest,,forward,medal,volunteer,
item_03769,dat_P2_0184,P2,dat,dat_do,The priest forwarded the volunteer the medal.,4,10,39,44,11,20,4,10,39,44,0,priest,,forward,medal,volunteer,
item_03770,dat_P2_0185,P2,dat,dat_pp,The sculptor forwarded the certificate to the volunteer.,4,12,27,38,13,22,4,12,27,38,0,sculptor,,forward,certificate,volunteer,
item_03771,dat_P2_0185,P2,dat,dat_do,The sculptor forwarded the volunteer the certificate.,4,12,41,52,13,22,4,12,41,52,0,sculptor,,forward,certificate,volunteer,
item_03772,dat_P2_0186,P2,dat,dat_pp,The cousin offered the medal to the landlord.,4,10,23,28,11,18,4,10,23,28,0,cousin,,offer,medal,landlord,
item_03773,dat_P2_0186,P2,dat,dat_do,The cousin offered the landlord the medal.,4,10,36,41,11,18,4,10,36,41,0,cousin,,offer,medal,landlord,
item_03774,dat_P2_0187,P2,dat,dat_pp,The sculptor offered the coupon to the volunteer.,4,12,25,31,13,20,4,12,25,31,0,sculptor,,offer,coupon,volunteer,
item_03775,dat_P2_0187,P2,dat,dat_do,The sculptor offered the volunteer the coupon.,4,12,39,45,13,20,4,12,39,45,0,sculptor,,offer,coupon,volunteer,
item_03776,dat_P2_0188,P2,dat,dat_pp,The prince awarded the medal to the hero.,4,10,23,28,11,18,4,10,23,28,0,prince,,award,medal,hero,
item_03777,dat_P2_0188,P2,dat,dat_do,The prince awarded the hero the medal.,4,10,32,37,11,18,4,10,32,37,0,prince,,award,medal,hero,
item_03778,dat_P2_0189,P2,dat,dat_pp,The prince mailed the trophy to the friend.,4,10,22,28,11,17,4,10,22,28,0,prince,,mail,trophy,friend,
item_03779,dat_P2_0189,P2,dat,dat_do,The prince mailed the friend the trophy.,4,10,33,39,11,17,4,10,33,39,0,prince,,mail,trophy,friend,
item_03780,dat_P2_0190,P2,dat,dat_pp,The surgeon forwarded the diploma to the niece.,4,11,26,33,12,21,4,11,26,33,0,surgeon,,forward,diploma,niece,
item_03781,dat_P2_0190,P2,dat,dat_do,The surgeon forwarded the niece the diploma.,4,11,36,43,12,21,4,11,36,43,0,surgeon,,forward,diploma,niece,
item_03782,dat_P2_0191,P2,dat,dat_pp,The captain offered the map to the chauffeur.,4,11,24,27,12,19,4,11,24,27,0,captain,,offer,map,chauffeur,
item_03783,dat_P2_0191,P2,dat,dat_do,The captain offered the chauffeur the map.,4,11,38,41,12,19,4,11,38,41,0,captain,,offer,map,chauffeur,
item_03784,dat_P2_0192,P2,dat,dat_pp,The tourist offered the basket to the spy.,4,11,24,30,12,19,4,11,24,30,0,tourist,,offer,basket,spy,
item_03785,dat_P2_0192,P2,dat,dat_do,The tourist offered the spy the basket.,4,11,32,38,12,19,4,11,32,38,0,tourist,,offer,basket,spy,
item_03786,dat_P2_0193,P2,dat,dat_pp,The sculptor mailed the letter to the pupil.,4,12,24,30,13,19,4,12,24,30,0,sculptor,,mail,letter,pupil,
item_03787,dat_P2_0193,P2,dat,dat_do,The sculptor mailed the pupil the letter.,4,12,34,40,13,19,4,12,34,40,0,sculptor,,mail,letter,pupil,
item_03788,dat_P2_0194,P2,dat,dat_pp,The farmer awarded the coupon to the pupil.,4,10,23,29,11,18,4,10,23,29,0,farmer,,award,coupon,pupil,
item_03789,dat_P2_0194,P2,dat,dat_do,The farmer awarded the pupil the coupon.,4,10,33,39,11,18,4,10,33,39,0,farmer,,award,coupon,pupil,
item_03790,dat_P2_0195,P2,dat,dat_pp,The plumber offered the certificate to the vendor.,4,11,24,35,12,19,4,11,24,35,0,plumber,,offer,certificate,vendor,
item_03791,dat_P2_0195,P2,dat,dat_do,The plumber offered the vendor the certificate.,4,11,35,46,12,19,4,11,35,46,0,plumber,,offer,certificate,vendor,
item_03792,dat_P2_0196,P2,dat,dat_pp,The uncle mailed the novel to the landlord.,4,9,21,26,10,16,4,9,21,26,0,uncle,,mail,novel,landlord,
item_03793,dat_P2_0196,P2,dat,dat_do,The uncle mailed the landlord the novel.,4,9,34,39,10,16,4,9,34,39,0,uncle,,mail,novel,landlord,
item_03794,dat_P2_0197,P2,dat,dat_pp,The actor offered the contract to the hero.,4,9,22,30,10,17,4,9,22,30,0,actor,,offer,contract,hero,
item_03795,dat_P2_0197,P2,dat,dat_do,The actor offered the hero the contract.,4,9,31,39,10,17,4,9,31,39,0,actor,,offer,contract,hero,
item_03796,dat_P2_0198,P2,dat,dat_pp,The banker forwarded the poem to the volunteer.,4,10,25,29,11,20,4,10,25,29,0,banker,,forward,poem,volunteer,
item_03797,dat_P2_0198,P2,dat,dat_do,The banker forwarded the volunteer the poem.,4,10,39,43,11,20,4,10,39,43,0,banker,,forward,poem,volunteer,
item_03798,dat_P2_0199,P2,dat,dat_pp,The monk forwarded the basket to the hero.,4,8,23,29,9,18,4,8,23,29,0,monk,,forward,basket,hero,
item_03799,dat_P2_0199,P2,dat,dat_do,The monk forwarded the hero the basket.,4,8,32,38,9,18,4,8,32,38,0,monk,,forward,basket,hero,
item_03800,ambig_aux_000,aux,ambig,attach,The historian saw the curator with the telescope.,4,13,22,29,14,17,4,13,22,29,0,historian,curator,see,,,telescope
item_03801,ambig_aux_001,aux,ambig,attach,The historian saw the curator with the binoculars.,4,13,22,29,14,17,4,13,22,29,0,historian,curator,see,,,binoculars
item_03802,ambig_aux_002,aux,ambig,attach,The historian saw the curator with the ladder.,4,13,22,29,14,17,4,13,22,29,0,historian,curator,see,,,ladder
item_03803,ambig_aux_003,aux,ambig,attach,The historian saw the curator with the hammer.,4,13,22,29,14,17,4,13,22,29,0,historian,curator,see,,,hammer
item_03804,ambig_aux_004,aux,ambig,attach,The historian saw the curator with the camera.,4,13,22,29,14,17,4,13,22,29,0,historian,curator,see,,,camera
item_03805,ambig_aux_005,aux,ambig,attach,The historian saw the curator with the knife.,4,13,22,29,14,17,4,13,22,29,0,historian,curator,see,,,knife
item_03806,ambig_aux_006,aux,ambig,attach,The historian saw the curator with the brush.,4,13,22,29,14,17,4,13,22,29,0,historian,curator,see,,,brush
item_03807,ambig_aux_007,aux,ambig,attach,The historian saw the curator with the rope.,4,13,22,29,14,17,4,13,22,29,0,historian,curator,see,,,rope
item_03808,ambig_aux_008,aux,ambig,attach,The historian saw the curator with the whistle.,4,13,22,29,14,17,4,13,22,29,0,historian,curator,see,,,whistle
item_03809,ambig_aux_009,aux,ambig,attach,The historian saw the curator with the fishing-rod.,4,13,22,29,14,17,4,13,22,29,0,historian,curator,see,,,fishing-rod
item_03810,ambig_aux_010,aux,ambig,attach,The historian saw the reporter with the telescope.,4,13,22,30,14,17,4,13,22,30,0,historian,reporter,see,,,telescope
item_03811,ambig_aux_011,aux,ambig,attach,The historian saw the reporter with the binoculars.,4,13,22,30,14,17,4,13,22,30,0,historian,reporter,see,,,binoculars
item_03812,ambig_aux_012,aux,ambig,attach,The historian saw the reporter with the ladder.,4,13,22,30,14,17,4,13,22,30,0,historian,reporter,see,,,ladder
item_03813,ambig_aux_013,aux,ambig,attach,The historian saw the reporter with the hammer.,4,13,22,30,14,17,4,13,22,30,0,historian,reporter,see,,,hammer
item_03814,ambig_aux_014,aux,ambig,attach,The historian saw the reporter with the camera.,4,13,22,30,14,17,4,13,22,30,0,historian,reporter,see,,,camera
item_03815,ambig_aux_015,aux,ambig,attach,The historian saw the reporter with the knife.,4,13,22,30,14,17,4,13,22,30,0,historian,reporter,see,,,knife
item_03816,ambig_aux_016,aux,ambig,attach,The historian saw the reporter with the brush.,4,13,22,30,14,17,4,13,22,30,0,historian,reporter,see,,,brush
item_03817,ambig_aux_017,aux,ambig,attach,The historian saw the reporter with the rope.,4,13,22,30,14,17,4,13,22,30,0,historian,reporter,see,,,rope
item_03818,ambig_aux_018,aux,ambig,attach,The historian saw the reporter with the whistle.,4,13,22,30,14,17,4,13,22,30,0,historian,reporter,see,,,whistle
item_03819,ambig_aux_019,aux,ambig,attach,The historian saw the reporter with the fishing-rod.,4,13,22,30,14,17,4,13,22,30,0,historian,reporter,see,,,fishing-rod
item_03820,ambig_aux_020,aux,ambig,attach,The historian saw the pharmacist with the telescope.,4,13,22,32,14,17,4,13,22,32,0,historian,pharmacist,see,,,telescope
item_03821,ambig_aux_021,aux,ambig,attach,The historian saw the pharmacist with the binoculars.,4,13,22,32,14,17,4,13,22,32,0,historian,pharmacist,see,,,binoculars
item_03822,ambig_aux_022,aux,ambig,attach,The historian saw the pharmacist with the ladder.,4,13,22,32,14,17,4,13,22,32,0,historian,pharmacist,see,,,ladder
item_03823,ambig_aux_023,aux,ambig,attach,The historian saw the pharmacist with the hammer.,4,13,22,32,14,17,4,13,22,32,0,historian,pharmacist,see,,,hammer
item_03824,ambig_aux_024,aux,ambig,attach,The historian saw the pharmacist with the camera.,4,13,22,32,14,17,4,13,22,32,0,historian,pharmacist,see,,,camera
item_03825,ambig_aux_025,aux,ambig,attach,The historian saw the pharmacist with the knife.,4,13,22,32,14,17,4,13,22,32,0,historian,pharmacist,see,,,knife
item_03826,ambig_aux_026,aux,ambig,attach,The historian saw the pharmacist with the brush.,4,13,22,32,14,17,4,13,22,32,0,historian,pharmacist,see,,,brush
item_03827,ambig_aux_027,aux,ambig,attach,The historian saw the pharmacist with the rope.,4,13,22,32,14,17,4,13,22,32,0,historian,pharmacist,see,,,rope
item_03828,ambig_aux_028,aux,ambig,attach,The historian saw the pharmacist with the whistle.,4,13,22,32,14,17,4,13,22,32,0,historian,pharmacist,see,,,whistle
item_03829,ambig_aux_029,aux,ambig,attach,The historian saw the pharmacist with the fishing-rod.,4,13,22,32,14,17,4,13,22,32,0,historian,pharmacist,see,,,fishing-rod
item_03830,ambig_aux_030,aux,ambig,attach,The historian saw the musician with the telescope.,4,13,22,30,14,17,4,13,22,30,0,historian,musician,see,,,telescope
item_03831,ambig_aux_031,aux,ambig,attach,The historian saw the musician with the binoculars.,4,13,22,30,14,17,4,13,22,30,0,historian,musician,see,,,binoculars
item_03832,ambig_aux_032,aux,ambig,attach,The historian saw the musician with the ladder.,4,13,22,30,14,17,4,13,22,30,0,historian,musician,see,,,ladder
item_03833,ambig_aux_033,aux,ambig,attach,The historian saw the musician with the hammer.,4,13,22,30,14,17,4,13,22,30,0,historian,musician,see,,,hammer
item_03834,ambig_aux_034,aux,ambig,attach,The historian saw the musician with the camera.,4,13,22,30,14,17,4,13,22,30,0,historian,musician,see,,,camera
item_03835,ambig_aux_035,aux,ambig,attach,The historian saw the musician with the knife.,4,13,22,30,14,17,4,13,22,30,0,historian,musician,see,,,knife
item_03836,ambig_aux_036,aux,ambig,attach,The historian saw the musician with the brush.,4,13,22,30,14,17,4,13,22,30,0,historian,musician,see,,,brush
item_03837,ambig_aux_037,aux,ambig,attach,The historian saw the musician with the rope.,4,13,22,30,14,17,4,13,22,30,0,historian,musician,see,,,rope
item_03838,ambig_aux_038,aux,ambig,attach,The historian saw the musician with the whistle.,4,13,22,30,14,17,4,13,22,30,0,historian,musician,see,,,whistle
item_03839,ambig_aux_039,aux,ambig,attach,The historian saw the musician with the fishing-rod.,4,13,22,30,14,17,4,13,22,30,0,historian,musician,see,,,fishing-rod
item_03840,ambig_aux_040,aux,ambig,attach,The historian saw the singer with the telescope.,4,13,22,28,14,17,4,13,22,28,0,historian,singer,see,,,telescope
item_03841,ambig_aux_041,aux,ambig,attach,The historian saw the singer with the binoculars.,4,13,22,28,14,17,4,13,22,28,0,historian,singer,see,,,binoculars
item_03842,ambig_aux_042,aux,ambig,attach,The historian saw the singer with the ladder.,4,13,22,28,14,17,4,13,22,28,0,historian,singer,see,,,ladder
item_03843,ambig_aux_043,aux,ambig,attach,The historian saw the singer with the hammer.,4,13,22,28,14,17,4,13,22,28,0,historian,singer,see,,,hammer
item_03844,ambig_aux_044,aux,ambig,attach,The historian saw the singer with the camera.,4,13,22,28,14,17,4,13,22,28,0,historian,singer,see,,,camera
item_03845,ambig_aux_045,aux,ambig,attach,The historian saw the singer with the knife.,4,13,22,28,14,17,4,13,22,28,0,historian,singer,see,,,knife
item_03846,ambig_aux_046,aux,ambig,attach,The historian saw the singer with the brush.,4,13,22,28,14,17,4,13,22,28,0,historian,singer,see,,,brush
item_03847,ambig_aux_047,aux,ambig,attach,The historian saw the singer with the rope.,4,13,22,28,14,17,4,13,22,28,0,historian,singer,see,,,rope
item_03848,ambig_aux_048,aux,ambig,attach,The historian saw the singer with the whistle.,4,13,22,28,14,17,4,13,22,28,0,historian,singer,see,,,whistle
item_03849,ambig_aux_049,aux,ambig,attach,The historian saw the singer with the fishing-rod.,4,13,22,28,14,17,4,13,22,28,0,historian,singer,see,,,fishing-rod
item_03850,ambig_aux_050,aux,ambig,attach,The historian saw the passenger with the telescope.,4,13,22,31,14,17,4,13,22,31,0,historian,passenger,see,,,telescope
item_03851,ambig_aux_051,aux,ambig,attach,The historian saw the passenger with the binoculars.,4,13,22,31,14,17,4,13,22,31,0,historian,passenger,see,,,binoculars
item_03852,ambig_aux_052,aux,ambig,attach,The historian saw the passenger with the ladder.,4,13,22,31,14,17,4,13,22,31,0,historian,passenger,see,,,ladder
item_03853,ambig_aux_053,aux,ambig,attach,The historian saw the passenger with the hammer.,4,13,22,31,14,17,4,13,22,31,0,historian,passenger,see,,,hammer
item_03854,ambig_aux_054,aux,ambig,attach,The historian saw the passenger with the camera.,4,13,22,31,14,17,4,13,22,31,0,historian,passenger,see,,,camera
item_03855,ambig_aux_055,aux,ambig,attach,The historian saw the passenger with the knife.,4,13,22,31,14,17,4,13,22,31,0,historian,passenger,see,,,knife
item_03856,ambig_aux_056,aux,ambig,attach,The historian saw the passenger with the brush.,4,13,22,31,14,17,4,13,22,31,0,historian,passenger,see,,,brush
item_03857,ambig_aux_057,aux,ambig,attach,The historian saw the passenger with the rope.,4,13,22,31,14,17,4,13,22,31,0,historian,passenger,see,,,rope
item_03858,ambig_aux_058,aux,ambig,attach,The historian saw the passenger with the whistle.,4,13,22,31,14,17,4,13,22,31,0,historian,passenger,see,,,whistle
item_03859,ambig_aux_059,aux,ambig,attach,The historian saw the passenger with the fishing-rod.,4,13,22,31,14,17,4,13,22,31,0,historian,passenger,see,,,fishing-rod
