cand_id,source,form_guess,lexicon_overlap,text,words_json
c0001,brown,passive,0,Tardily the Government here came to understand how this country's own reputation was tarnished by the association with repression .,"[""Tardily"", ""the"", ""Government"", ""here"", ""came"", ""to"", ""understand"", ""how"", ""this"", ""country's"", ""own"", ""reputation"", ""was"", ""tarnished"", ""by"", ""the"", ""association"", ""with"", ""repression"", "".""]"
c0002,brown,passive,0,Second moments of the spectra were computed by numerical integration .,"[""Second"", ""moments"", ""of"", ""the"", ""spectra"", ""were"", ""computed"", ""by"", ""numerical"", ""integration"", "".""]"
c0003,gutenberg,passive,0,My tears flow; my mind is overshadowed by a cloud of disappointment.,"[""My"", ""tears"", ""flow;"", ""my"", ""mind"", ""is"", ""overshadowed"", ""by"", ""a"", ""cloud"", ""of"", ""disappointment.""]"
c0004,gutenberg,passive,0,“I generally rested during the day and travelled only when I was secured by night from the view of man.,"[""\u201cI"", ""generally"", ""rested"", ""during"", ""the"", ""day"", ""and"", ""travelled"", ""only"", ""when"", ""I"", ""was"", ""secured"", ""by"", ""night"", ""from"", ""the"", ""view"", ""of"", ""man.""]"
c0005,brown,passive,1,Artillery and air strikes were called in to kill them by the hundreds .,"[""Artillery"", ""and"", ""air"", ""strikes"", ""were"", ""called"", ""in"", ""to"", ""kill"", ""them"", ""by"", ""the"", ""hundreds"", "".""]"
c0006,brown,passive,0,"Marcellus , the hero , is beset from all sides by the problems of approaching manhood .","[""Marcellus"", "","", ""the"", ""hero"", "","", ""is"", ""beset"", ""from"", ""all"", ""sides"", ""by"", ""the"", ""problems"", ""of"", ""approaching"", ""manhood"", "".""]"
c0007,brown,passive,0,"In the United States , most of the sensors are calibrated by dropping small spheres on their sensitive surfaces .","[""In"", ""the"", ""United"", ""States"", "","", ""most"", ""of"", ""the"", ""sensors"", ""are"", ""calibrated"", ""by"", ""dropping"", ""small"", ""spheres"", ""on"", ""their"", ""sensitive"", ""surfaces"", "".""]"
c0008,gutenberg,passive,0,The first was invented by Meliner in 1865.,"[""The"", ""first"", ""was"", ""invented"", ""by"", ""Meliner"", ""in"", ""1865.""]"
c0009,gutenberg,passive,0,"“I found,” said he, “that I was considered by Harville an engaged man!","[""\u201cI"", ""found,\u201d"", ""said"", ""he,"", ""\u201cthat"", ""I"", ""was"", ""considered"", ""by"", ""Harville"", ""an"", ""engaged"", ""man!""]"
c0010,brown,passive,0,El Dorado was surrounded by a mob .,"[""El"", ""Dorado"", ""was"", ""surrounded"", ""by"", ""a"", ""mob"", "".""]"
c0011,brown,passive,1,The following discussion of this subject has been adapted from the book Causes Of Catastrophe by L. Don Leet .,"[""The"", ""following"", ""discussion"", ""of"", ""this"", ""subject"", ""has"", ""been"", ""adapted"", ""from"", ""the"", ""book"", ""Causes"", ""Of"", ""Catastrophe"", ""by"", ""L."", ""Don"", ""Leet"", "".""]"
c0012,gutenberg,passive,0,"The subject had long been forgotten by the duke, when an elegant, easy, dissipated marquis actually arrived.","[""The"", ""subject"", ""had"", ""long"", ""been"", ""forgotten"", ""by"", ""the"", ""duke,"", ""when"", ""an"", ""elegant,"", ""easy,"", ""dissipated"", ""marquis"", ""actually"", ""arrived.""]"
c0013,brown,passive,1,"By springtime , he was supported by a rich merchant syndicate under the patronage of Henry , Prince of Wales .","[""By"", ""springtime"", "","", ""he"", ""was"", ""supported"", ""by"", ""a"", ""rich"", ""merchant"", ""syndicate"", ""under"", ""the"", ""patronage"", ""of"", ""Henry"", "","", ""Prince"", ""of"", ""Wales"", "".""]"
c0014,gutenberg,passive,0,"One corner I saw was charred and shattered; perhaps, I thought, by an explosion among the specimens.","[""One"", ""corner"", ""I"", ""saw"", ""was"", ""charred"", ""and"", ""shattered;"", ""perhaps,"", ""I"", ""thought,"", ""by"", ""an"", ""explosion"", ""among"", ""the"", ""specimens.""]"
c0015,gutenberg,passive,0,My walk home was lengthened by a diversion in the direction of the kirk.,"[""My"", ""walk"", ""home"", ""was"", ""lengthened"", ""by"", ""a"", ""diversion"", ""in"", ""the"", ""direction"", ""of"", ""the"", ""kirk.""]"
c0016,gutenberg,passive,0,"Heathcliff was seated by the bedside, with her hands folded on her knees.","[""Heathcliff"", ""was"", ""seated"", ""by"", ""the"", ""bedside,"", ""with"", ""her"", ""hands"", ""folded"", ""on"", ""her"", ""knees.""]"
c0017,gutenberg,passive,0,"When her time was up, the peasant's daughter brought forth a fair son, who was baptized by the name of John.","[""When"", ""her"", ""time"", ""was"", ""up,"", ""the"", ""peasant's"", ""daughter"", ""brought"", ""forth"", ""a"", ""fair"", ""son,"", ""who"", ""was"", ""baptized"", ""by"", ""the"", ""name"", ""of"", ""John.""]"
c0018,gutenberg,passive,0,"The Lascar was known to be a man of the vilest antecedents, but as, by Mrs.","[""The"", ""Lascar"", ""was"", ""known"", ""to"", ""be"", ""a"", ""man"", ""of"", ""the"", ""vilest"", ""antecedents,"", ""but"", ""as,"", ""by"", ""Mrs.""]"
c0019,gutenberg,passive,0,“‘No; but I was educated by a French family and understand that language only.,"[""\u201c\u2018No;"", ""but"", ""I"", ""was"", ""educated"", ""by"", ""a"", ""French"", ""family"", ""and"", ""understand"", ""that"", ""language"", ""only.""]"
c0020,gutenberg,passive,0,The intruding light of the morning was execrated by the nightly gamblers.,"[""The"", ""intruding"", ""light"", ""of"", ""the"", ""morning"", ""was"", ""execrated"", ""by"", ""the"", ""nightly"", ""gamblers.""]"
c0021,brown,passive,0,The amazing thing is that this too is caused by the dearth of teachers .,"[""The"", ""amazing"", ""thing"", ""is"", ""that"", ""this"", ""too"", ""is"", ""caused"", ""by"", ""the"", ""dearth"", ""of"", ""teachers"", "".""]"
c0022,gutenberg,passive,0,"The carriage stopped; and the sleeper being roused, was lifted to the ground by his uncle.","[""The"", ""carriage"", ""stopped;"", ""and"", ""the"", ""sleeper"", ""being"", ""roused,"", ""was"", ""lifted"", ""to"", ""the"", ""ground"", ""by"", ""his"", ""uncle.""]"
c0023,brown,passive,0,Boats were indicated specifically by only one of the five towns known to tax boats .,"[""Boats"", ""were"", ""indicated"", ""specifically"", ""by"", ""only"", ""one"", ""of"", ""the"", ""five"", ""towns"", ""known"", ""to"", ""tax"", ""boats"", "".""]"
c0024,brown,passive,0,Pohl confessed the arson while being questioned about several fires in the Westphalia area by State Police .,"[""Pohl"", ""confessed"", ""the"", ""arson"", ""while"", ""being"", ""questioned"", ""about"", ""several"", ""fires"", ""in"", ""the"", ""Westphalia"", ""area"", ""by"", ""State"", ""Police"", "".""]"
c0025,gutenberg,passive,0,"The original flexible iron pen of modern times was an experimental affair probably, being mentioned by Chamberlayne as far back as 1685.","[""The"", ""original"", ""flexible"", ""iron"", ""pen"", ""of"", ""modern"", ""times"", ""was"", ""an"", ""experimental"", ""affair"", ""probably,"", ""being"", ""mentioned"", ""by"", ""Chamberlayne"", ""as"", ""far"", ""back"", ""as"", ""1685.""]"
c0026,brown,passive,0,Inflow of air from the surrounding atmosphere was prevented by the two disks shown in figure 2 .,"[""Inflow"", ""of"", ""air"", ""from"", ""the"", ""surrounding"", ""atmosphere"", ""was"", ""prevented"", ""by"", ""the"", ""two"", ""disks"", ""shown"", ""in"", ""figure"", ""2"", "".""]"
c0027,gutenberg,passive,0,The small portion of them which escaped destruction were recovered and preserved by his successors.,"[""The"", ""small"", ""portion"", ""of"", ""them"", ""which"", ""escaped"", ""destruction"", ""were"", ""recovered"", ""and"", ""preserved"", ""by"", ""his"", ""successors.""]"
c0028,brown,passive,0,The origin of this sayin' was credited to a saloonkeeper by the name of Luke Murrin .,"[""The"", ""origin"", ""of"", ""this"", ""sayin'"", ""was"", ""credited"", ""to"", ""a"", ""saloonkeeper"", ""by"", ""the"", ""name"", ""of"", ""Luke"", ""Murrin"", "".""]"
c0029,gutenberg,passive,0,"“While I was musing upon these things, my attention was attracted by a pretty little structure, like a well under a cupola.","[""\u201cWhile"", ""I"", ""was"", ""musing"", ""upon"", ""these"", ""things,"", ""my"", ""attention"", ""was"", ""attracted"", ""by"", ""a"", ""pretty"", ""little"", ""structure,"", ""like"", ""a"", ""well"", ""under"", ""a"", ""cupola.""]"
c0030,brown,passive,0,Week-end activities for the entire campus are planned by the Co-op Board .,"[""Week-end"", ""activities"", ""for"", ""the"", ""entire"", ""campus"", ""are"", ""planned"", ""by"", ""the"", ""Co-op"", ""Board"", "".""]"
c0031,brown,passive,0,Moritz came to Texas in 1954 but his freshman football efforts were hampered by a knee injury .,"[""Moritz"", ""came"", ""to"", ""Texas"", ""in"", ""1954"", ""but"", ""his"", ""freshman"", ""football"", ""efforts"", ""were"", ""hampered"", ""by"", ""a"", ""knee"", ""injury"", "".""]"
c0032,brown,passive,0,The dark pigments of the early work were superseded by a brighter palette .,"[""The"", ""dark"", ""pigments"", ""of"", ""the"", ""early"", ""work"", ""were"", ""superseded"", ""by"", ""a"", ""brighter"", ""palette"", "".""]"
c0033,brown,passive,0,The myocardium of the posterior base of the left ventricle was replaced by gray scar tissue over a 7.5 cm. area .,"[""The"", ""myocardium"", ""of"", ""the"", ""posterior"", ""base"", ""of"", ""the"", ""left"", ""ventricle"", ""was"", ""replaced"", ""by"", ""gray"", ""scar"", ""tissue"", ""over"", ""a"", ""7.5"", ""cm."", ""area"", "".""]"
c0034,brown,passive,0,"Others , which are reached by walking up a single flight of stairs , have balconies .","[""Others"", "","", ""which"", ""are"", ""reached"", ""by"", ""walking"", ""up"", ""a"", ""single"", ""flight"", ""of"", ""stairs"", "","", ""have"", ""balconies"", "".""]"
c0035,brown,passive,1,"The plan was supported by Frederick P. Fish , counsel for the National Automobile Chamber of Commerce .","[""The"", ""plan"", ""was"", ""supported"", ""by"", ""Frederick"", ""P."", ""Fish"", "","", ""counsel"", ""for"", ""the"", ""National"", ""Automobile"", ""Chamber"", ""of"", ""Commerce"", "".""]"
c0036,gutenberg,passive,0,"When first severed, the head is dropped astern and held there by a cable till the body is stripped.","[""When"", ""first"", ""severed,"", ""the"", ""head"", ""is"", ""dropped"", ""astern"", ""and"", ""held"", ""there"", ""by"", ""a"", ""cable"", ""till"", ""the"", ""body"", ""is"", ""stripped.""]"
c0037,brown,passive,0,People think the dress in the picture was lengthened by an artist much later on .,"[""People"", ""think"", ""the"", ""dress"", ""in"", ""the"", ""picture"", ""was"", ""lengthened"", ""by"", ""an"", ""artist"", ""much"", ""later"", ""on"", "".""]"
c0038,gutenberg,passive,0,"Lady Catherine was reckoned proud by many people, he knew, but he had never seen anything but affability in her.","[""Lady"", ""Catherine"", ""was"", ""reckoned"", ""proud"", ""by"", ""many"", ""people,"", ""he"", ""knew,"", ""but"", ""he"", ""had"", ""never"", ""seen"", ""anything"", ""but"", ""affability"", ""in"", ""her.""]"
c0039,brown,passive,0,"Van Brocklin , the quarterback who led the Eagles to the title , was signed by the Vikings last Wednesday .","[""Van"", ""Brocklin"", "","", ""the"", ""quarterback"", ""who"", ""led"", ""the"", ""Eagles"", ""to"", ""the"", ""title"", "","", ""was"", ""signed"", ""by"", ""the"", ""Vikings"", ""last"", ""Wednesday"", "".""]"
c0040,brown,passive,0,Interest has been shown for a number of years by local assessors in the possibility of taxing boats .,"[""Interest"", ""has"", ""been"", ""shown"", ""for"", ""a"", ""number"", ""of"", ""years"", ""by"", ""local"", ""assessors"", ""in"", ""the"", ""possibility"", ""of"", ""taxing"", ""boats"", "".""]"
c0041,brown,passive,0,The Association is governed by a board made up of representatives from each of the four classes .,"[""The"", ""Association"", ""is"", ""governed"", ""by"", ""a"", ""board"", ""made"", ""up"", ""of"", ""representatives"", ""from"", ""each"", ""of"", ""the"", ""four"", ""classes"", "".""]"
c0042,brown,passive,0,The chimney of the hut across from him was surmounted by a beef barrel with ends knocked out .,"[""The"", ""chimney"", ""of"", ""the"", ""hut"", ""across"", ""from"", ""him"", ""was"", ""surmounted"", ""by"", ""a"", ""beef"", ""barrel"", ""with"", ""ends"", ""knocked"", ""out"", "".""]"
c0043,brown,passive,0,Berger's decision to sue for the full amount of the performance bond was questioned by Wagner in the morning press conference .,"[""Berger's"", ""decision"", ""to"", ""sue"", ""for"", ""the"", ""full"", ""amount"", ""of"", ""the"", ""performance"", ""bond"", ""was"", ""questioned"", ""by"", ""Wagner"", ""in"", ""the"", ""morning"", ""press"", ""conference"", "".""]"
c0044,gutenberg,passive,0,The latent uneasiness in Darnay’s mind was roused to vigourous life by this letter.,"[""The"", ""latent"", ""uneasiness"", ""in"", ""Darnay\u2019s"", ""mind"", ""was"", ""roused"", ""to"", ""vigourous"", ""life"", ""by"", ""this"", ""letter.""]"
c0045,brown,passive,0,Even Hague was repelled by the machinelike deadliness that was Kodyke .,"[""Even"", ""Hague"", ""was"", ""repelled"", ""by"", ""the"", ""machinelike"", ""deadliness"", ""that"", ""was"", ""Kodyke"", "".""]"
c0046,gutenberg,passive,0,"""It was brought about, I believe, by the wanderings of nations,"" said the man in black.","[""\""It"", ""was"", ""brought"", ""about,"", ""I"", ""believe,"", ""by"", ""the"", ""wanderings"", ""of"", ""nations,\"""", ""said"", ""the"", ""man"", ""in"", ""black.""]"
c0047,brown,passive,1,One day he was visited by a delegation of would-be imitators who wanted to know his secret .,"[""One"", ""day"", ""he"", ""was"", ""visited"", ""by"", ""a"", ""delegation"", ""of"", ""would-be"", ""imitators"", ""who"", ""wanted"", ""to"", ""know"", ""his"", ""secret"", "".""]"
c0048,brown,passive,0,The separate layers are joined together by hydrogen bonds .,"[""The"", ""separate"", ""layers"", ""are"", ""joined"", ""together"", ""by"", ""hydrogen"", ""bonds"", "".""]"
c0049,brown,passive,0,"Their onrush and retreat , he reported , was accompanied by a great hissing , roaring and rattling .","[""Their"", ""onrush"", ""and"", ""retreat"", "","", ""he"", ""reported"", "","", ""was"", ""accompanied"", ""by"", ""a"", ""great"", ""hissing"", "","", ""roaring"", ""and"", ""rattling"", "".""]"
c0050,brown,passive,0,Don't you see the amount of money that has been invested by whites around that church ? ?,"[""Don't"", ""you"", ""see"", ""the"", ""amount"", ""of"", ""money"", ""that"", ""has"", ""been"", ""invested"", ""by"", ""whites"", ""around"", ""that"", ""church"", ""?"", ""?""]"
c0051,brown,passive,0,Its temperature was denoted by Af .,"[""Its"", ""temperature"", ""was"", ""denoted"", ""by"", ""Af"", "".""]"
c0052,gutenberg,passive,0,Look now at the wondrous traditional story of how this island was settled by the red-men.,"[""Look"", ""now"", ""at"", ""the"", ""wondrous"", ""traditional"", ""story"", ""of"", ""how"", ""this"", ""island"", ""was"", ""settled"", ""by"", ""the"", ""red-men.""]"
c0053,brown,passive,0,A third explanation is suggested by Richardson's analysis of Sukuma tone .,"[""A"", ""third"", ""explanation"", ""is"", ""suggested"", ""by"", ""Richardson's"", ""analysis"", ""of"", ""Sukuma"", ""tone"", "".""]"
c0054,brown,passive,0,Many hours are given free by the Jaycees to make this and all local pageants outstanding events .,"[""Many"", ""hours"", ""are"", ""given"", ""free"", ""by"", ""the"", ""Jaycees"", ""to"", ""make"", ""this"", ""and"", ""all"", ""local"", ""pageants"", ""outstanding"", ""events"", "".""]"
c0055,gutenberg,passive,0,His plans were facilitated by the news which arrived from Paris.,"[""His"", ""plans"", ""were"", ""facilitated"", ""by"", ""the"", ""news"", ""which"", ""arrived"", ""from"", ""Paris.""]"
c0056,brown,passive,0,"The value of products from these industries was 15.8 billion dollars , of which about one-third was created by manufacturing processes .","[""The"", ""value"", ""of"", ""products"", ""from"", ""these"", ""industries"", ""was"", ""15.8"", ""billion"", ""dollars"", "","", ""of"", ""which"", ""about"", ""one-third"", ""was"", ""created"", ""by"", ""manufacturing"", ""processes"", "".""]"
c0057,brown,passive,0,The outside 4-inch space is filled by mortaring blocks on edge .,"[""The"", ""outside"", ""4-inch"", ""space"", ""is"", ""filled"", ""by"", ""mortaring"", ""blocks"", ""on"", ""edge"", "".""]"
c0058,brown,passive,1,A mild electrical shock served as a conditioned stimulus and was followed by feeding .,"[""A"", ""mild"", ""electrical"", ""shock"", ""served"", ""as"", ""a"", ""conditioned"", ""stimulus"", ""and"", ""was"", ""followed"", ""by"", ""feeding"", "".""]"
c0059,gutenberg,passive,0,"His claim, however, was resisted by Zapolya John, a Hungarian magnate, who caused himself to be elected king.","[""His"", ""claim,"", ""however,"", ""was"", ""resisted"", ""by"", ""Zapolya"", ""John,"", ""a"", ""Hungarian"", ""magnate,"", ""who"", ""caused"", ""himself"", ""to"", ""be"", ""elected"", ""king.""]"
c0060,brown,passive,0,Belt tension is adjusted by manipulation of two locking bolts and a movable motor mount .,"[""Belt"", ""tension"", ""is"", ""adjusted"", ""by"", ""manipulation"", ""of"", ""two"", ""locking"", ""bolts"", ""and"", ""a"", ""movable"", ""motor"", ""mount"", "".""]"
c0061,brown,passive,0,The other group of antithyroid agents or drugs is typified by thiouracil .,"[""The"", ""other"", ""group"", ""of"", ""antithyroid"", ""agents"", ""or"", ""drugs"", ""is"", ""typified"", ""by"", ""thiouracil"", "".""]"
c0062,gutenberg,passive,1,"Visiting-cards, too, were improvised, by writing the name on the back of playing-cards.","[""Visiting-cards,"", ""too,"", ""were"", ""improvised,"", ""by"", ""writing"", ""the"", ""name"", ""on"", ""the"", ""back"", ""of"", ""playing-cards.""]"
c0063,brown,passive,0,Her first day at work she was puzzled by an entry in the doctor's notes on an emergency case .,"[""Her"", ""first"", ""day"", ""at"", ""work"", ""she"", ""was"", ""puzzled"", ""by"", ""an"", ""entry"", ""in"", ""the"", ""doctor's"", ""notes"", ""on"", ""an"", ""emergency"", ""case"", "".""]"
c0064,brown,passive,0,Practices are held regularly and the schedule of games is prepared by the student coach and the officers of the club .,"[""Practices"", ""are"", ""held"", ""regularly"", ""and"", ""the"", ""schedule"", ""of"", ""games"", ""is"", ""prepared"", ""by"", ""the"", ""student"", ""coach"", ""and"", ""the"", ""officers"", ""of"", ""the"", ""club"", "".""]"
c0065,brown,passive,0,Hands-off the economy was replaced by conscious guidance through planning -- the economic side of the constitutional revolution .,"[""Hands-off"", ""the"", ""economy"", ""was"", ""replaced"", ""by"", ""conscious"", ""guidance"", ""through"", ""planning"", ""--"", ""the"", ""economic"", ""side"", ""of"", ""the"", ""constitutional"", ""revolution"", "".""]"
c0066,gutenberg,passive,0,Our little voyages of discovery were often prolonged by the successive objects that presented themselves.,"[""Our"", ""little"", ""voyages"", ""of"", ""discovery"", ""were"", ""often"", ""prolonged"", ""by"", ""the"", ""successive"", ""objects"", ""that"", ""presented"", ""themselves.""]"
c0067,brown,passive,0,A politician was approached by a man seeking the office of a minor public official who had just died .,"[""A"", ""politician"", ""was"", ""approached"", ""by"", ""a"", ""man"", ""seeking"", ""the"", ""office"", ""of"", ""a"", ""minor"", ""public"", ""official"", ""who"", ""had"", ""just"", ""died"", "".""]"
c0068,gutenberg,passive,0,In it the black particles are suspended in water by the addition of gum.,"[""In"", ""it"", ""the"", ""black"", ""particles"", ""are"", ""suspended"", ""in"", ""water"", ""by"", ""the"", ""addition"", ""of"", ""gum.""]"
c0069,gutenberg,passive,0,As a child I had not been content with the results promised by the modern professors of natural science.,"[""As"", ""a"", ""child"", ""I"", ""had"", ""not"", ""been"", ""content"", ""with"", ""the"", ""results"", ""promised"", ""by"", ""the"", ""modern"", ""professors"", ""of"", ""natural"", ""science.""]"
c0070,gutenberg,passive,0,Miss Bingley was engrossed by Mr.,"[""Miss"", ""Bingley"", ""was"", ""engrossed"", ""by"", ""Mr.""]"
c0071,gutenberg,passive,0,Immediately he was recognised by Ahab for a Nantucketer he knew.,"[""Immediately"", ""he"", ""was"", ""recognised"", ""by"", ""Ahab"", ""for"", ""a"", ""Nantucketer"", ""he"", ""knew.""]"
c0072,gutenberg,passive,0,"Cards being drawn from a pack, to get them guessed by a person blindfolded.","[""Cards"", ""being"", ""drawn"", ""from"", ""a"", ""pack,"", ""to"", ""get"", ""them"", ""guessed"", ""by"", ""a"", ""person"", ""blindfolded.""]"
c0073,brown,passive,0,The Senator was shocked by stoppages over allegedly trivial disputes that delayed our missile program .,"[""The"", ""Senator"", ""was"", ""shocked"", ""by"", ""stoppages"", ""over"", ""allegedly"", ""trivial"", ""disputes"", ""that"", ""delayed"", ""our"", ""missile"", ""program"", "".""]"
c0074,brown,passive,0,"The sharp ray was absorbed by a cloud , then reflected to the earth in a softer , diffused radiance .","[""The"", ""sharp"", ""ray"", ""was"", ""absorbed"", ""by"", ""a"", ""cloud"", "","", ""then"", ""reflected"", ""to"", ""the"", ""earth"", ""in"", ""a"", ""softer"", "","", ""diffused"", ""radiance"", "".""]"
c0075,brown,passive,0,The Wechsler Intelligence Scale For Children was administered to each sample third-grade child by a clinical worker .,"[""The"", ""Wechsler"", ""Intelligence"", ""Scale"", ""For"", ""Children"", ""was"", ""administered"", ""to"", ""each"", ""sample"", ""third-grade"", ""child"", ""by"", ""a"", ""clinical"", ""worker"", "".""]"
c0076,gutenberg,passive,0,Emma was extremely gratified.—They were interrupted by the bustle of Mr.,"[""Emma"", ""was"", ""extremely"", ""gratified.\u2014They"", ""were"", ""interrupted"", ""by"", ""the"", ""bustle"", ""of"", ""Mr.""]"
c0077,brown,passive,0,"By 1910 the courts were crowded with cases , many of them brought by freebooters who trafficked in disputed inventions .","[""By"", ""1910"", ""the"", ""courts"", ""were"", ""crowded"", ""with"", ""cases"", "","", ""many"", ""of"", ""them"", ""brought"", ""by"", ""freebooters"", ""who"", ""trafficked"", ""in"", ""disputed"", ""inventions"", "".""]"
c0078,gutenberg,passive,0,"Whilst he was speaking we were startled by a knock at the hall door, the double postman’s knock of the telegraph boy.","[""Whilst"", ""he"", ""was"", ""speaking"", ""we"", ""were"", ""startled"", ""by"", ""a"", ""knock"", ""at"", ""the"", ""hall"", ""door,"", ""the"", ""double"", ""postman\u2019s"", ""knock"", ""of"", ""the"", ""telegraph"", ""boy.""]"
c0079,brown,passive,0,The intima of the larger coronary arteries was thickened by fibrous tissue containing fusiform clefts and mononuclear cells .,"[""The"", ""intima"", ""of"", ""the"", ""larger"", ""coronary"", ""arteries"", ""was"", ""thickened"", ""by"", ""fibrous"", ""tissue"", ""containing"", ""fusiform"", ""clefts"", ""and"", ""mononuclear"", ""cells"", "".""]"
c0080,brown,passive,0,"In Figure 2 , the points in the network are designated by a letter accompanied by a number .","[""In"", ""Figure"", ""2"", "","", ""the"", ""points"", ""in"", ""the"", ""network"", ""are"", ""designated"", ""by"", ""a"", ""letter"", ""accompanied"", ""by"", ""a"", ""number"", "".""]"
c0081,gutenberg,passive,0,"As my sickness quitted me, I was absorbed by a gloomy and black melancholy that nothing could dissipate.","[""As"", ""my"", ""sickness"", ""quitted"", ""me,"", ""I"", ""was"", ""absorbed"", ""by"", ""a"", ""gloomy"", ""and"", ""black"", ""melancholy"", ""that"", ""nothing"", ""could"", ""dissipate.""]"
c0082,brown,passive,1,"The activities of fractions of sera containing Rh antibodies were tested by the saline , albumin and indirect Coombs techniques .","[""The"", ""activities"", ""of"", ""fractions"", ""of"", ""sera"", ""containing"", ""Rh"", ""antibodies"", ""were"", ""tested"", ""by"", ""the"", ""saline"", "","", ""albumin"", ""and"", ""indirect"", ""Coombs"", ""techniques"", "".""]"
c0083,brown,passive,0,"In Greek tragedy as in Shakespeare , mortal actions are encompassed by forces which transcend man .","[""In"", ""Greek"", ""tragedy"", ""as"", ""in"", ""Shakespeare"", "","", ""mortal"", ""actions"", ""are"", ""encompassed"", ""by"", ""forces"", ""which"", ""transcend"", ""man"", "".""]"
c0084,gutenberg,passive,1,Collins was called from his amiable Charlotte by the arrival of Saturday.,"[""Collins"", ""was"", ""called"", ""from"", ""his"", ""amiable"", ""Charlotte"", ""by"", ""the"", ""arrival"", ""of"", ""Saturday.""]"
c0085,brown,passive,0,My friends and I come from a ship which was destroyed by fire .,"[""My"", ""friends"", ""and"", ""I"", ""come"", ""from"", ""a"", ""ship"", ""which"", ""was"", ""destroyed"", ""by"", ""fire"", "".""]"
c0086,gutenberg,passive,0,The decree is issued by somebody.,"[""The"", ""decree"", ""is"", ""issued"", ""by"", ""somebody.""]"
c0087,brown,passive,0,The voltage Af is amplified by Af and applied to the gyro torquer with scale factor Af .,"[""The"", ""voltage"", ""Af"", ""is"", ""amplified"", ""by"", ""Af"", ""and"", ""applied"", ""to"", ""the"", ""gyro"", ""torquer"", ""with"", ""scale"", ""factor"", ""Af"", "".""]"
c0088,brown,passive,0,And the direction of that movement is determined by his perception of the truth about himself .,"[""And"", ""the"", ""direction"", ""of"", ""that"", ""movement"", ""is"", ""determined"", ""by"", ""his"", ""perception"", ""of"", ""the"", ""truth"", ""about"", ""himself"", "".""]"
c0089,brown,passive,0,Central was rebuffed by the other two railroads in previous attempts to make it a three-way merger .,"[""Central"", ""was"", ""rebuffed"", ""by"", ""the"", ""other"", ""two"", ""railroads"", ""in"", ""previous"", ""attempts"", ""to"", ""make"", ""it"", ""a"", ""three-way"", ""merger"", "".""]"
c0090,gutenberg,passive,0,"The chimney is wide, but is barred up by four large staples.","[""The"", ""chimney"", ""is"", ""wide,"", ""but"", ""is"", ""barred"", ""up"", ""by"", ""four"", ""large"", ""staples.""]"
c0091,brown,passive,1,Several of the movements were given a marked impetus by revivalism .,"[""Several"", ""of"", ""the"", ""movements"", ""were"", ""given"", ""a"", ""marked"", ""impetus"", ""by"", ""revivalism"", "".""]"
c0092,brown,passive,0,"When her right hand was incapacitated by the rheumatism , Sadie learned to write with her left hand .","[""When"", ""her"", ""right"", ""hand"", ""was"", ""incapacitated"", ""by"", ""the"", ""rheumatism"", "","", ""Sadie"", ""learned"", ""to"", ""write"", ""with"", ""her"", ""left"", ""hand"", "".""]"
c0093,gutenberg,passive,0,"The Samaritan Pentateuch is very ancient, as is proved by the criticisms of Talmudic writers.","[""The"", ""Samaritan"", ""Pentateuch"", ""is"", ""very"", ""ancient,"", ""as"", ""is"", ""proved"", ""by"", ""the"", ""criticisms"", ""of"", ""Talmudic"", ""writers.""]"
c0094,gutenberg,passive,0,Cicero's De Republica was discovered by Angelo Mai in the Vatican library written under a commentary of St.,"[""Cicero's"", ""De"", ""Republica"", ""was"", ""discovered"", ""by"", ""Angelo"", ""Mai"", ""in"", ""the"", ""Vatican"", ""library"", ""written"", ""under"", ""a"", ""commentary"", ""of"", ""St.""]"
c0095,gutenberg,passive,0,"Unless I had been animated by an almost supernatural enthusiasm, my application to this study would have been irksome and almost intolerable.","[""Unless"", ""I"", ""had"", ""been"", ""animated"", ""by"", ""an"", ""almost"", ""supernatural"", ""enthusiasm,"", ""my"", ""application"", ""to"", ""this"", ""study"", ""would"", ""have"", ""been"", ""irksome"", ""and"", ""almost"", ""intolerable.""]"
c0096,brown,passive,0,The building was dwarfed by the scene outside .,"[""The"", ""building"", ""was"", ""dwarfed"", ""by"", ""the"", ""scene"", ""outside"", "".""]"
c0097,gutenberg,passive,0,"Gardiner were engaged with their children, was now put an end to by the approach of the whole party.","[""Gardiner"", ""were"", ""engaged"", ""with"", ""their"", ""children,"", ""was"", ""now"", ""put"", ""an"", ""end"", ""to"", ""by"", ""the"", ""approach"", ""of"", ""the"", ""whole"", ""party.""]"
c0098,gutenberg,passive,0,"Which of the two sisters was preferred by Captain Wentworth was as yet quite doubtful, as far as Anne’s observation reached.","[""Which"", ""of"", ""the"", ""two"", ""sisters"", ""was"", ""preferred"", ""by"", ""Captain"", ""Wentworth"", ""was"", ""as"", ""yet"", ""quite"", ""doubtful,"", ""as"", ""far"", ""as"", ""Anne\u2019s"", ""observation"", ""reached.""]"
c0099,brown,passive,0,Soviet Russia has been invaded twice by German troops in a generation .,"[""Soviet"", ""Russia"", ""has"", ""been"", ""invaded"", ""twice"", ""by"", ""German"", ""troops"", ""in"", ""a"", ""generation"", "".""]"
c0100,gutenberg,passive,0,Our seat is right by the window and we can look down to the Lake of Shining Waters.,"[""Our"", ""seat"", ""is"", ""right"", ""by"", ""the"", ""window"", ""and"", ""we"", ""can"", ""look"", ""down"", ""to"", ""the"", ""Lake"", ""of"", ""Shining"", ""Waters.""]"
c0101,brown,passive,0,All the additives listed here are sanctioned for use by the Food and Drug Administration of the federal government .,"[""All"", ""the"", ""additives"", ""listed"", ""here"", ""are"", ""sanctioned"", ""for"", ""use"", ""by"", ""the"", ""Food"", ""and"", ""Drug"", ""Administration"", ""of"", ""the"", ""federal"", ""government"", "".""]"
c0102,gutenberg,passive,0,The mighty cocked hat was replaced by a modest round one.,"[""The"", ""mighty"", ""cocked"", ""hat"", ""was"", ""replaced"", ""by"", ""a"", ""modest"", ""round"", ""one.""]"
c0103,brown,passive,0,Soil redeposition is evaluated by washing clean swatches with the dirty ones .,"[""Soil"", ""redeposition"", ""is"", ""evaluated"", ""by"", ""washing"", ""clean"", ""swatches"", ""with"", ""the"", ""dirty"", ""ones"", "".""]"
c0104,brown,passive,0,"If the above issue is settled by requiring public education for all citizens , Issue No. 6 may be moot .","[""If"", ""the"", ""above"", ""issue"", ""is"", ""settled"", ""by"", ""requiring"", ""public"", ""education"", ""for"", ""all"", ""citizens"", "","", ""Issue"", ""No."", ""6"", ""may"", ""be"", ""moot"", "".""]"
c0105,gutenberg,passive,0,"A Flasher,--to swear how often the bank had been stripped by lucky players.","[""A"", ""Flasher,--to"", ""swear"", ""how"", ""often"", ""the"", ""bank"", ""had"", ""been"", ""stripped"", ""by"", ""lucky"", ""players.""]"
c0106,brown,passive,0,The country is committed to the doctrine of security by military means .,"[""The"", ""country"", ""is"", ""committed"", ""to"", ""the"", ""doctrine"", ""of"", ""security"", ""by"", ""military"", ""means"", "".""]"
c0107,gutenberg,passive,0,Sherlock Holmes were beaten by a woman’s wit.,"[""Sherlock"", ""Holmes"", ""were"", ""beaten"", ""by"", ""a"", ""woman\u2019s"", ""wit.""]"
c0108,gutenberg,passive,0,"“What can I do for you?” she inquired softly, for she was moved by the sad voice in which the man spoke.","[""\u201cWhat"", ""can"", ""I"", ""do"", ""for"", ""you?\u201d"", ""she"", ""inquired"", ""softly,"", ""for"", ""she"", ""was"", ""moved"", ""by"", ""the"", ""sad"", ""voice"", ""in"", ""which"", ""the"", ""man"", ""spoke.""]"
c0109,brown,passive,0,"The latter tried to arbitrate through a delegation from Providence , which offer was declined by the invaders .","[""The"", ""latter"", ""tried"", ""to"", ""arbitrate"", ""through"", ""a"", ""delegation"", ""from"", ""Providence"", "","", ""which"", ""offer"", ""was"", ""declined"", ""by"", ""the"", ""invaders"", "".""]"
c0110,brown,passive,0,"With these factors included , an upper limit is placed on the allowable loop gain by stability considerations .","[""With"", ""these"", ""factors"", ""included"", "","", ""an"", ""upper"", ""limit"", ""is"", ""placed"", ""on"", ""the"", ""allowable"", ""loop"", ""gain"", ""by"", ""stability"", ""considerations"", "".""]"
c0111,brown,passive,0,Today it is occupied by the French Embassy .,"[""Today"", ""it"", ""is"", ""occupied"", ""by"", ""the"", ""French"", ""Embassy"", "".""]"
c0112,gutenberg,passive,0,"“The garden in which stands my humble abode is separated only by a lane from Rosings Park, her Ladyship’s residence.”","[""\u201cThe"", ""garden"", ""in"", ""which"", ""stands"", ""my"", ""humble"", ""abode"", ""is"", ""separated"", ""only"", ""by"", ""a"", ""lane"", ""from"", ""Rosings"", ""Park,"", ""her"", ""Ladyship\u2019s"", ""residence.\u201d""]"
c0113,gutenberg,passive,0,"The curtains of his bed were drawn aside, I tell you, by a hand.","[""The"", ""curtains"", ""of"", ""his"", ""bed"", ""were"", ""drawn"", ""aside,"", ""I"", ""tell"", ""you,"", ""by"", ""a"", ""hand.""]"
c0114,gutenberg,passive,0,Many people are improved by wearing it short and perhaps I should be among the number.,"[""Many"", ""people"", ""are"", ""improved"", ""by"", ""wearing"", ""it"", ""short"", ""and"", ""perhaps"", ""I"", ""should"", ""be"", ""among"", ""the"", ""number.""]"
c0115,brown,passive,0,"Instead of being depressed by this news , Mr. Crombie was actually relieved .","[""Instead"", ""of"", ""being"", ""depressed"", ""by"", ""this"", ""news"", "","", ""Mr."", ""Crombie"", ""was"", ""actually"", ""relieved"", "".""]"
c0116,gutenberg,passive,1,"Here they were interrupted by Lady Catherine, who called out to know what they were talking of.","[""Here"", ""they"", ""were"", ""interrupted"", ""by"", ""Lady"", ""Catherine,"", ""who"", ""called"", ""out"", ""to"", ""know"", ""what"", ""they"", ""were"", ""talking"", ""of.""]"
c0117,brown,passive,0,"Religion and the churches were institutions which had been created by man , not God .","[""Religion"", ""and"", ""the"", ""churches"", ""were"", ""institutions"", ""which"", ""had"", ""been"", ""created"", ""by"", ""man"", "","", ""not"", ""God"", "".""]"
c0118,gutenberg,passive,0,"The night was so very sultry, that although they sat with doors and windows open, they were overpowered by heat.","[""The"", ""night"", ""was"", ""so"", ""very"", ""sultry,"", ""that"", ""although"", ""they"", ""sat"", ""with"", ""doors"", ""and"", ""windows"", ""open,"", ""they"", ""were"", ""overpowered"", ""by"", ""heat.""]"
c0119,gutenberg,passive,0,"The Syren in this famous voyage was commanded by a Captain Coffin, a Nantucketer.","[""The"", ""Syren"", ""in"", ""this"", ""famous"", ""voyage"", ""was"", ""commanded"", ""by"", ""a"", ""Captain"", ""Coffin,"", ""a"", ""Nantucketer.""]"
c0120,gutenberg,passive,0,"One of the kind was fashioned by inscribing directly with a ""stylus"" on the clay, before baking.","[""One"", ""of"", ""the"", ""kind"", ""was"", ""fashioned"", ""by"", ""inscribing"", ""directly"", ""with"", ""a"", ""\""stylus\"""", ""on"", ""the"", ""clay,"", ""before"", ""baking.""]"
c0121,brown,passive,0,The new birth is Christ living in you by faith .,"[""The"", ""new"", ""birth"", ""is"", ""Christ"", ""living"", ""in"", ""you"", ""by"", ""faith"", "".""]"
c0122,brown,passive,0,The first of two possible variations on this theme is symbolized by Mickey Spillane's Mike Hammer .,"[""The"", ""first"", ""of"", ""two"", ""possible"", ""variations"", ""on"", ""this"", ""theme"", ""is"", ""symbolized"", ""by"", ""Mickey"", ""Spillane's"", ""Mike"", ""Hammer"", "".""]"
c0123,gutenberg,passive,0,The milk is very sweet and rich; it has been tasted by man; it might do well with strawberries.,"[""The"", ""milk"", ""is"", ""very"", ""sweet"", ""and"", ""rich;"", ""it"", ""has"", ""been"", ""tasted"", ""by"", ""man;"", ""it"", ""might"", ""do"", ""well"", ""with"", ""strawberries.""]"
c0124,gutenberg,passive,1,The return of sunshine was welcomed by answering sunshine from him.,"[""The"", ""return"", ""of"", ""sunshine"", ""was"", ""welcomed"", ""by"", ""answering"", ""sunshine"", ""from"", ""him.""]"
c0125,gutenberg,passive,0,Through my father’s exertions a part of the inheritance of Elizabeth had been restored to her by the Austrian government.,"[""Through"", ""my"", ""father\u2019s"", ""exertions"", ""a"", ""part"", ""of"", ""the"", ""inheritance"", ""of"", ""Elizabeth"", ""had"", ""been"", ""restored"", ""to"", ""her"", ""by"", ""the"", ""Austrian"", ""government.""]"
c0126,gutenberg,passive,0,"The duration of each lesson was measured by the clock, which at last struck twelve.","[""The"", ""duration"", ""of"", ""each"", ""lesson"", ""was"", ""measured"", ""by"", ""the"", ""clock,"", ""which"", ""at"", ""last"", ""struck"", ""twelve.""]"
c0127,brown,passive,0,Flushing stadium in works The New York franchise is headed by Mrs. Charles Shipman Payson .,"[""Flushing"", ""stadium"", ""in"", ""works"", ""The"", ""New"", ""York"", ""franchise"", ""is"", ""headed"", ""by"", ""Mrs."", ""Charles"", ""Shipman"", ""Payson"", "".""]"
c0128,gutenberg,passive,0,"Barsad has been recognised by Miss Pross as the affectionate brother you have heard of,” said Sydney, “and has acknowledged the relationship.","[""Barsad"", ""has"", ""been"", ""recognised"", ""by"", ""Miss"", ""Pross"", ""as"", ""the"", ""affectionate"", ""brother"", ""you"", ""have"", ""heard"", ""of,\u201d"", ""said"", ""Sydney,"", ""\u201cand"", ""has"", ""acknowledged"", ""the"", ""relationship.""]"
c0129,gutenberg,passive,0,"Come, let me see the list of the pitiful fellows who have been kept aloof by Lydia’s folly.”","[""Come,"", ""let"", ""me"", ""see"", ""the"", ""list"", ""of"", ""the"", ""pitiful"", ""fellows"", ""who"", ""have"", ""been"", ""kept"", ""aloof"", ""by"", ""Lydia\u2019s"", ""folly.\u201d""]"
c0130,brown,passive,0,But Stravinsky was swayed by the attitudes of whatever culture he was reflecting .,"[""But"", ""Stravinsky"", ""was"", ""swayed"", ""by"", ""the"", ""attitudes"", ""of"", ""whatever"", ""culture"", ""he"", ""was"", ""reflecting"", "".""]"
c0131,brown,passive,0,The great column from which the square takes its name was erected by the Emperor Marcus Aurelius .,"[""The"", ""great"", ""column"", ""from"", ""which"", ""the"", ""square"", ""takes"", ""its"", ""name"", ""was"", ""erected"", ""by"", ""the"", ""Emperor"", ""Marcus"", ""Aurelius"", "".""]"
c0132,brown,passive,0,"To the extent that he was ostracized or even reviled , we solace ourselves by saying he asked for it .","[""To"", ""the"", ""extent"", ""that"", ""he"", ""was"", ""ostracized"", ""or"", ""even"", ""reviled"", "","", ""we"", ""solace"", ""ourselves"", ""by"", ""saying"", ""he"", ""asked"", ""for"", ""it"", "".""]"
c0133,brown,passive,0,The Soccer Club was organized by undergraduate men interested in playing soccer and promoting the sport .,"[""The"", ""Soccer"", ""Club"", ""was"", ""organized"", ""by"", ""undergraduate"", ""men"", ""interested"", ""in"", ""playing"", ""soccer"", ""and"", ""promoting"", ""the"", ""sport"", "".""]"
c0134,brown,passive,0,"The sheets are extruded of Tenite butyrate by Jet Specialties Co. , Los Angeles , Calif. .","[""The"", ""sheets"", ""are"", ""extruded"", ""of"", ""Tenite"", ""butyrate"", ""by"", ""Jet"", ""Specialties"", ""Co."", "","", ""Los"", ""Angeles"", "","", ""Calif."", "".""]"
c0135,gutenberg,passive,1,A mode of applying manufacturing processes to the preparation of black-lead is described by Dr.,"[""A"", ""mode"", ""of"", ""applying"", ""manufacturing"", ""processes"", ""to"", ""the"", ""preparation"", ""of"", ""black-lead"", ""is"", ""described"", ""by"", ""Dr.""]"
c0136,brown,passive,0,Each Friday one manager is chosen by lot to stay late and load the equipment on a truck .,"[""Each"", ""Friday"", ""one"", ""manager"", ""is"", ""chosen"", ""by"", ""lot"", ""to"", ""stay"", ""late"", ""and"", ""load"", ""the"", ""equipment"", ""on"", ""a"", ""truck"", "".""]"
c0137,brown,passive,0,The books are carried around by truck in canvas bags from headquarters to the other libraries .,"[""The"", ""books"", ""are"", ""carried"", ""around"", ""by"", ""truck"", ""in"", ""canvas"", ""bags"", ""from"", ""headquarters"", ""to"", ""the"", ""other"", ""libraries"", "".""]"
c0138,gutenberg,passive,0,A reward of a hundred pounds is proclaimed by Government tonight.”,"[""A"", ""reward"", ""of"", ""a"", ""hundred"", ""pounds"", ""is"", ""proclaimed"", ""by"", ""Government"", ""tonight.\u201d""]"
c0139,brown,passive,0,"The sermons are given by the College Chaplain , by members of the faculty , or by guest preachers .","[""The"", ""sermons"", ""are"", ""given"", ""by"", ""the"", ""College"", ""Chaplain"", "","", ""by"", ""members"", ""of"", ""the"", ""faculty"", "","", ""or"", ""by"", ""guest"", ""preachers"", "".""]"
c0140,brown,passive,0,No figures were submitted with the report and no action was taken on it by the town .,"[""No"", ""figures"", ""were"", ""submitted"", ""with"", ""the"", ""report"", ""and"", ""no"", ""action"", ""was"", ""taken"", ""on"", ""it"", ""by"", ""the"", ""town"", "".""]"
c0141,brown,passive,0,The thunderclaps over the sacred wood at Colonus and the storms in King Lear are caused by more than weather .,"[""The"", ""thunderclaps"", ""over"", ""the"", ""sacred"", ""wood"", ""at"", ""Colonus"", ""and"", ""the"", ""storms"", ""in"", ""King"", ""Lear"", ""are"", ""caused"", ""by"", ""more"", ""than"", ""weather"", "".""]"
c0142,gutenberg,passive,0,"Several rough beds made of old sacks, were huddled side by side on the floor.","[""Several"", ""rough"", ""beds"", ""made"", ""of"", ""old"", ""sacks,"", ""were"", ""huddled"", ""side"", ""by"", ""side"", ""on"", ""the"", ""floor.""]"
c0143,brown,passive,0,Obviously Sloan's early years were influenced by his close friend Robert Henri .,"[""Obviously"", ""Sloan's"", ""early"", ""years"", ""were"", ""influenced"", ""by"", ""his"", ""close"", ""friend"", ""Robert"", ""Henri"", "".""]"
c0144,brown,passive,0,Occasionally new enterprise was discouraged by the almost certain prospect of legal complications .,"[""Occasionally"", ""new"", ""enterprise"", ""was"", ""discouraged"", ""by"", ""the"", ""almost"", ""certain"", ""prospect"", ""of"", ""legal"", ""complications"", "".""]"
c0145,gutenberg,passive,0,"In this room they were received by Miss Darcy, who was sitting there with Mrs.","[""In"", ""this"", ""room"", ""they"", ""were"", ""received"", ""by"", ""Miss"", ""Darcy,"", ""who"", ""was"", ""sitting"", ""there"", ""with"", ""Mrs.""]"
c0146,brown,passive,0,The phone had been disconnected but telegrams came for him and notes by special messenger .,"[""The"", ""phone"", ""had"", ""been"", ""disconnected"", ""but"", ""telegrams"", ""came"", ""for"", ""him"", ""and"", ""notes"", ""by"", ""special"", ""messenger"", "".""]"
c0147,gutenberg,passive,0,"Captain Wentworth was acknowledged again by each, by Elizabeth more graciously than before.","[""Captain"", ""Wentworth"", ""was"", ""acknowledged"", ""again"", ""by"", ""each,"", ""by"", ""Elizabeth"", ""more"", ""graciously"", ""than"", ""before.""]"
c0148,brown,passive,1,The new fee schedule also was supported by Commissioner of Licenses and Inspections Barnet Lieberman and Health Commissioner Eugene A. Gillis .,"[""The"", ""new"", ""fee"", ""schedule"", ""also"", ""was"", ""supported"", ""by"", ""Commissioner"", ""of"", ""Licenses"", ""and"", ""Inspections"", ""Barnet"", ""Lieberman"", ""and"", ""Health"", ""Commissioner"", ""Eugene"", ""A."", ""Gillis"", "".""]"
c0149,brown,passive,0,But whether this was accompanied by a general lowering of the moral life of the membership we do not know .,"[""But"", ""whether"", ""this"", ""was"", ""accompanied"", ""by"", ""a"", ""general"", ""lowering"", ""of"", ""the"", ""moral"", ""life"", ""of"", ""the"", ""membership"", ""we"", ""do"", ""not"", ""know"", "".""]"
c0150,brown,passive,0,Frostbite was treated by putting the feet and hands in ice water or by rubbing them with snow .,"[""Frostbite"", ""was"", ""treated"", ""by"", ""putting"", ""the"", ""feet"", ""and"", ""hands"", ""in"", ""ice"", ""water"", ""or"", ""by"", ""rubbing"", ""them"", ""with"", ""snow"", "".""]"
c0151,brown,passive,1,His sarcasm was followed by a stupid grin of his thick mouth and bad teeth .,"[""His"", ""sarcasm"", ""was"", ""followed"", ""by"", ""a"", ""stupid"", ""grin"", ""of"", ""his"", ""thick"", ""mouth"", ""and"", ""bad"", ""teeth"", "".""]"
c0152,gutenberg,passive,0,"Despises the meaner forms of life altogether, though he dreads being haunted by their souls.","[""Despises"", ""the"", ""meaner"", ""forms"", ""of"", ""life"", ""altogether,"", ""though"", ""he"", ""dreads"", ""being"", ""haunted"", ""by"", ""their"", ""souls.""]"
c0153,brown,passive,0,The dinner is sponsored by organized labor and is scheduled for 7 p.m. .,"[""The"", ""dinner"", ""is"", ""sponsored"", ""by"", ""organized"", ""labor"", ""and"", ""is"", ""scheduled"", ""for"", ""7"", ""p.m."", "".""]"
c0154,brown,passive,0,An African knife and battle-ax are at this moment being sharpened by McKinley and Green .,"[""An"", ""African"", ""knife"", ""and"", ""battle-ax"", ""are"", ""at"", ""this"", ""moment"", ""being"", ""sharpened"", ""by"", ""McKinley"", ""and"", ""Green"", "".""]"
c0155,gutenberg,passive,0,"Tom was touched, for he knew by his own experience how this wretch had suffered.","[""Tom"", ""was"", ""touched,"", ""for"", ""he"", ""knew"", ""by"", ""his"", ""own"", ""experience"", ""how"", ""this"", ""wretch"", ""had"", ""suffered.""]"
c0156,gutenberg,passive,0,The head had been beaten in by repeated blows of some heavy and blunt weapon.,"[""The"", ""head"", ""had"", ""been"", ""beaten"", ""in"", ""by"", ""repeated"", ""blows"", ""of"", ""some"", ""heavy"", ""and"", ""blunt"", ""weapon.""]"
c0157,brown,passive,0,"Manuscript , a quarterly literary magazine , is published by the students of the College .","[""Manuscript"", "","", ""a"", ""quarterly"", ""literary"", ""magazine"", "","", ""is"", ""published"", ""by"", ""the"", ""students"", ""of"", ""the"", ""College"", "".""]"
c0158,gutenberg,passive,0,All ink is improved by exposure to the sun's rays.,"[""All"", ""ink"", ""is"", ""improved"", ""by"", ""exposure"", ""to"", ""the"", ""sun's"", ""rays.""]"
c0159,gutenberg,passive,0,"The alarm, however, was given, and, by the aid of the water-police, the body was eventually recovered.","[""The"", ""alarm,"", ""however,"", ""was"", ""given,"", ""and,"", ""by"", ""the"", ""aid"", ""of"", ""the"", ""water-police,"", ""the"", ""body"", ""was"", ""eventually"", ""recovered.""]"
c0160,brown,passive,0,Beer was brewed by the Babylonians and Egyptians more than 6 thousand years ago .,"[""Beer"", ""was"", ""brewed"", ""by"", ""the"", ""Babylonians"", ""and"", ""Egyptians"", ""more"", ""than"", ""6"", ""thousand"", ""years"", ""ago"", "".""]"
c0161,brown,passive,0,Music is furnished by the Carleton College Choir .,"[""Music"", ""is"", ""furnished"", ""by"", ""the"", ""Carleton"", ""College"", ""Choir"", "".""]"
c0162,brown,passive,0,"A $500 reward was offered by the association's local in Kansas City , Kas. .","[""A"", ""$500"", ""reward"", ""was"", ""offered"", ""by"", ""the"", ""association's"", ""local"", ""in"", ""Kansas"", ""City"", "","", ""Kas."", "".""]"
c0163,brown,passive,0,"Starlings and blackbirds are scared off by canon , from City Hall .","[""Starlings"", ""and"", ""blackbirds"", ""are"", ""scared"", ""off"", ""by"", ""canon"", "","", ""from"", ""City"", ""Hall"", "".""]"
c0164,gutenberg,passive,0,"The guilty are allowed, by human laws, bloody as they are, to speak in their own defence before they are condemned.","[""The"", ""guilty"", ""are"", ""allowed,"", ""by"", ""human"", ""laws,"", ""bloody"", ""as"", ""they"", ""are,"", ""to"", ""speak"", ""in"", ""their"", ""own"", ""defence"", ""before"", ""they"", ""are"", ""condemned.""]"
c0165,brown,passive,0,Blue ribbon for one dozen white eggs was taken by Nyberg .,"[""Blue"", ""ribbon"", ""for"", ""one"", ""dozen"", ""white"", ""eggs"", ""was"", ""taken"", ""by"", ""Nyberg"", "".""]"
c0166,brown,passive,0,Ventilation is provided in a concrete block basement shelter by vents in the wall and by the open entrance .,"[""Ventilation"", ""is"", ""provided"", ""in"", ""a"", ""concrete"", ""block"", ""basement"", ""shelter"", ""by"", ""vents"", ""in"", ""the"", ""wall"", ""and"", ""by"", ""the"", ""open"", ""entrance"", "".""]"
c0167,gutenberg,passive,0,The tumult of Elizabeth’s mind was allayed by this conversation.,"[""The"", ""tumult"", ""of"", ""Elizabeth\u2019s"", ""mind"", ""was"", ""allayed"", ""by"", ""this"", ""conversation.""]"
c0168,gutenberg,passive,0,"Logwood, employed more extensively for ""added"" color than any other color compound, was introduced into Europe by the Spaniards, A.","[""Logwood,"", ""employed"", ""more"", ""extensively"", ""for"", ""\""added\"""", ""color"", ""than"", ""any"", ""other"", ""color"", ""compound,"", ""was"", ""introduced"", ""into"", ""Europe"", ""by"", ""the"", ""Spaniards,"", ""A.""]"
c0169,gutenberg,passive,0,"Many of the ivory inlayings of her bulwarks and cabins were started from their places, by the unnatural dislocation.","[""Many"", ""of"", ""the"", ""ivory"", ""inlayings"", ""of"", ""her"", ""bulwarks"", ""and"", ""cabins"", ""were"", ""started"", ""from"", ""their"", ""places,"", ""by"", ""the"", ""unnatural"", ""dislocation.""]"
c0170,brown,passive,0,A single value of the thermal relaxation time Af at room temperature was measured by the progressive saturation method .,"[""A"", ""single"", ""value"", ""of"", ""the"", ""thermal"", ""relaxation"", ""time"", ""Af"", ""at"", ""room"", ""temperature"", ""was"", ""measured"", ""by"", ""the"", ""progressive"", ""saturation"", ""method"", "".""]"
c0171,brown,passive,0,The two were separated from each other by the Six Bagatelles of Op. 126 .,"[""The"", ""two"", ""were"", ""separated"", ""from"", ""each"", ""other"", ""by"", ""the"", ""Six"", ""Bagatelles"", ""of"", ""Op."", ""126"", "".""]"
c0172,brown,passive,0,"The act , cut to shreds and hastily patched together during the afternoon , had not been rehearsed sufficiently by anyone .","[""The"", ""act"", "","", ""cut"", ""to"", ""shreds"", ""and"", ""hastily"", ""patched"", ""together"", ""during"", ""the"", ""afternoon"", "","", ""had"", ""not"", ""been"", ""rehearsed"", ""sufficiently"", ""by"", ""anyone"", "".""]"
c0173,brown,passive,1,New Yorkers were kept informed of scores by reporters who telegraphed fifteen to twenty thousand words daily to the metropolitan newspapers .,"[""New"", ""Yorkers"", ""were"", ""kept"", ""informed"", ""of"", ""scores"", ""by"", ""reporters"", ""who"", ""telegraphed"", ""fifteen"", ""to"", ""twenty"", ""thousand"", ""words"", ""daily"", ""to"", ""the"", ""metropolitan"", ""newspapers"", "".""]"
c0174,brown,passive,0,"Looking back , Miss Marsicano feels that her ideas may have been influenced by those of Jackson Pollock .","[""Looking"", ""back"", "","", ""Miss"", ""Marsicano"", ""feels"", ""that"", ""her"", ""ideas"", ""may"", ""have"", ""been"", ""influenced"", ""by"", ""those"", ""of"", ""Jackson"", ""Pollock"", "".""]"
c0175,gutenberg,passive,0,Its color is destroyed by acids.,"[""Its"", ""color"", ""is"", ""destroyed"", ""by"", ""acids.""]"
c0176,gutenberg,passive,0,"The examination is often facilitated by moistening the paper with benzine or petroleum spirit, whereby it is rendered semi- transparent.","[""The"", ""examination"", ""is"", ""often"", ""facilitated"", ""by"", ""moistening"", ""the"", ""paper"", ""with"", ""benzine"", ""or"", ""petroleum"", ""spirit,"", ""whereby"", ""it"", ""is"", ""rendered"", ""semi-"", ""transparent.""]"
c0177,gutenberg,passive,0,"Now, the question is, whether these men are justified by the fact; if not, in what situation do they place themselves?”","[""Now,"", ""the"", ""question"", ""is,"", ""whether"", ""these"", ""men"", ""are"", ""justified"", ""by"", ""the"", ""fact;"", ""if"", ""not,"", ""in"", ""what"", ""situation"", ""do"", ""they"", ""place"", ""themselves?\u201d""]"
c0178,gutenberg,passive,0,"Bingley had not been of age two years when he was tempted, by an accidental recommendation, to look at Netherfield House.","[""Bingley"", ""had"", ""not"", ""been"", ""of"", ""age"", ""two"", ""years"", ""when"", ""he"", ""was"", ""tempted,"", ""by"", ""an"", ""accidental"", ""recommendation,"", ""to"", ""look"", ""at"", ""Netherfield"", ""House.""]"
c0179,brown,passive,1,Great interest and practical help have been given by the Barker Index Committee .,"[""Great"", ""interest"", ""and"", ""practical"", ""help"", ""have"", ""been"", ""given"", ""by"", ""the"", ""Barker"", ""Index"", ""Committee"", "".""]"
c0180,brown,passive,0,During the latter procedure the temperature was maintained at 2-degrees-C by surrounding the apparatus with ice .,"[""During"", ""the"", ""latter"", ""procedure"", ""the"", ""temperature"", ""was"", ""maintained"", ""at"", ""2-degrees-C"", ""by"", ""surrounding"", ""the"", ""apparatus"", ""with"", ""ice"", "".""]"
c0181,brown,passive,0,Correction can save teeth every orthodontist sees children who are embarrassed by their malformed teeth .,"[""Correction"", ""can"", ""save"", ""teeth"", ""every"", ""orthodontist"", ""sees"", ""children"", ""who"", ""are"", ""embarrassed"", ""by"", ""their"", ""malformed"", ""teeth"", "".""]"
c0182,brown,passive,0,"But the guilt is shared by the United States , Britain and France , the other members of the atomic club .","[""But"", ""the"", ""guilt"", ""is"", ""shared"", ""by"", ""the"", ""United"", ""States"", "","", ""Britain"", ""and"", ""France"", "","", ""the"", ""other"", ""members"", ""of"", ""the"", ""atomic"", ""club"", "".""]"
c0183,brown,passive,0,The ontological status of society thus is constituted by the psychological status of society's members .,"[""The"", ""ontological"", ""status"", ""of"", ""society"", ""thus"", ""is"", ""constituted"", ""by"", ""the"", ""psychological"", ""status"", ""of"", ""society's"", ""members"", "".""]"
c0184,gutenberg,passive,0,"But, gentlemen, the fool had been branded for the slaughter by the gods.","[""But,"", ""gentlemen,"", ""the"", ""fool"", ""had"", ""been"", ""branded"", ""for"", ""the"", ""slaughter"", ""by"", ""the"", ""gods.""]"
c0185,brown,passive,0,Interim financing of construction costs is provided by a short term loan from The Chase Manhattan Bank .,"[""Interim"", ""financing"", ""of"", ""construction"", ""costs"", ""is"", ""provided"", ""by"", ""a"", ""short"", ""term"", ""loan"", ""from"", ""The"", ""Chase"", ""Manhattan"", ""Bank"", "".""]"
c0186,brown,passive,0,Woodbury's remarks were applauded by a portion of the audience several times and once there was hissing .,"[""Woodbury's"", ""remarks"", ""were"", ""applauded"", ""by"", ""a"", ""portion"", ""of"", ""the"", ""audience"", ""several"", ""times"", ""and"", ""once"", ""there"", ""was"", ""hissing"", "".""]"
c0187,brown,passive,0,My wish to meet Samuel Beckett had been prompted by simple curiosity and interest in his work .,"[""My"", ""wish"", ""to"", ""meet"", ""Samuel"", ""Beckett"", ""had"", ""been"", ""prompted"", ""by"", ""simple"", ""curiosity"", ""and"", ""interest"", ""in"", ""his"", ""work"", "".""]"
c0188,gutenberg,passive,0,And it was settled that we should all be there by eleven o’clock.,"[""And"", ""it"", ""was"", ""settled"", ""that"", ""we"", ""should"", ""all"", ""be"", ""there"", ""by"", ""eleven"", ""o\u2019clock.""]"
c0189,gutenberg,passive,0,"When the game is played by many together, each gamester is banker in his turn.","[""When"", ""the"", ""game"", ""is"", ""played"", ""by"", ""many"", ""together,"", ""each"", ""gamester"", ""is"", ""banker"", ""in"", ""his"", ""turn.""]"
c0190,gutenberg,passive,0,Charlotte’s reply was spared by the entrance of Jane and Elizabeth.,"[""Charlotte\u2019s"", ""reply"", ""was"", ""spared"", ""by"", ""the"", ""entrance"", ""of"", ""Jane"", ""and"", ""Elizabeth.""]"
c0191,brown,passive,0,Its enforcement was enjoined by a federal trial court .,"[""Its"", ""enforcement"", ""was"", ""enjoined"", ""by"", ""a"", ""federal"", ""trial"", ""court"", "".""]"
c0192,gutenberg,passive,0,"A copy of it was acquired in 1616 by Pietro della Valle, one of the first discoverers of the cuneiform inscriptions.","[""A"", ""copy"", ""of"", ""it"", ""was"", ""acquired"", ""in"", ""1616"", ""by"", ""Pietro"", ""della"", ""Valle,"", ""one"", ""of"", ""the"", ""first"", ""discoverers"", ""of"", ""the"", ""cuneiform"", ""inscriptions.""]"
c0193,gutenberg,passive,0,"Slips of graphite in wooden sticks (pencils) are mentioned by Gesner, of Zurich, in 1565; he credits England with the production.","[""Slips"", ""of"", ""graphite"", ""in"", ""wooden"", ""sticks"", ""(pencils)"", ""are"", ""mentioned"", ""by"", ""Gesner,"", ""of"", ""Zurich,"", ""in"", ""1565;"", ""he"", ""credits"", ""England"", ""with"", ""the"", ""production.""]"
c0194,gutenberg,passive,0,"The latter part of this speech, was hailed by a boisterous shout from all the hopeful pupils of the merry old gentleman.","[""The"", ""latter"", ""part"", ""of"", ""this"", ""speech,"", ""was"", ""hailed"", ""by"", ""a"", ""boisterous"", ""shout"", ""from"", ""all"", ""the"", ""hopeful"", ""pupils"", ""of"", ""the"", ""merry"", ""old"", ""gentleman.""]"
c0195,gutenberg,passive,0,"With a start all glared at dark Ahab, who was surrounded by five dusky phantoms that seemed fresh formed out of air.","[""With"", ""a"", ""start"", ""all"", ""glared"", ""at"", ""dark"", ""Ahab,"", ""who"", ""was"", ""surrounded"", ""by"", ""five"", ""dusky"", ""phantoms"", ""that"", ""seemed"", ""fresh"", ""formed"", ""out"", ""of"", ""air.""]"
c0196,gutenberg,passive,0,One or two had been disturbed by dogs.,"[""One"", ""or"", ""two"", ""had"", ""been"", ""disturbed"", ""by"", ""dogs.""]"
c0197,brown,passive,0,"Even though the boy could not see them , he knew they were clouded by distance .","[""Even"", ""though"", ""the"", ""boy"", ""could"", ""not"", ""see"", ""them"", "","", ""he"", ""knew"", ""they"", ""were"", ""clouded"", ""by"", ""distance"", "".""]"
c0198,brown,passive,0,One of the most desirable solutions is achieved by the use of a non-linear amplifier for Af .,"[""One"", ""of"", ""the"", ""most"", ""desirable"", ""solutions"", ""is"", ""achieved"", ""by"", ""the"", ""use"", ""of"", ""a"", ""non-linear"", ""amplifier"", ""for"", ""Af"", "".""]"
c0199,gutenberg,passive,0,"Many fine intellects among players have been brutified by loses; others, in greater number, have been so by their winnings.","[""Many"", ""fine"", ""intellects"", ""among"", ""players"", ""have"", ""been"", ""brutified"", ""by"", ""loses;"", ""others,"", ""in"", ""greater"", ""number,"", ""have"", ""been"", ""so"", ""by"", ""their"", ""winnings.""]"
c0200,gutenberg,passive,0,"Bingley’s sincerity,” said Elizabeth warmly, “but you must excuse my not being convinced by assurances only.","[""Bingley\u2019s"", ""sincerity,\u201d"", ""said"", ""Elizabeth"", ""warmly,"", ""\u201cbut"", ""you"", ""must"", ""excuse"", ""my"", ""not"", ""being"", ""convinced"", ""by"", ""assurances"", ""only.""]"
c0201,gutenberg,canonical,0,This was a lucky recollection--it saved her from something like regret.,"[""This"", ""was"", ""a"", ""lucky"", ""recollection--it"", ""saved"", ""her"", ""from"", ""something"", ""like"", ""regret.""]"
c0202,brown,canonical,0,Chandler left Carroll at the bottom of the hill to direct any reinforcements he could find to the fight .,"[""Chandler"", ""left"", ""Carroll"", ""at"", ""the"", ""bottom"", ""of"", ""the"", ""hill"", ""to"", ""direct"", ""any"", ""reinforcements"", ""he"", ""could"", ""find"", ""to"", ""the"", ""fight"", "".""]"
c0203,gutenberg,canonical,0,"Cody had any knowledge or took any part, or authorized or connived at any of the changes made in this certificate.","[""Cody"", ""had"", ""any"", ""knowledge"", ""or"", ""took"", ""any"", ""part,"", ""or"", ""authorized"", ""or"", ""connived"", ""at"", ""any"", ""of"", ""the"", ""changes"", ""made"", ""in"", ""this"", ""certificate.""]"
c0204,gutenberg,canonical,0,Marilla pessimistically expected more trouble since Anne had again begun to go to school.,"[""Marilla"", ""pessimistically"", ""expected"", ""more"", ""trouble"", ""since"", ""Anne"", ""had"", ""again"", ""begun"", ""to"", ""go"", ""to"", ""school.""]"
c0205,gutenberg,canonical,0,"It’s no use pouting and crying: that won’t repay the trouble I’ve had, scouring the country after you.","[""It\u2019s"", ""no"", ""use"", ""pouting"", ""and"", ""crying:"", ""that"", ""won\u2019t"", ""repay"", ""the"", ""trouble"", ""I\u2019ve"", ""had,"", ""scouring"", ""the"", ""country"", ""after"", ""you.""]"
c0206,gutenberg,canonical,0,"They had sat thus, some time, when suddenly was heard a hurried knocking at the door below.","[""They"", ""had"", ""sat"", ""thus,"", ""some"", ""time,"", ""when"", ""suddenly"", ""was"", ""heard"", ""a"", ""hurried"", ""knocking"", ""at"", ""the"", ""door"", ""below.""]"
c0207,gutenberg,canonical,1,"She called to Peter and John and Michael, and got only mocking echoes in reply.","[""She"", ""called"", ""to"", ""Peter"", ""and"", ""John"", ""and"", ""Michael,"", ""and"", ""got"", ""only"", ""mocking"", ""echoes"", ""in"", ""reply.""]"
c0208,brown,canonical,0,"Diametric opposition must persist as to the future course of prices , if there is to persist a market at all .","[""Diametric"", ""opposition"", ""must"", ""persist"", ""as"", ""to"", ""the"", ""future"", ""course"", ""of"", ""prices"", "","", ""if"", ""there"", ""is"", ""to"", ""persist"", ""a"", ""market"", ""at"", ""all"", "".""]"
c0209,gutenberg,canonical,0,But I do not like the corner into Vicarage Lane.”,"[""But"", ""I"", ""do"", ""not"", ""like"", ""the"", ""corner"", ""into"", ""Vicarage"", ""Lane.\u201d""]"
c0210,gutenberg,canonical,0,“And your defect is a propensity to hate everybody.”,"[""\u201cAnd"", ""your"", ""defect"", ""is"", ""a"", ""propensity"", ""to"", ""hate"", ""everybody.\u201d""]"
c0211,gutenberg,canonical,0,"Lynde, you don’t think--you can’t think Matthew is--is--” Anne could not say the dreadful word; she turned sick and pallid.","[""Lynde,"", ""you"", ""don\u2019t"", ""think--you"", ""can\u2019t"", ""think"", ""Matthew"", ""is--is--\u201d"", ""Anne"", ""could"", ""not"", ""say"", ""the"", ""dreadful"", ""word;"", ""she"", ""turned"", ""sick"", ""and"", ""pallid.""]"
c0212,brown,canonical,0,The proposed C & O-B & O railroad would make it the hemisphere's second largest .,"[""The"", ""proposed"", ""C"", ""&"", ""O-B"", ""&"", ""O"", ""railroad"", ""would"", ""make"", ""it"", ""the"", ""hemisphere's"", ""second"", ""largest"", "".""]"
c0213,brown,canonical,0,"Mrs. Coolidge looked down , saw Mama's horrified expression and quickly let the whole thing fall to the floor .","[""Mrs."", ""Coolidge"", ""looked"", ""down"", "","", ""saw"", ""Mama's"", ""horrified"", ""expression"", ""and"", ""quickly"", ""let"", ""the"", ""whole"", ""thing"", ""fall"", ""to"", ""the"", ""floor"", "".""]"
c0214,brown,canonical,0,"Of current interest is Abilene , Kansas , the birthplace of ex-President Eisenhower .","[""Of"", ""current"", ""interest"", ""is"", ""Abilene"", "","", ""Kansas"", "","", ""the"", ""birthplace"", ""of"", ""ex-President"", ""Eisenhower"", "".""]"
c0215,gutenberg,canonical,0,During this long period their establishments have been in different locations.,"[""During"", ""this"", ""long"", ""period"", ""their"", ""establishments"", ""have"", ""been"", ""in"", ""different"", ""locations.""]"
c0216,brown,canonical,0,"About 16,000 military members of all branches of the armed forces will take part in the parade .","[""About"", ""16,000"", ""military"", ""members"", ""of"", ""all"", ""branches"", ""of"", ""the"", ""armed"", ""forces"", ""will"", ""take"", ""part"", ""in"", ""the"", ""parade"", "".""]"
c0217,brown,canonical,0,The strength of the History is also its weakness .,"[""The"", ""strength"", ""of"", ""the"", ""History"", ""is"", ""also"", ""its"", ""weakness"", "".""]"
c0218,gutenberg,canonical,0,The above-named witness said he 'could have named all the gamblers in his early days at the clubs.,"[""The"", ""above-named"", ""witness"", ""said"", ""he"", ""'could"", ""have"", ""named"", ""all"", ""the"", ""gamblers"", ""in"", ""his"", ""early"", ""days"", ""at"", ""the"", ""clubs.""]"
c0219,gutenberg,canonical,0,"The spy would have been no spy if he had failed to see it, or to record it in his mind.","[""The"", ""spy"", ""would"", ""have"", ""been"", ""no"", ""spy"", ""if"", ""he"", ""had"", ""failed"", ""to"", ""see"", ""it,"", ""or"", ""to"", ""record"", ""it"", ""in"", ""his"", ""mind.""]"
c0220,brown,canonical,0,Some extremists went so far as to urge our using it first .,"[""Some"", ""extremists"", ""went"", ""so"", ""far"", ""as"", ""to"", ""urge"", ""our"", ""using"", ""it"", ""first"", "".""]"
c0221,brown,canonical,0,Giselle was reluctant but Alex succeeded in persuading her to come back in five minutes and the door was shut again .,"[""Giselle"", ""was"", ""reluctant"", ""but"", ""Alex"", ""succeeded"", ""in"", ""persuading"", ""her"", ""to"", ""come"", ""back"", ""in"", ""five"", ""minutes"", ""and"", ""the"", ""door"", ""was"", ""shut"", ""again"", "".""]"
c0222,brown,canonical,0,Probably off one of the carriers -- an aviator .,"[""Probably"", ""off"", ""one"", ""of"", ""the"", ""carriers"", ""--"", ""an"", ""aviator"", "".""]"
c0223,brown,canonical,0,"When the Congo received its independence in 1960 there were , among its 13.5 million people , exactly 14 university graduates .","[""When"", ""the"", ""Congo"", ""received"", ""its"", ""independence"", ""in"", ""1960"", ""there"", ""were"", "","", ""among"", ""its"", ""13.5"", ""million"", ""people"", "","", ""exactly"", ""14"", ""university"", ""graduates"", "".""]"
c0224,gutenberg,canonical,0,"The effect I desired was obtained, for he at once fell from his high-horse and became a child again.","[""The"", ""effect"", ""I"", ""desired"", ""was"", ""obtained,"", ""for"", ""he"", ""at"", ""once"", ""fell"", ""from"", ""his"", ""high-horse"", ""and"", ""became"", ""a"", ""child"", ""again.""]"
c0225,gutenberg,canonical,0,"In 1797 the Bedford Arms, Covent Garden, kept by one John Twycross, was attacked, under warrant.","[""In"", ""1797"", ""the"", ""Bedford"", ""Arms,"", ""Covent"", ""Garden,"", ""kept"", ""by"", ""one"", ""John"", ""Twycross,"", ""was"", ""attacked,"", ""under"", ""warrant.""]"
c0226,gutenberg,canonical,0,"Raising his hand to impose silence, the Professor motioned to me to bring the others in.","[""Raising"", ""his"", ""hand"", ""to"", ""impose"", ""silence,"", ""the"", ""Professor"", ""motioned"", ""to"", ""me"", ""to"", ""bring"", ""the"", ""others"", ""in.""]"
c0227,brown,canonical,0,The volume was completed in 1950 and published in 1951 .,"[""The"", ""volume"", ""was"", ""completed"", ""in"", ""1950"", ""and"", ""published"", ""in"", ""1951"", "".""]"
c0228,gutenberg,canonical,0,"What meant the giving of the crucifix, of the garlic, of the wild rose, of the mountain ash?","[""What"", ""meant"", ""the"", ""giving"", ""of"", ""the"", ""crucifix,"", ""of"", ""the"", ""garlic,"", ""of"", ""the"", ""wild"", ""rose,"", ""of"", ""the"", ""mountain"", ""ash?""]"
c0229,brown,canonical,0,But today there are signs that these roles are being reversed .,"[""But"", ""today"", ""there"", ""are"", ""signs"", ""that"", ""these"", ""roles"", ""are"", ""being"", ""reversed"", "".""]"
c0230,gutenberg,canonical,0,"The sheets are then coated with gum size, and polished with stones.","[""The"", ""sheets"", ""are"", ""then"", ""coated"", ""with"", ""gum"", ""size,"", ""and"", ""polished"", ""with"", ""stones.""]"
c0231,gutenberg,canonical,0,"“Marilla,” said Anne in a burst of confidence, “I want to tell you something and ask you what you think about it.","[""\u201cMarilla,\u201d"", ""said"", ""Anne"", ""in"", ""a"", ""burst"", ""of"", ""confidence,"", ""\u201cI"", ""want"", ""to"", ""tell"", ""you"", ""something"", ""and"", ""ask"", ""you"", ""what"", ""you"", ""think"", ""about"", ""it.""]"
c0232,gutenberg,canonical,0,"Aunt Polly paused, perplexed, and Tom looked for healing pity.","[""Aunt"", ""Polly"", ""paused,"", ""perplexed,"", ""and"", ""Tom"", ""looked"", ""for"", ""healing"", ""pity.""]"
c0233,brown,canonical,0,And did he appreciate my efforts on his behalf ? ?,"[""And"", ""did"", ""he"", ""appreciate"", ""my"", ""efforts"", ""on"", ""his"", ""behalf"", ""?"", ""?""]"
c0234,brown,canonical,0,"Not terror , but anger and resentment have been the general reaction outside the Soviet sphere .","[""Not"", ""terror"", "","", ""but"", ""anger"", ""and"", ""resentment"", ""have"", ""been"", ""the"", ""general"", ""reaction"", ""outside"", ""the"", ""Soviet"", ""sphere"", "".""]"
c0235,brown,canonical,0,"We were in a field , in a tight , screeching turn .","[""We"", ""were"", ""in"", ""a"", ""field"", "","", ""in"", ""a"", ""tight"", "","", ""screeching"", ""turn"", "".""]"
c0236,gutenberg,canonical,0,Anne cowered deeper into her pillows as if desirous of hiding herself forever from mortal eyes.,"[""Anne"", ""cowered"", ""deeper"", ""into"", ""her"", ""pillows"", ""as"", ""if"", ""desirous"", ""of"", ""hiding"", ""herself"", ""forever"", ""from"", ""mortal"", ""eyes.""]"
c0237,gutenberg,canonical,0,"It rains fast, Hannah: will you have the goodness to look at the fire in the parlour?”","[""It"", ""rains"", ""fast,"", ""Hannah:"", ""will"", ""you"", ""have"", ""the"", ""goodness"", ""to"", ""look"", ""at"", ""the"", ""fire"", ""in"", ""the"", ""parlour?\u201d""]"
c0238,gutenberg,canonical,0,"“My child!” said the elderly lady, folding her arms about her, “I never saw you so before.”","[""\u201cMy"", ""child!\u201d"", ""said"", ""the"", ""elderly"", ""lady,"", ""folding"", ""her"", ""arms"", ""about"", ""her,"", ""\u201cI"", ""never"", ""saw"", ""you"", ""so"", ""before.\u201d""]"
c0239,gutenberg,canonical,0,"The dress is very pretty, Diana--navy blue and made so fashionably.","[""The"", ""dress"", ""is"", ""very"", ""pretty,"", ""Diana--navy"", ""blue"", ""and"", ""made"", ""so"", ""fashionably.""]"
c0240,brown,canonical,0,"Alec expected an indignant denial , but there was no response at all .","[""Alec"", ""expected"", ""an"", ""indignant"", ""denial"", "","", ""but"", ""there"", ""was"", ""no"", ""response"", ""at"", ""all"", "".""]"
c0241,gutenberg,canonical,0,Lynde says Myrtle Bell is a blighted being.,"[""Lynde"", ""says"", ""Myrtle"", ""Bell"", ""is"", ""a"", ""blighted"", ""being.""]"
c0242,gutenberg,canonical,0,"“No, that will do: but after your mama went to the Holy Virgin, as you say, with whom did you live then?”","[""\u201cNo,"", ""that"", ""will"", ""do:"", ""but"", ""after"", ""your"", ""mama"", ""went"", ""to"", ""the"", ""Holy"", ""Virgin,"", ""as"", ""you"", ""say,"", ""with"", ""whom"", ""did"", ""you"", ""live"", ""then?\u201d""]"
c0243,gutenberg,canonical,0,"For all I knew, I might be facing back towards the Palace of Green Porcelain.","[""For"", ""all"", ""I"", ""knew,"", ""I"", ""might"", ""be"", ""facing"", ""back"", ""towards"", ""the"", ""Palace"", ""of"", ""Green"", ""Porcelain.""]"
c0244,gutenberg,canonical,0,"The same man subsequently won L30,000, and afterwards lost it all, with L15,000 more, and then 'went to the Continent.'","[""The"", ""same"", ""man"", ""subsequently"", ""won"", ""L30,000,"", ""and"", ""afterwards"", ""lost"", ""it"", ""all,"", ""with"", ""L15,000"", ""more,"", ""and"", ""then"", ""'went"", ""to"", ""the"", ""Continent.'""]"
c0245,gutenberg,canonical,0,"Families fetched their dinners with them from the country, and eat them in the wagons.","[""Families"", ""fetched"", ""their"", ""dinners"", ""with"", ""them"", ""from"", ""the"", ""country,"", ""and"", ""eat"", ""them"", ""in"", ""the"", ""wagons.""]"
c0246,gutenberg,canonical,0,Chance has meted you a measure of happiness: that I know.,"[""Chance"", ""has"", ""meted"", ""you"", ""a"", ""measure"", ""of"", ""happiness:"", ""that"", ""I"", ""know.""]"
c0247,brown,canonical,0,Donovan snatched Greg's chute from him with a belligerent motion and almost ran to the plane with it .,"[""Donovan"", ""snatched"", ""Greg's"", ""chute"", ""from"", ""him"", ""with"", ""a"", ""belligerent"", ""motion"", ""and"", ""almost"", ""ran"", ""to"", ""the"", ""plane"", ""with"", ""it"", "".""]"
c0248,gutenberg,canonical,0,The sky was no longer blue.,"[""The"", ""sky"", ""was"", ""no"", ""longer"", ""blue.""]"
c0249,brown,canonical,0,In recent years America's partners and friends in Western Europe and Japan have made great economic progress .,"[""In"", ""recent"", ""years"", ""America's"", ""partners"", ""and"", ""friends"", ""in"", ""Western"", ""Europe"", ""and"", ""Japan"", ""have"", ""made"", ""great"", ""economic"", ""progress"", "".""]"
c0250,brown,canonical,0,Martin felt it was incredible that the situation had come to exist at all .,"[""Martin"", ""felt"", ""it"", ""was"", ""incredible"", ""that"", ""the"", ""situation"", ""had"", ""come"", ""to"", ""exist"", ""at"", ""all"", "".""]"
c0251,brown,canonical,0,The cooling coil is located in the furnace's outlet .,"[""The"", ""cooling"", ""coil"", ""is"", ""located"", ""in"", ""the"", ""furnace's"", ""outlet"", "".""]"
c0252,gutenberg,canonical,0,"The amiable peer, however, benefited by the severe lesson, and resolved never again to lose more than one hundred at a sitting!","[""The"", ""amiable"", ""peer,"", ""however,"", ""benefited"", ""by"", ""the"", ""severe"", ""lesson,"", ""and"", ""resolved"", ""never"", ""again"", ""to"", ""lose"", ""more"", ""than"", ""one"", ""hundred"", ""at"", ""a"", ""sitting!""]"
c0253,gutenberg,canonical,0,With a grave severity in my manner I bade her stand up.,"[""With"", ""a"", ""grave"", ""severity"", ""in"", ""my"", ""manner"", ""I"", ""bade"", ""her"", ""stand"", ""up.""]"
c0254,brown,canonical,0,They blame us for all their troubles .,"[""They"", ""blame"", ""us"", ""for"", ""all"", ""their"", ""troubles"", "".""]"
c0255,gutenberg,canonical,0,On such a day—very much such a sweetness as this—I struck my first whale—a boy-harpooneer of eighteen!,"[""On"", ""such"", ""a"", ""day\u2014very"", ""much"", ""such"", ""a"", ""sweetness"", ""as"", ""this\u2014I"", ""struck"", ""my"", ""first"", ""whale\u2014a"", ""boy-harpooneer"", ""of"", ""eighteen!""]"
c0256,brown,canonical,0,"Here the war would flame to its focus , and here Lewis Littlepage had come .","[""Here"", ""the"", ""war"", ""would"", ""flame"", ""to"", ""its"", ""focus"", "","", ""and"", ""here"", ""Lewis"", ""Littlepage"", ""had"", ""come"", "".""]"
c0257,gutenberg,canonical,0,"“Sir,” I interrupted him, “you are inexorable for that unfortunate lady: you speak of her with hate—with vindictive antipathy.","[""\u201cSir,\u201d"", ""I"", ""interrupted"", ""him,"", ""\u201cyou"", ""are"", ""inexorable"", ""for"", ""that"", ""unfortunate"", ""lady:"", ""you"", ""speak"", ""of"", ""her"", ""with"", ""hate\u2014with"", ""vindictive"", ""antipathy.""]"
c0258,gutenberg,canonical,0,A soul’s a sort of a fifth wheel to a wagon.”,"[""A"", ""soul\u2019s"", ""a"", ""sort"", ""of"", ""a"", ""fifth"", ""wheel"", ""to"", ""a"", ""wagon.\u201d""]"
c0259,brown,canonical,0,He had not felt that during the afternoon .,"[""He"", ""had"", ""not"", ""felt"", ""that"", ""during"", ""the"", ""afternoon"", "".""]"
c0260,brown,canonical,0,Rice has not played since injuring a knee in the opener with Maryland .,"[""Rice"", ""has"", ""not"", ""played"", ""since"", ""injuring"", ""a"", ""knee"", ""in"", ""the"", ""opener"", ""with"", ""Maryland"", "".""]"
c0261,brown,canonical,1,"When she was nine years old , she wrote a description of a store she had visited .","[""When"", ""she"", ""was"", ""nine"", ""years"", ""old"", "","", ""she"", ""wrote"", ""a"", ""description"", ""of"", ""a"", ""store"", ""she"", ""had"", ""visited"", "".""]"
c0262,gutenberg,canonical,0,"“But,” said Dorothy, after a moment’s thought, “Aunt Em has told me that the witches were all dead—years and years ago.”","[""\u201cBut,\u201d"", ""said"", ""Dorothy,"", ""after"", ""a"", ""moment\u2019s"", ""thought,"", ""\u201cAunt"", ""Em"", ""has"", ""told"", ""me"", ""that"", ""the"", ""witches"", ""were"", ""all"", ""dead\u2014years"", ""and"", ""years"", ""ago.\u201d""]"
c0263,gutenberg,canonical,0,"The pines are not tall or luxuriant, but they are sombre and add an air of severity to the scene.","[""The"", ""pines"", ""are"", ""not"", ""tall"", ""or"", ""luxuriant,"", ""but"", ""they"", ""are"", ""sombre"", ""and"", ""add"", ""an"", ""air"", ""of"", ""severity"", ""to"", ""the"", ""scene.""]"
c0264,gutenberg,canonical,0,Might I not escort her to this place?,"[""Might"", ""I"", ""not"", ""escort"", ""her"", ""to"", ""this"", ""place?""]"
c0265,gutenberg,canonical,0,Few stopped and came aside from that flood.,"[""Few"", ""stopped"", ""and"", ""came"", ""aside"", ""from"", ""that"", ""flood.""]"
c0266,gutenberg,canonical,0,"The issue was, the loss of the extremities of both feet.","[""The"", ""issue"", ""was,"", ""the"", ""loss"", ""of"", ""the"", ""extremities"", ""of"", ""both"", ""feet.""]"
c0267,gutenberg,canonical,1,"When he had finished, he thanked her kindly and oiled himself thoroughly with his jeweled oil-can, to guard against mishap.","[""When"", ""he"", ""had"", ""finished,"", ""he"", ""thanked"", ""her"", ""kindly"", ""and"", ""oiled"", ""himself"", ""thoroughly"", ""with"", ""his"", ""jeweled"", ""oil-can,"", ""to"", ""guard"", ""against"", ""mishap.""]"
c0268,brown,canonical,0,"Art Lund , a fine big actor with a great head of blond hair and a good voice , impersonates Enright .","[""Art"", ""Lund"", "","", ""a"", ""fine"", ""big"", ""actor"", ""with"", ""a"", ""great"", ""head"", ""of"", ""blond"", ""hair"", ""and"", ""a"", ""good"", ""voice"", "","", ""impersonates"", ""Enright"", "".""]"
c0269,gutenberg,canonical,1,He has a great pack on him like a peddler; or you might call him the Elephant and Castle whale.,"[""He"", ""has"", ""a"", ""great"", ""pack"", ""on"", ""him"", ""like"", ""a"", ""peddler;"", ""or"", ""you"", ""might"", ""call"", ""him"", ""the"", ""Elephant"", ""and"", ""Castle"", ""whale.""]"
c0270,gutenberg,canonical,0,"Shall I, in cool blood, set loose upon the earth a dæmon whose delight is in death and wretchedness?","[""Shall"", ""I,"", ""in"", ""cool"", ""blood,"", ""set"", ""loose"", ""upon"", ""the"", ""earth"", ""a"", ""d\u00e6mon"", ""whose"", ""delight"", ""is"", ""in"", ""death"", ""and"", ""wretchedness?""]"
c0271,brown,canonical,0,"He would cross to Manhattan , to Harlem Heights , before morning .","[""He"", ""would"", ""cross"", ""to"", ""Manhattan"", "","", ""to"", ""Harlem"", ""Heights"", "","", ""before"", ""morning"", "".""]"
c0272,gutenberg,canonical,0,"For example, how did you deduce that this man was intellectual?”","[""For"", ""example,"", ""how"", ""did"", ""you"", ""deduce"", ""that"", ""this"", ""man"", ""was"", ""intellectual?\u201d""]"
c0273,brown,canonical,0,Then he slipped and went down on his hands and knees in the melting snow .,"[""Then"", ""he"", ""slipped"", ""and"", ""went"", ""down"", ""on"", ""his"", ""hands"", ""and"", ""knees"", ""in"", ""the"", ""melting"", ""snow"", "".""]"
c0274,brown,canonical,0,Such pseudo-questions assume that answers of concrete significance can be supplied to statements involving undefined universals .,"[""Such"", ""pseudo-questions"", ""assume"", ""that"", ""answers"", ""of"", ""concrete"", ""significance"", ""can"", ""be"", ""supplied"", ""to"", ""statements"", ""involving"", ""undefined"", ""universals"", "".""]"
c0275,brown,canonical,0,"Twice he left everything to his entourage , and fled to make the Santa Cruz tour under Vernon's guidance .","[""Twice"", ""he"", ""left"", ""everything"", ""to"", ""his"", ""entourage"", "","", ""and"", ""fled"", ""to"", ""make"", ""the"", ""Santa"", ""Cruz"", ""tour"", ""under"", ""Vernon's"", ""guidance"", "".""]"
c0276,brown,canonical,0,"Soon he was in trouble there , for defending a woman who was accused of smiling in church .","[""Soon"", ""he"", ""was"", ""in"", ""trouble"", ""there"", "","", ""for"", ""defending"", ""a"", ""woman"", ""who"", ""was"", ""accused"", ""of"", ""smiling"", ""in"", ""church"", "".""]"
c0277,gutenberg,canonical,0,"The driver wanted no directions, but lashed his horse into full speed, without the delay of an instant.","[""The"", ""driver"", ""wanted"", ""no"", ""directions,"", ""but"", ""lashed"", ""his"", ""horse"", ""into"", ""full"", ""speed,"", ""without"", ""the"", ""delay"", ""of"", ""an"", ""instant.""]"
c0278,gutenberg,canonical,0,"Ye did beget this luckless child, and have abandoned him, ye creative libertines.","[""Ye"", ""did"", ""beget"", ""this"", ""luckless"", ""child,"", ""and"", ""have"", ""abandoned"", ""him,"", ""ye"", ""creative"", ""libertines.""]"
c0279,gutenberg,canonical,0,You might not see one in a hundred with gentleman so plainly written as in Mr.,"[""You"", ""might"", ""not"", ""see"", ""one"", ""in"", ""a"", ""hundred"", ""with"", ""gentleman"", ""so"", ""plainly"", ""written"", ""as"", ""in"", ""Mr.""]"
c0280,brown,canonical,0,He had driven the car that passed them on the road outside Admassy's place .,"[""He"", ""had"", ""driven"", ""the"", ""car"", ""that"", ""passed"", ""them"", ""on"", ""the"", ""road"", ""outside"", ""Admassy's"", ""place"", "".""]"
c0281,gutenberg,canonical,0,"Poor kind Tootles, there is danger in the air for you to-night.","[""Poor"", ""kind"", ""Tootles,"", ""there"", ""is"", ""danger"", ""in"", ""the"", ""air"", ""for"", ""you"", ""to-night.""]"
c0282,gutenberg,canonical,0,"“Come, let’s try the first figure!” said the Mock Turtle to the Gryphon. “We can do without lobsters, you know.","[""\u201cCome,"", ""let\u2019s"", ""try"", ""the"", ""first"", ""figure!\u201d"", ""said"", ""the"", ""Mock"", ""Turtle"", ""to"", ""the"", ""Gryphon."", ""\u201cWe"", ""can"", ""do"", ""without"", ""lobsters,"", ""you"", ""know.""]"
c0283,gutenberg,canonical,0,Cruncher and his son went home to tea.,"[""Cruncher"", ""and"", ""his"", ""son"", ""went"", ""home"", ""to"", ""tea.""]"
c0284,brown,canonical,0,"Only the top of the head , with a spot bare and white as a clamshell , remained visible .","[""Only"", ""the"", ""top"", ""of"", ""the"", ""head"", "","", ""with"", ""a"", ""spot"", ""bare"", ""and"", ""white"", ""as"", ""a"", ""clamshell"", "","", ""remained"", ""visible"", "".""]"
c0285,brown,canonical,1,"A primary ingredient in these fields is imagination , and Tri-State Pipeline Corporation deserves a very good mark .","[""A"", ""primary"", ""ingredient"", ""in"", ""these"", ""fields"", ""is"", ""imagination"", "","", ""and"", ""Tri-State"", ""Pipeline"", ""Corporation"", ""deserves"", ""a"", ""very"", ""good"", ""mark"", "".""]"
c0286,gutenberg,canonical,0,It was a concert for the benefit of a person patronised by Lady Dalrymple.,"[""It"", ""was"", ""a"", ""concert"", ""for"", ""the"", ""benefit"", ""of"", ""a"", ""person"", ""patronised"", ""by"", ""Lady"", ""Dalrymple.""]"
c0287,brown,canonical,0,Patrolman G. E. Hammons said the car evidently slid out of control on rain-slick streets and slammed into the pole .,"[""Patrolman"", ""G."", ""E."", ""Hammons"", ""said"", ""the"", ""car"", ""evidently"", ""slid"", ""out"", ""of"", ""control"", ""on"", ""rain-slick"", ""streets"", ""and"", ""slammed"", ""into"", ""the"", ""pole"", "".""]"
c0288,gutenberg,canonical,0,The Psychologist was the only person besides the Doctor and myself who had attended the previous dinner.,"[""The"", ""Psychologist"", ""was"", ""the"", ""only"", ""person"", ""besides"", ""the"", ""Doctor"", ""and"", ""myself"", ""who"", ""had"", ""attended"", ""the"", ""previous"", ""dinner.""]"
c0289,gutenberg,canonical,0,S’pose this one here was to stick his skull out and say something!”,"[""S\u2019pose"", ""this"", ""one"", ""here"", ""was"", ""to"", ""stick"", ""his"", ""skull"", ""out"", ""and"", ""say"", ""something!\u201d""]"
c0290,gutenberg,canonical,0,"Quick!” cried John, taking command for the only time throughout the whole adventure.","[""Quick!\u201d"", ""cried"", ""John,"", ""taking"", ""command"", ""for"", ""the"", ""only"", ""time"", ""throughout"", ""the"", ""whole"", ""adventure.""]"
c0291,gutenberg,canonical,1,"Maria thought speaking out of the question, and the gentlemen did nothing but eat and admire.","[""Maria"", ""thought"", ""speaking"", ""out"", ""of"", ""the"", ""question,"", ""and"", ""the"", ""gentlemen"", ""did"", ""nothing"", ""but"", ""eat"", ""and"", ""admire.""]"
c0292,brown,canonical,0,He was Canute controlling the waves .,"[""He"", ""was"", ""Canute"", ""controlling"", ""the"", ""waves"", "".""]"
c0293,gutenberg,canonical,0,"I laid down the razor, turning as I did so half round to look for some sticking plaster.","[""I"", ""laid"", ""down"", ""the"", ""razor,"", ""turning"", ""as"", ""I"", ""did"", ""so"", ""half"", ""round"", ""to"", ""look"", ""for"", ""some"", ""sticking"", ""plaster.""]"
c0294,gutenberg,canonical,0,"The figures poured out past the corner, and receded with their backs to the group in the lane.","[""The"", ""figures"", ""poured"", ""out"", ""past"", ""the"", ""corner,"", ""and"", ""receded"", ""with"", ""their"", ""backs"", ""to"", ""the"", ""group"", ""in"", ""the"", ""lane.""]"
c0295,brown,canonical,0,"They slid through the wicket in the big gate , ghosted across the dark ground .","[""They"", ""slid"", ""through"", ""the"", ""wicket"", ""in"", ""the"", ""big"", ""gate"", "","", ""ghosted"", ""across"", ""the"", ""dark"", ""ground"", "".""]"
c0296,gutenberg,canonical,0,The same anxiety to get them by themselves was visible again in the evening.,"[""The"", ""same"", ""anxiety"", ""to"", ""get"", ""them"", ""by"", ""themselves"", ""was"", ""visible"", ""again"", ""in"", ""the"", ""evening.""]"
c0297,brown,canonical,0,The work of Lay Visitation Evangelism is not completed when all of the persons on the Responsibility List have been interviewed .,"[""The"", ""work"", ""of"", ""Lay"", ""Visitation"", ""Evangelism"", ""is"", ""not"", ""completed"", ""when"", ""all"", ""of"", ""the"", ""persons"", ""on"", ""the"", ""Responsibility"", ""List"", ""have"", ""been"", ""interviewed"", "".""]"
c0298,brown,canonical,1,Every policy officer cannot help but be a planning officer .,"[""Every"", ""policy"", ""officer"", ""cannot"", ""help"", ""but"", ""be"", ""a"", ""planning"", ""officer"", "".""]"
c0299,gutenberg,canonical,0,"You couldn’t make out what the preacher said any more, on account of the shouting and crying.","[""You"", ""couldn\u2019t"", ""make"", ""out"", ""what"", ""the"", ""preacher"", ""said"", ""any"", ""more,"", ""on"", ""account"", ""of"", ""the"", ""shouting"", ""and"", ""crying.""]"
c0300,gutenberg,canonical,0,"A body can get used to anything, even to being hanged, as the Irishman said.”","[""A"", ""body"", ""can"", ""get"", ""used"", ""to"", ""anything,"", ""even"", ""to"", ""being"", ""hanged,"", ""as"", ""the"", ""Irishman"", ""said.\u201d""]"
c0301,gutenberg,canonical,0,One man on horseback seemed to be among the crowd; for there was the noise of hoofs rattling on the uneven pavement.,"[""One"", ""man"", ""on"", ""horseback"", ""seemed"", ""to"", ""be"", ""among"", ""the"", ""crowd;"", ""for"", ""there"", ""was"", ""the"", ""noise"", ""of"", ""hoofs"", ""rattling"", ""on"", ""the"", ""uneven"", ""pavement.""]"
c0302,brown,canonical,0,He would wake up in the middle of the night and fret about it .,"[""He"", ""would"", ""wake"", ""up"", ""in"", ""the"", ""middle"", ""of"", ""the"", ""night"", ""and"", ""fret"", ""about"", ""it"", "".""]"
c0303,brown,canonical,0,Another reason gymnastic study is valuable is that it can be started very early in life .,"[""Another"", ""reason"", ""gymnastic"", ""study"", ""is"", ""valuable"", ""is"", ""that"", ""it"", ""can"", ""be"", ""started"", ""very"", ""early"", ""in"", ""life"", "".""]"
c0304,brown,canonical,0,And the policy officer has the hounds of time snapping at his heels .,"[""And"", ""the"", ""policy"", ""officer"", ""has"", ""the"", ""hounds"", ""of"", ""time"", ""snapping"", ""at"", ""his"", ""heels"", "".""]"
c0305,brown,canonical,0,"It leases the whole facility to a large oil company , at least large enough to have a strong credit position .","[""It"", ""leases"", ""the"", ""whole"", ""facility"", ""to"", ""a"", ""large"", ""oil"", ""company"", "","", ""at"", ""least"", ""large"", ""enough"", ""to"", ""have"", ""a"", ""strong"", ""credit"", ""position"", "".""]"
c0306,gutenberg,canonical,0,We travelled at the time of the vintage and heard the song of the labourers as we glided down the stream.,"[""We"", ""travelled"", ""at"", ""the"", ""time"", ""of"", ""the"", ""vintage"", ""and"", ""heard"", ""the"", ""song"", ""of"", ""the"", ""labourers"", ""as"", ""we"", ""glided"", ""down"", ""the"", ""stream.""]"
c0307,gutenberg,canonical,0,"“Well, den, she ain’t got no business to talk like either one er the yuther of ’em.","[""\u201cWell,"", ""den,"", ""she"", ""ain\u2019t"", ""got"", ""no"", ""business"", ""to"", ""talk"", ""like"", ""either"", ""one"", ""er"", ""the"", ""yuther"", ""of"", ""\u2019em.""]"
c0308,gutenberg,canonical,0,"Her Bath habits made evening-parties perfectly natural to her, and Maple Grove had given her a taste for dinners.","[""Her"", ""Bath"", ""habits"", ""made"", ""evening-parties"", ""perfectly"", ""natural"", ""to"", ""her,"", ""and"", ""Maple"", ""Grove"", ""had"", ""given"", ""her"", ""a"", ""taste"", ""for"", ""dinners.""]"
c0309,gutenberg,canonical,0,A light shone through the keyhole and from under the door; a profound stillness pervaded the vicinity.,"[""A"", ""light"", ""shone"", ""through"", ""the"", ""keyhole"", ""and"", ""from"", ""under"", ""the"", ""door;"", ""a"", ""profound"", ""stillness"", ""pervaded"", ""the"", ""vicinity.""]"
c0310,gutenberg,canonical,0,"Mann raised her hands in astonishment; but added, after a moment’s reflection, “How comes he to have any name at all, then?”","[""Mann"", ""raised"", ""her"", ""hands"", ""in"", ""astonishment;"", ""but"", ""added,"", ""after"", ""a"", ""moment\u2019s"", ""reflection,"", ""\u201cHow"", ""comes"", ""he"", ""to"", ""have"", ""any"", ""name"", ""at"", ""all,"", ""then?\u201d""]"
c0311,gutenberg,canonical,0,"The only one among them, whose opposition of feeling could excite any serious anxiety was Lady Russell.","[""The"", ""only"", ""one"", ""among"", ""them,"", ""whose"", ""opposition"", ""of"", ""feeling"", ""could"", ""excite"", ""any"", ""serious"", ""anxiety"", ""was"", ""Lady"", ""Russell.""]"
c0312,gutenberg,canonical,1,"First of all, with respect to the foreign nonsense so prevalent now in England.","[""First"", ""of"", ""all,"", ""with"", ""respect"", ""to"", ""the"", ""foreign"", ""nonsense"", ""so"", ""prevalent"", ""now"", ""in"", ""England.""]"
c0313,gutenberg,canonical,0,"Earnshaw rose, too, and bid her come to the settle, and sit close by the fire: he was sure she was starved.","[""Earnshaw"", ""rose,"", ""too,"", ""and"", ""bid"", ""her"", ""come"", ""to"", ""the"", ""settle,"", ""and"", ""sit"", ""close"", ""by"", ""the"", ""fire:"", ""he"", ""was"", ""sure"", ""she"", ""was"", ""starved.""]"
c0314,gutenberg,canonical,0,"The gentleman said not another word, but, opening the chaise-door, leaped out, and taking Oliver hurriedly by the arm, led him aside.","[""The"", ""gentleman"", ""said"", ""not"", ""another"", ""word,"", ""but,"", ""opening"", ""the"", ""chaise-door,"", ""leaped"", ""out,"", ""and"", ""taking"", ""Oliver"", ""hurriedly"", ""by"", ""the"", ""arm,"", ""led"", ""him"", ""aside.""]"
c0315,brown,canonical,0,"The council revised , in an effort to strengthen , the denomination's 16 basic beliefs adopted in 1966 .","[""The"", ""council"", ""revised"", "","", ""in"", ""an"", ""effort"", ""to"", ""strengthen"", "","", ""the"", ""denomination's"", ""16"", ""basic"", ""beliefs"", ""adopted"", ""in"", ""1966"", "".""]"
c0316,gutenberg,canonical,0,"The compliment was just returned, coldly and proudly; and, under indescribable irritation of spirits, she was then conveyed to Hartfield.","[""The"", ""compliment"", ""was"", ""just"", ""returned,"", ""coldly"", ""and"", ""proudly;"", ""and,"", ""under"", ""indescribable"", ""irritation"", ""of"", ""spirits,"", ""she"", ""was"", ""then"", ""conveyed"", ""to"", ""Hartfield.""]"
c0317,gutenberg,canonical,0,"The evening is closing in, and grandmama will be looking for us.","[""The"", ""evening"", ""is"", ""closing"", ""in,"", ""and"", ""grandmama"", ""will"", ""be"", ""looking"", ""for"", ""us.""]"
c0318,gutenberg,canonical,0,"“You have a very small park here,” returned Lady Catherine, after a short silence.","[""\u201cYou"", ""have"", ""a"", ""very"", ""small"", ""park"", ""here,\u201d"", ""returned"", ""Lady"", ""Catherine,"", ""after"", ""a"", ""short"", ""silence.""]"
c0319,brown,canonical,0,Somewhere in the city a big clock sounded twelve solemn notes -- midnight .,"[""Somewhere"", ""in"", ""the"", ""city"", ""a"", ""big"", ""clock"", ""sounded"", ""twelve"", ""solemn"", ""notes"", ""--"", ""midnight"", "".""]"
c0320,gutenberg,canonical,0,"Every living creature there held life as of no account, and was demented with a passionate readiness to sacrifice it.","[""Every"", ""living"", ""creature"", ""there"", ""held"", ""life"", ""as"", ""of"", ""no"", ""account,"", ""and"", ""was"", ""demented"", ""with"", ""a"", ""passionate"", ""readiness"", ""to"", ""sacrifice"", ""it.""]"
c0321,gutenberg,canonical,0,The rest of the evening was spent in conjecturing how soon he would return Mr.,"[""The"", ""rest"", ""of"", ""the"", ""evening"", ""was"", ""spent"", ""in"", ""conjecturing"", ""how"", ""soon"", ""he"", ""would"", ""return"", ""Mr.""]"
c0322,gutenberg,canonical,0,Now surely he would understand; but not a bit of it.,"[""Now"", ""surely"", ""he"", ""would"", ""understand;"", ""but"", ""not"", ""a"", ""bit"", ""of"", ""it.""]"
c0323,gutenberg,canonical,0,"She disliked Bath, and did not think it agreed with her; and Bath was to be her home.","[""She"", ""disliked"", ""Bath,"", ""and"", ""did"", ""not"", ""think"", ""it"", ""agreed"", ""with"", ""her;"", ""and"", ""Bath"", ""was"", ""to"", ""be"", ""her"", ""home.""]"
c0324,gutenberg,canonical,0,"“Anne, this is terrible,” she said, trying to speak calmly. “You are the very wickedest girl I ever heard of.”","[""\u201cAnne,"", ""this"", ""is"", ""terrible,\u201d"", ""she"", ""said,"", ""trying"", ""to"", ""speak"", ""calmly."", ""\u201cYou"", ""are"", ""the"", ""very"", ""wickedest"", ""girl"", ""I"", ""ever"", ""heard"", ""of.\u201d""]"
c0325,brown,canonical,0,"Going through a door into another small court , I had the Throne Room directly in front .","[""Going"", ""through"", ""a"", ""door"", ""into"", ""another"", ""small"", ""court"", "","", ""I"", ""had"", ""the"", ""Throne"", ""Room"", ""directly"", ""in"", ""front"", "".""]"
c0326,gutenberg,canonical,0,Trouble me no more about her.,"[""Trouble"", ""me"", ""no"", ""more"", ""about"", ""her.""]"
c0327,gutenberg,canonical,0,"About the year 1838 the gaming houses were kept open all day, the dice were scarcely ever idle, day or night.","[""About"", ""the"", ""year"", ""1838"", ""the"", ""gaming"", ""houses"", ""were"", ""kept"", ""open"", ""all"", ""day,"", ""the"", ""dice"", ""were"", ""scarcely"", ""ever"", ""idle,"", ""day"", ""or"", ""night.""]"
c0328,gutenberg,canonical,0,"“Well, Miss Woodhouse!” cried Harriet, coming eagerly into the room—“is not this the oddest news that ever was?”","[""\u201cWell,"", ""Miss"", ""Woodhouse!\u201d"", ""cried"", ""Harriet,"", ""coming"", ""eagerly"", ""into"", ""the"", ""room\u2014\u201cis"", ""not"", ""this"", ""the"", ""oddest"", ""news"", ""that"", ""ever"", ""was?\u201d""]"
c0329,gutenberg,canonical,0,"""Lord bless me!"" cried the gentleman, as if his breath were taken away.","[""\""Lord"", ""bless"", ""me!\"""", ""cried"", ""the"", ""gentleman,"", ""as"", ""if"", ""his"", ""breath"", ""were"", ""taken"", ""away.""]"
c0330,gutenberg,canonical,0,"“We must protect him ourselves if he is in danger,” replied the Tin Woodman.","[""\u201cWe"", ""must"", ""protect"", ""him"", ""ourselves"", ""if"", ""he"", ""is"", ""in"", ""danger,\u201d"", ""replied"", ""the"", ""Tin"", ""Woodman.""]"
c0331,gutenberg,canonical,0,I was already a dying and a desperate man.,"[""I"", ""was"", ""already"", ""a"", ""dying"", ""and"", ""a"", ""desperate"", ""man.""]"
c0332,gutenberg,canonical,0,"Sikes had stared at one another in a disconcerted manner; “you,—you’re more clever than ever tonight.","[""Sikes"", ""had"", ""stared"", ""at"", ""one"", ""another"", ""in"", ""a"", ""disconcerted"", ""manner;"", ""\u201cyou,\u2014you\u2019re"", ""more"", ""clever"", ""than"", ""ever"", ""tonight.""]"
c0333,gutenberg,canonical,0,"The early morning was wonderfully still, and the sun, just clearing the pine trees towards Weybridge, was already warm.","[""The"", ""early"", ""morning"", ""was"", ""wonderfully"", ""still,"", ""and"", ""the"", ""sun,"", ""just"", ""clearing"", ""the"", ""pine"", ""trees"", ""towards"", ""Weybridge,"", ""was"", ""already"", ""warm.""]"
c0334,gutenberg,canonical,0,It is the great marvel in the history of writing.,"[""It"", ""is"", ""the"", ""great"", ""marvel"", ""in"", ""the"", ""history"", ""of"", ""writing.""]"
c0335,gutenberg,canonical,0,In the new teacher she found another true and helpful friend.,"[""In"", ""the"", ""new"", ""teacher"", ""she"", ""found"", ""another"", ""true"", ""and"", ""helpful"", ""friend.""]"
c0336,gutenberg,canonical,0,All persons more than a mile high to leave the court.”,"[""All"", ""persons"", ""more"", ""than"", ""a"", ""mile"", ""high"", ""to"", ""leave"", ""the"", ""court.\u201d""]"
c0337,brown,canonical,0,"We set up the Lloyd's Neck school , worked out its curriculum , and taught there .","[""We"", ""set"", ""up"", ""the"", ""Lloyd's"", ""Neck"", ""school"", "","", ""worked"", ""out"", ""its"", ""curriculum"", "","", ""and"", ""taught"", ""there"", "".""]"
c0338,brown,canonical,0,He walked toward the center of the city to keep his rendezvous with Styka .,"[""He"", ""walked"", ""toward"", ""the"", ""center"", ""of"", ""the"", ""city"", ""to"", ""keep"", ""his"", ""rendezvous"", ""with"", ""Styka"", "".""]"
c0339,brown,canonical,0,The other patrons were taxi drivers and art students and small shopkeepers .,"[""The"", ""other"", ""patrons"", ""were"", ""taxi"", ""drivers"", ""and"", ""art"", ""students"", ""and"", ""small"", ""shopkeepers"", "".""]"
c0340,gutenberg,canonical,0,"""Oliver and his men fought the battle of English independence against a wretched king and corrupt lords.","[""\""Oliver"", ""and"", ""his"", ""men"", ""fought"", ""the"", ""battle"", ""of"", ""English"", ""independence"", ""against"", ""a"", ""wretched"", ""king"", ""and"", ""corrupt"", ""lords.""]"
c0341,gutenberg,canonical,0,"Lorry) had become their daily retainer, and had his bed there every night.","[""Lorry)"", ""had"", ""become"", ""their"", ""daily"", ""retainer,"", ""and"", ""had"", ""his"", ""bed"", ""there"", ""every"", ""night.""]"
c0342,brown,canonical,0,A Junior who won two or more wins in the Open Class was eligible .,"[""A"", ""Junior"", ""who"", ""won"", ""two"", ""or"", ""more"", ""wins"", ""in"", ""the"", ""Open"", ""Class"", ""was"", ""eligible"", "".""]"
c0343,brown,canonical,0,No comments were made during the voting .,"[""No"", ""comments"", ""were"", ""made"", ""during"", ""the"", ""voting"", "".""]"
c0344,gutenberg,canonical,1,"“I like it,” she answered, after a pause of a second or two, during which she examined me.","[""\u201cI"", ""like"", ""it,\u201d"", ""she"", ""answered,"", ""after"", ""a"", ""pause"", ""of"", ""a"", ""second"", ""or"", ""two,"", ""during"", ""which"", ""she"", ""examined"", ""me.""]"
c0345,gutenberg,canonical,0,"The young men of the age lose ten, fifteen, twenty thousand pounds in an evening there.","[""The"", ""young"", ""men"", ""of"", ""the"", ""age"", ""lose"", ""ten,"", ""fifteen,"", ""twenty"", ""thousand"", ""pounds"", ""in"", ""an"", ""evening"", ""there.""]"
c0346,gutenberg,canonical,0,"I procured him a double supply, and left him as happy a man as, I suppose, any in the world.","[""I"", ""procured"", ""him"", ""a"", ""double"", ""supply,"", ""and"", ""left"", ""him"", ""as"", ""happy"", ""a"", ""man"", ""as,"", ""I"", ""suppose,"", ""any"", ""in"", ""the"", ""world.""]"
c0347,gutenberg,canonical,0,"But anyway they don’t come around in the daytime, so what’s the use of our being afeard?”","[""But"", ""anyway"", ""they"", ""don\u2019t"", ""come"", ""around"", ""in"", ""the"", ""daytime,"", ""so"", ""what\u2019s"", ""the"", ""use"", ""of"", ""our"", ""being"", ""afeard?\u201d""]"
c0348,brown,canonical,0,"The letter , dated Feb. 22 , was delivered to Premier Khrushchev in Novosibirsk , Siberia , on March 9 .","[""The"", ""letter"", "","", ""dated"", ""Feb."", ""22"", "","", ""was"", ""delivered"", ""to"", ""Premier"", ""Khrushchev"", ""in"", ""Novosibirsk"", "","", ""Siberia"", "","", ""on"", ""March"", ""9"", "".""]"
c0349,gutenberg,canonical,0,“Now the Lord had prepared a great fish to swallow up Jonah.” —Jonah.,"[""\u201cNow"", ""the"", ""Lord"", ""had"", ""prepared"", ""a"", ""great"", ""fish"", ""to"", ""swallow"", ""up"", ""Jonah.\u201d"", ""\u2014Jonah.""]"
c0350,brown,canonical,1,Family Service could not open its doors to a single family without the financial support of the United Givers Fund .,"[""Family"", ""Service"", ""could"", ""not"", ""open"", ""its"", ""doors"", ""to"", ""a"", ""single"", ""family"", ""without"", ""the"", ""financial"", ""support"", ""of"", ""the"", ""United"", ""Givers"", ""Fund"", "".""]"
c0351,gutenberg,canonical,0,Their guest did not protract his stay that evening above an hour longer.,"[""Their"", ""guest"", ""did"", ""not"", ""protract"", ""his"", ""stay"", ""that"", ""evening"", ""above"", ""an"", ""hour"", ""longer.""]"
c0352,gutenberg,canonical,0,Still I would penetrate their misty veil and seek them in their cloudy retreats.,"[""Still"", ""I"", ""would"", ""penetrate"", ""their"", ""misty"", ""veil"", ""and"", ""seek"", ""them"", ""in"", ""their"", ""cloudy"", ""retreats.""]"
c0353,gutenberg,canonical,0,But no person could command these strange creatures more than three times.,"[""But"", ""no"", ""person"", ""could"", ""command"", ""these"", ""strange"", ""creatures"", ""more"", ""than"", ""three"", ""times.""]"
c0354,gutenberg,canonical,0,"Knight, is presented in a painting at Beni Hassan.","[""Knight,"", ""is"", ""presented"", ""in"", ""a"", ""painting"", ""at"", ""Beni"", ""Hassan.""]"
c0355,gutenberg,canonical,0,"Upon the whole I was rather pleased with the old man, and much with all about him.","[""Upon"", ""the"", ""whole"", ""I"", ""was"", ""rather"", ""pleased"", ""with"", ""the"", ""old"", ""man,"", ""and"", ""much"", ""with"", ""all"", ""about"", ""him.""]"
c0356,brown,canonical,1,I admire the English lady .,"[""I"", ""admire"", ""the"", ""English"", ""lady"", "".""]"
c0357,gutenberg,canonical,0,"It was mere lively chat, such as any young persons, on an intimate footing, might fall into.","[""It"", ""was"", ""mere"", ""lively"", ""chat,"", ""such"", ""as"", ""any"", ""young"", ""persons,"", ""on"", ""an"", ""intimate"", ""footing,"", ""might"", ""fall"", ""into.""]"
c0358,brown,canonical,1,"Having no choice , he plunged into it , anyway , holding onto the microphone for support .","[""Having"", ""no"", ""choice"", "","", ""he"", ""plunged"", ""into"", ""it"", "","", ""anyway"", "","", ""holding"", ""onto"", ""the"", ""microphone"", ""for"", ""support"", "".""]"
c0359,gutenberg,canonical,0,"One young fellow in a green box coat, addressed himself to these dumplings in a most direful manner.","[""One"", ""young"", ""fellow"", ""in"", ""a"", ""green"", ""box"", ""coat,"", ""addressed"", ""himself"", ""to"", ""these"", ""dumplings"", ""in"", ""a"", ""most"", ""direful"", ""manner.""]"
c0360,gutenberg,canonical,0,All trace of the moon had vanished.,"[""All"", ""trace"", ""of"", ""the"", ""moon"", ""had"", ""vanished.""]"
c0361,brown,canonical,0,Long weekends enable many to get away from home for three or four days several times a year .,"[""Long"", ""weekends"", ""enable"", ""many"", ""to"", ""get"", ""away"", ""from"", ""home"", ""for"", ""three"", ""or"", ""four"", ""days"", ""several"", ""times"", ""a"", ""year"", "".""]"
c0362,brown,canonical,0,"It was late , and Blackman was ready to go to sleep , but Lewis was not .","[""It"", ""was"", ""late"", "","", ""and"", ""Blackman"", ""was"", ""ready"", ""to"", ""go"", ""to"", ""sleep"", "","", ""but"", ""Lewis"", ""was"", ""not"", "".""]"
c0363,gutenberg,canonical,0,"While her father spoke, there was a knock at the door.","[""While"", ""her"", ""father"", ""spoke,"", ""there"", ""was"", ""a"", ""knock"", ""at"", ""the"", ""door.""]"
c0364,gutenberg,canonical,0,The sound of a horse at a gallop came fast and furiously up the hill.,"[""The"", ""sound"", ""of"", ""a"", ""horse"", ""at"", ""a"", ""gallop"", ""came"", ""fast"", ""and"", ""furiously"", ""up"", ""the"", ""hill.""]"
c0365,gutenberg,canonical,0,"As she lay there in my arms, and I in hers, the flapping and buffeting came to the window again.","[""As"", ""she"", ""lay"", ""there"", ""in"", ""my"", ""arms,"", ""and"", ""I"", ""in"", ""hers,"", ""the"", ""flapping"", ""and"", ""buffeting"", ""came"", ""to"", ""the"", ""window"", ""again.""]"
c0366,brown,canonical,0,"He is married to the former Audrey Knecht and has a daughter , Karol , 13 .","[""He"", ""is"", ""married"", ""to"", ""the"", ""former"", ""Audrey"", ""Knecht"", ""and"", ""has"", ""a"", ""daughter"", "","", ""Karol"", "","", ""13"", "".""]"
c0367,gutenberg,canonical,0,"A noble craft, but somehow a most melancholy!","[""A"", ""noble"", ""craft,"", ""but"", ""somehow"", ""a"", ""most"", ""melancholy!""]"
c0368,gutenberg,canonical,0,I had forgotten the strange pets which the Doctor affected.,"[""I"", ""had"", ""forgotten"", ""the"", ""strange"", ""pets"", ""which"", ""the"", ""Doctor"", ""affected.""]"
c0369,gutenberg,canonical,1,"Gardiner added, in his letter, that they might expect to see their father at home on the following day, which was Saturday.","[""Gardiner"", ""added,"", ""in"", ""his"", ""letter,"", ""that"", ""they"", ""might"", ""expect"", ""to"", ""see"", ""their"", ""father"", ""at"", ""home"", ""on"", ""the"", ""following"", ""day,"", ""which"", ""was"", ""Saturday.""]"
c0370,brown,canonical,0,And he would have enjoyed it just as much if he had been a Nazi .,"[""And"", ""he"", ""would"", ""have"", ""enjoyed"", ""it"", ""just"", ""as"", ""much"", ""if"", ""he"", ""had"", ""been"", ""a"", ""Nazi"", "".""]"
c0371,gutenberg,canonical,0,"“Did you?” Not in my time, I thought: you are a stranger to me.","[""\u201cDid"", ""you?\u201d"", ""Not"", ""in"", ""my"", ""time,"", ""I"", ""thought:"", ""you"", ""are"", ""a"", ""stranger"", ""to"", ""me.""]"
c0372,brown,canonical,0,"With the March pickup , dealers are optimistic that the April-June quarter will equal or top last year .","[""With"", ""the"", ""March"", ""pickup"", "","", ""dealers"", ""are"", ""optimistic"", ""that"", ""the"", ""April-June"", ""quarter"", ""will"", ""equal"", ""or"", ""top"", ""last"", ""year"", "".""]"
c0373,gutenberg,canonical,0,You must draw me short bills for the sum of one hundred thousand francs.',"[""You"", ""must"", ""draw"", ""me"", ""short"", ""bills"", ""for"", ""the"", ""sum"", ""of"", ""one"", ""hundred"", ""thousand"", ""francs.'""]"
c0374,gutenberg,canonical,0,"If he got a notion in his head once, there warn’t no getting it out again.","[""If"", ""he"", ""got"", ""a"", ""notion"", ""in"", ""his"", ""head"", ""once,"", ""there"", ""warn\u2019t"", ""no"", ""getting"", ""it"", ""out"", ""again.""]"
c0375,gutenberg,canonical,1,"Then opening a side door which led from the bar into the back yard, he beckoned me to follow him.","[""Then"", ""opening"", ""a"", ""side"", ""door"", ""which"", ""led"", ""from"", ""the"", ""bar"", ""into"", ""the"", ""back"", ""yard,"", ""he"", ""beckoned"", ""me"", ""to"", ""follow"", ""him.""]"
c0376,gutenberg,canonical,0,"“Suppose,” John said, a little huskily, “he were to wake up.”","[""\u201cSuppose,\u201d"", ""John"", ""said,"", ""a"", ""little"", ""huskily,"", ""\u201che"", ""were"", ""to"", ""wake"", ""up.\u201d""]"
c0377,brown,canonical,0,"Two cars came over a crest , their chrome and glass flashing .","[""Two"", ""cars"", ""came"", ""over"", ""a"", ""crest"", "","", ""their"", ""chrome"", ""and"", ""glass"", ""flashing"", "".""]"
c0378,gutenberg,canonical,0,"It was not quite dark; the door was partially open; and the candle outside, threw a feeble reflection on the opposite wall.","[""It"", ""was"", ""not"", ""quite"", ""dark;"", ""the"", ""door"", ""was"", ""partially"", ""open;"", ""and"", ""the"", ""candle"", ""outside,"", ""threw"", ""a"", ""feeble"", ""reflection"", ""on"", ""the"", ""opposite"", ""wall.""]"
c0379,gutenberg,canonical,0,“So seldom that any negligence or blunder appears!,"[""\u201cSo"", ""seldom"", ""that"", ""any"", ""negligence"", ""or"", ""blunder"", ""appears!""]"
c0380,brown,canonical,0,"Note , too , that the Kennedy textile plan looks toward modernization or shrinkage of the U.S. textile industry .","[""Note"", "","", ""too"", "","", ""that"", ""the"", ""Kennedy"", ""textile"", ""plan"", ""looks"", ""toward"", ""modernization"", ""or"", ""shrinkage"", ""of"", ""the"", ""U.S."", ""textile"", ""industry"", "".""]"
c0381,gutenberg,canonical,0,Take off your boots now and go to bed.,"[""Take"", ""off"", ""your"", ""boots"", ""now"", ""and"", ""go"", ""to"", ""bed.""]"
c0382,gutenberg,canonical,1,"Let our good friend here, assist you on that side.","[""Let"", ""our"", ""good"", ""friend"", ""here,"", ""assist"", ""you"", ""on"", ""that"", ""side.""]"
c0383,brown,canonical,0,"Well , Allied Arts has booked Lena Horne there for a week starting Dec. 4 .","[""Well"", "","", ""Allied"", ""Arts"", ""has"", ""booked"", ""Lena"", ""Horne"", ""there"", ""for"", ""a"", ""week"", ""starting"", ""Dec."", ""4"", "".""]"
c0384,gutenberg,canonical,0,"I will, with your leave, relate to you, miss, the story of one of our customers.”","[""I"", ""will,"", ""with"", ""your"", ""leave,"", ""relate"", ""to"", ""you,"", ""miss,"", ""the"", ""story"", ""of"", ""one"", ""of"", ""our"", ""customers.\u201d""]"
c0385,brown,canonical,0,Beyond the aesthetic and technical aspects of this expansion we must consider the change in pottery style on broader lines .,"[""Beyond"", ""the"", ""aesthetic"", ""and"", ""technical"", ""aspects"", ""of"", ""this"", ""expansion"", ""we"", ""must"", ""consider"", ""the"", ""change"", ""in"", ""pottery"", ""style"", ""on"", ""broader"", ""lines"", "".""]"
c0386,gutenberg,canonical,0,"Confide some other passion to me, if you will; I will be the truest, warmest, and most faithful friend you have.”","[""Confide"", ""some"", ""other"", ""passion"", ""to"", ""me,"", ""if"", ""you"", ""will;"", ""I"", ""will"", ""be"", ""the"", ""truest,"", ""warmest,"", ""and"", ""most"", ""faithful"", ""friend"", ""you"", ""have.\u201d""]"
c0387,brown,canonical,0,"In addition to the known principal globulin , excelsin , three other ultracentrifugally distinct components have been observed .","[""In"", ""addition"", ""to"", ""the"", ""known"", ""principal"", ""globulin"", "","", ""excelsin"", "","", ""three"", ""other"", ""ultracentrifugally"", ""distinct"", ""components"", ""have"", ""been"", ""observed"", "".""]"
c0388,brown,canonical,0,The analyst is apt to be too honest to fit in .,"[""The"", ""analyst"", ""is"", ""apt"", ""to"", ""be"", ""too"", ""honest"", ""to"", ""fit"", ""in"", "".""]"
c0389,gutenberg,canonical,0,"The frenzies of the chase had by this time worked them bubblingly up, like old wine worked anew.","[""The"", ""frenzies"", ""of"", ""the"", ""chase"", ""had"", ""by"", ""this"", ""time"", ""worked"", ""them"", ""bubblingly"", ""up,"", ""like"", ""old"", ""wine"", ""worked"", ""anew.""]"
c0390,gutenberg,canonical,0,The clergyman looked up at the speaker and stood mute; the clerk did the same; Mr.,"[""The"", ""clergyman"", ""looked"", ""up"", ""at"", ""the"", ""speaker"", ""and"", ""stood"", ""mute;"", ""the"", ""clerk"", ""did"", ""the"", ""same;"", ""Mr.""]"
c0391,gutenberg,canonical,0,I lay awake most of the night thinking about it.,"[""I"", ""lay"", ""awake"", ""most"", ""of"", ""the"", ""night"", ""thinking"", ""about"", ""it.""]"
c0392,gutenberg,canonical,0,The dreadful secret of the murder was a chronic misery.,"[""The"", ""dreadful"", ""secret"", ""of"", ""the"", ""murder"", ""was"", ""a"", ""chronic"", ""misery.""]"
c0393,gutenberg,canonical,0,"The crowd fell apart, now, and the Sheriff came through, ostentatiously leading Potter by the arm.","[""The"", ""crowd"", ""fell"", ""apart,"", ""now,"", ""and"", ""the"", ""Sheriff"", ""came"", ""through,"", ""ostentatiously"", ""leading"", ""Potter"", ""by"", ""the"", ""arm.""]"
c0394,brown,canonical,0,The plants along Route 128 are mostly well designed and nicely set against the New England rocks and trees .,"[""The"", ""plants"", ""along"", ""Route"", ""128"", ""are"", ""mostly"", ""well"", ""designed"", ""and"", ""nicely"", ""set"", ""against"", ""the"", ""New"", ""England"", ""rocks"", ""and"", ""trees"", "".""]"
c0395,gutenberg,canonical,0,The evening of their expected arrival came.,"[""The"", ""evening"", ""of"", ""their"", ""expected"", ""arrival"", ""came.""]"
c0396,brown,canonical,0,How many children did the King have ? ?,"[""How"", ""many"", ""children"", ""did"", ""the"", ""King"", ""have"", ""?"", ""?""]"
c0397,gutenberg,canonical,1,"Having held the first bottle up to the light, and shaken it well to test its excellence, Mr.","[""Having"", ""held"", ""the"", ""first"", ""bottle"", ""up"", ""to"", ""the"", ""light,"", ""and"", ""shaken"", ""it"", ""well"", ""to"", ""test"", ""its"", ""excellence,"", ""Mr.""]"
c0398,brown,canonical,0,The old established independent art schools try their best to fulfill their obligations .,"[""The"", ""old"", ""established"", ""independent"", ""art"", ""schools"", ""try"", ""their"", ""best"", ""to"", ""fulfill"", ""their"", ""obligations"", "".""]"
c0399,gutenberg,canonical,0,"I had not a moment to lose, but seizing the hand of the old man, I cried, ‘Now is the time!","[""I"", ""had"", ""not"", ""a"", ""moment"", ""to"", ""lose,"", ""but"", ""seizing"", ""the"", ""hand"", ""of"", ""the"", ""old"", ""man,"", ""I"", ""cried,"", ""\u2018Now"", ""is"", ""the"", ""time!""]"
c0400,gutenberg,canonical,0,"He had, however----” He stopped suddenly, looking at the poor drooping figure on the bed.","[""He"", ""had,"", ""however----\u201d"", ""He"", ""stopped"", ""suddenly,"", ""looking"", ""at"", ""the"", ""poor"", ""drooping"", ""figure"", ""on"", ""the"", ""bed.""]"
c0401,brown,cleft,0,And it was Lucy Upton who first started the idea of a regular course in Music at Spelman College .,"[""And"", ""it"", ""was"", ""Lucy"", ""Upton"", ""who"", ""first"", ""started"", ""the"", ""idea"", ""of"", ""a"", ""regular"", ""course"", ""in"", ""Music"", ""at"", ""Spelman"", ""College"", "".""]"
c0402,gutenberg,cleft,0,I think it is the state of mind which gives most spirit and delight.,"[""I"", ""think"", ""it"", ""is"", ""the"", ""state"", ""of"", ""mind"", ""which"", ""gives"", ""most"", ""spirit"", ""and"", ""delight.""]"
c0403,gutenberg,cleft,0,It was a smart little landau which rattled up to the door of Briony Lodge.,"[""It"", ""was"", ""a"", ""smart"", ""little"", ""landau"", ""which"", ""rattled"", ""up"", ""to"", ""the"", ""door"", ""of"", ""Briony"", ""Lodge.""]"
c0404,brown,cleft,0,It is the chief merit in Copernicus' work that all his planetary calculations are interdependent .,"[""It"", ""is"", ""the"", ""chief"", ""merit"", ""in"", ""Copernicus'"", ""work"", ""that"", ""all"", ""his"", ""planetary"", ""calculations"", ""are"", ""interdependent"", "".""]"
c0405,gutenberg,cleft,0,"As to the tall, curly-haired man, I suppose it was the one who was with me at the last Pop.","[""As"", ""to"", ""the"", ""tall,"", ""curly-haired"", ""man,"", ""I"", ""suppose"", ""it"", ""was"", ""the"", ""one"", ""who"", ""was"", ""with"", ""me"", ""at"", ""the"", ""last"", ""Pop.""]"
c0406,gutenberg,cleft,0,"Formerly it was a game in very great vogue among the macers, who congregated nightly at the 'flash houses.'","[""Formerly"", ""it"", ""was"", ""a"", ""game"", ""in"", ""very"", ""great"", ""vogue"", ""among"", ""the"", ""macers,"", ""who"", ""congregated"", ""nightly"", ""at"", ""the"", ""'flash"", ""houses.'""]"
c0407,gutenberg,cleft,0,"But, it was the old scared lost look that troubled Mr.","[""But,"", ""it"", ""was"", ""the"", ""old"", ""scared"", ""lost"", ""look"", ""that"", ""troubled"", ""Mr.""]"
c0408,brown,cleft,0,It is a number without which the equation cannot be solved correctly .,"[""It"", ""is"", ""a"", ""number"", ""without"", ""which"", ""the"", ""equation"", ""cannot"", ""be"", ""solved"", ""correctly"", "".""]"
c0409,gutenberg,cleft,0,"It was Toto that made Dorothy laugh, and saved her from growing as gray as her other surroundings.","[""It"", ""was"", ""Toto"", ""that"", ""made"", ""Dorothy"", ""laugh,"", ""and"", ""saved"", ""her"", ""from"", ""growing"", ""as"", ""gray"", ""as"", ""her"", ""other"", ""surroundings.""]"
c0410,brown,cleft,0,"It is the force in the universe that makes men love goodness , even when they turn away from it .","[""It"", ""is"", ""the"", ""force"", ""in"", ""the"", ""universe"", ""that"", ""makes"", ""men"", ""love"", ""goodness"", "","", ""even"", ""when"", ""they"", ""turn"", ""away"", ""from"", ""it"", "".""]"
c0411,brown,cleft,0,In any event it is a form of borrowing which could be and should be rendered unnecessary .,"[""In"", ""any"", ""event"", ""it"", ""is"", ""a"", ""form"", ""of"", ""borrowing"", ""which"", ""could"", ""be"", ""and"", ""should"", ""be"", ""rendered"", ""unnecessary"", "".""]"
c0412,gutenberg,cleft,0,It was the whiteness of the whale that above all things appalled me.,"[""It"", ""was"", ""the"", ""whiteness"", ""of"", ""the"", ""whale"", ""that"", ""above"", ""all"", ""things"", ""appalled"", ""me.""]"
c0413,gutenberg,cleft,0,It was the innate virtue of the man that made this appeal to his corrupted nature.,"[""It"", ""was"", ""the"", ""innate"", ""virtue"", ""of"", ""the"", ""man"", ""that"", ""made"", ""this"", ""appeal"", ""to"", ""his"", ""corrupted"", ""nature.""]"
c0414,gutenberg,cleft,0,It was a dreary blank that was before us.,"[""It"", ""was"", ""a"", ""dreary"", ""blank"", ""that"", ""was"", ""before"", ""us.""]"
c0415,gutenberg,cleft,0,It was the doubt as to the reality of the whole thing that knocked me over.,"[""It"", ""was"", ""the"", ""doubt"", ""as"", ""to"", ""the"", ""reality"", ""of"", ""the"", ""whole"", ""thing"", ""that"", ""knocked"", ""me"", ""over.""]"
c0416,gutenberg,cleft,0,"It is your commonplace, featureless crimes which are really puzzling, just as a commonplace face is the most difficult to identify.","[""It"", ""is"", ""your"", ""commonplace,"", ""featureless"", ""crimes"", ""which"", ""are"", ""really"", ""puzzling,"", ""just"", ""as"", ""a"", ""commonplace"", ""face"", ""is"", ""the"", ""most"", ""difficult"", ""to"", ""identify.""]"
c0417,gutenberg,cleft,0,And yet it is this very obliquity of thought and memory which makes mental disease such a fascinating study.,"[""And"", ""yet"", ""it"", ""is"", ""this"", ""very"", ""obliquity"", ""of"", ""thought"", ""and"", ""memory"", ""which"", ""makes"", ""mental"", ""disease"", ""such"", ""a"", ""fascinating"", ""study.""]"
c0418,gutenberg,cleft,0,"It was a reference to the future, which Anne, after a little observation, felt she must submit to.","[""It"", ""was"", ""a"", ""reference"", ""to"", ""the"", ""future,"", ""which"", ""Anne,"", ""after"", ""a"", ""little"", ""observation,"", ""felt"", ""she"", ""must"", ""submit"", ""to.""]"
c0419,brown,cleft,0,No matter that it is his troops who rape Western women and eat Western men .,"[""No"", ""matter"", ""that"", ""it"", ""is"", ""his"", ""troops"", ""who"", ""rape"", ""Western"", ""women"", ""and"", ""eat"", ""Western"", ""men"", "".""]"
c0420,gutenberg,cleft,0,"“It was this restlessness, this insecurity, perhaps, that drove me farther and farther afield in my exploring expeditions.","[""\u201cIt"", ""was"", ""this"", ""restlessness,"", ""this"", ""insecurity,"", ""perhaps,"", ""that"", ""drove"", ""me"", ""farther"", ""and"", ""farther"", ""afield"", ""in"", ""my"", ""exploring"", ""expeditions.""]"
c0421,gutenberg,cleft,0,"“It is a rule with me, that a person who can write a long letter with ease cannot write ill.”","[""\u201cIt"", ""is"", ""a"", ""rule"", ""with"", ""me,"", ""that"", ""a"", ""person"", ""who"", ""can"", ""write"", ""a"", ""long"", ""letter"", ""with"", ""ease"", ""cannot"", ""write"", ""ill.\u201d""]"
c0422,brown,cleft,0,"It was this timeless unity that was all-important , and not its temporary manifestations in the world of reality .","[""It"", ""was"", ""this"", ""timeless"", ""unity"", ""that"", ""was"", ""all-important"", "","", ""and"", ""not"", ""its"", ""temporary"", ""manifestations"", ""in"", ""the"", ""world"", ""of"", ""reality"", "".""]"
c0423,brown,cleft,0,It is a question which New Englanders long ago put out of their minds .,"[""It"", ""is"", ""a"", ""question"", ""which"", ""New"", ""Englanders"", ""long"", ""ago"", ""put"", ""out"", ""of"", ""their"", ""minds"", "".""]"
c0424,gutenberg,cleft,0,"It is Jarvis Lorry who has alighted and stands with his hand on the coach door, replying to a group of officials.","[""It"", ""is"", ""Jarvis"", ""Lorry"", ""who"", ""has"", ""alighted"", ""and"", ""stands"", ""with"", ""his"", ""hand"", ""on"", ""the"", ""coach"", ""door,"", ""replying"", ""to"", ""a"", ""group"", ""of"", ""officials.""]"
c0425,gutenberg,cleft,0,"It was the tail of a kite, which Michael had made some days before.","[""It"", ""was"", ""the"", ""tail"", ""of"", ""a"", ""kite,"", ""which"", ""Michael"", ""had"", ""made"", ""some"", ""days"", ""before.""]"
c0426,gutenberg,cleft,0,"It was a hard day, that day of being among them, with the first reservation of their joint lives on his mind.","[""It"", ""was"", ""a"", ""hard"", ""day,"", ""that"", ""day"", ""of"", ""being"", ""among"", ""them,"", ""with"", ""the"", ""first"", ""reservation"", ""of"", ""their"", ""joint"", ""lives"", ""on"", ""his"", ""mind.""]"
c0427,gutenberg,cleft,0,"It is the vilest murder-trap on the whole riverside, and I fear that Neville St.","[""It"", ""is"", ""the"", ""vilest"", ""murder-trap"", ""on"", ""the"", ""whole"", ""riverside,"", ""and"", ""I"", ""fear"", ""that"", ""Neville"", ""St.""]"
c0428,gutenberg,cleft,0,"Indeed, it is this doubt and the uneasiness it sometimes causes me that has led me to our present confidence.”","[""Indeed,"", ""it"", ""is"", ""this"", ""doubt"", ""and"", ""the"", ""uneasiness"", ""it"", ""sometimes"", ""causes"", ""me"", ""that"", ""has"", ""led"", ""me"", ""to"", ""our"", ""present"", ""confidence.\u201d""]"
c0429,gutenberg,cleft,0,There was a general clapping of hands at this: it was the first really clever thing the King had said that day.,"[""There"", ""was"", ""a"", ""general"", ""clapping"", ""of"", ""hands"", ""at"", ""this:"", ""it"", ""was"", ""the"", ""first"", ""really"", ""clever"", ""thing"", ""the"", ""King"", ""had"", ""said"", ""that"", ""day.""]"
c0430,brown,cleft,0,"It is a mistake , however , to imagine that Sandburg uses the guitar as a prop .","[""It"", ""is"", ""a"", ""mistake"", "","", ""however"", "","", ""to"", ""imagine"", ""that"", ""Sandburg"", ""uses"", ""the"", ""guitar"", ""as"", ""a"", ""prop"", "".""]"
c0431,gutenberg,cleft,0,Whether it was a son who would some day avenge his father.,"[""Whether"", ""it"", ""was"", ""a"", ""son"", ""who"", ""would"", ""some"", ""day"", ""avenge"", ""his"", ""father.""]"
c0432,gutenberg,cleft,0,It is a punishment put on them for something they did so long ago that no star now knows what it was.,"[""It"", ""is"", ""a"", ""punishment"", ""put"", ""on"", ""them"", ""for"", ""something"", ""they"", ""did"", ""so"", ""long"", ""ago"", ""that"", ""no"", ""star"", ""now"", ""knows"", ""what"", ""it"", ""was.""]"
c0433,gutenberg,cleft,0,"The others joined them, and it was a group in which Anne found herself also necessarily included.","[""The"", ""others"", ""joined"", ""them,"", ""and"", ""it"", ""was"", ""a"", ""group"", ""in"", ""which"", ""Anne"", ""found"", ""herself"", ""also"", ""necessarily"", ""included.""]"
c0434,brown,cleft,0,The window looked out on the Place Redoute -- it was the only window of the apartment that did .,"[""The"", ""window"", ""looked"", ""out"", ""on"", ""the"", ""Place"", ""Redoute"", ""--"", ""it"", ""was"", ""the"", ""only"", ""window"", ""of"", ""the"", ""apartment"", ""that"", ""did"", "".""]"
c0435,gutenberg,cleft,0,"It was this: “Pretty thin—as long a dream as that, without any mistakes in it!”","[""It"", ""was"", ""this:"", ""\u201cPretty"", ""thin\u2014as"", ""long"", ""a"", ""dream"", ""as"", ""that,"", ""without"", ""any"", ""mistakes"", ""in"", ""it!\u201d""]"
c0436,gutenberg,cleft,0,"“It was Catherine Cusack who told me of it,” said he in a crackling voice.","[""\u201cIt"", ""was"", ""Catherine"", ""Cusack"", ""who"", ""told"", ""me"", ""of"", ""it,\u201d"", ""said"", ""he"", ""in"", ""a"", ""crackling"", ""voice.""]"
c0437,brown,cleft,0,But it is an answer which opens the door wide to an onrush of objections and denials .,"[""But"", ""it"", ""is"", ""an"", ""answer"", ""which"", ""opens"", ""the"", ""door"", ""wide"", ""to"", ""an"", ""onrush"", ""of"", ""objections"", ""and"", ""denials"", "".""]"
c0438,gutenberg,cleft,0,"I suppose it is a part of the horrible curse that such is, when his touch is on his victim.","[""I"", ""suppose"", ""it"", ""is"", ""a"", ""part"", ""of"", ""the"", ""horrible"", ""curse"", ""that"", ""such"", ""is,"", ""when"", ""his"", ""touch"", ""is"", ""on"", ""his"", ""victim.""]"
c0439,gutenberg,cleft,0,To the pirates it was a voice crying that all the boys lay slain in the cabin; and they were panic-stricken.,"[""To"", ""the"", ""pirates"", ""it"", ""was"", ""a"", ""voice"", ""crying"", ""that"", ""all"", ""the"", ""boys"", ""lay"", ""slain"", ""in"", ""the"", ""cabin;"", ""and"", ""they"", ""were"", ""panic-stricken.""]"
c0440,gutenberg,cleft,0,But it is this gloom which appears to have taken so strong a hold of your mind that I wish to dissipate.,"[""But"", ""it"", ""is"", ""this"", ""gloom"", ""which"", ""appears"", ""to"", ""have"", ""taken"", ""so"", ""strong"", ""a"", ""hold"", ""of"", ""your"", ""mind"", ""that"", ""I"", ""wish"", ""to"", ""dissipate.""]"
c0441,gutenberg,cleft,0,So that it was the Psychologist himself who sent forth the model Time Machine on its interminable voyage.,"[""So"", ""that"", ""it"", ""was"", ""the"", ""Psychologist"", ""himself"", ""who"", ""sent"", ""forth"", ""the"", ""model"", ""Time"", ""Machine"", ""on"", ""its"", ""interminable"", ""voyage.""]"
c0442,gutenberg,cleft,1,"It was this madman who had got rid of the men one by one, and now he has followed them himself.","[""It"", ""was"", ""this"", ""madman"", ""who"", ""had"", ""got"", ""rid"", ""of"", ""the"", ""men"", ""one"", ""by"", ""one,"", ""and"", ""now"", ""he"", ""has"", ""followed"", ""them"", ""himself.""]"
c0443,brown,cleft,0,It is the whisper in the heart that urges each one to be better than he is .,"[""It"", ""is"", ""the"", ""whisper"", ""in"", ""the"", ""heart"", ""that"", ""urges"", ""each"", ""one"", ""to"", ""be"", ""better"", ""than"", ""he"", ""is"", "".""]"
c0444,brown,cleft,0,It is this curious blend of rugged individualism and public service which accounts for the great appeal of the mythological detective .,"[""It"", ""is"", ""this"", ""curious"", ""blend"", ""of"", ""rugged"", ""individualism"", ""and"", ""public"", ""service"", ""which"", ""accounts"", ""for"", ""the"", ""great"", ""appeal"", ""of"", ""the"", ""mythological"", ""detective"", "".""]"
c0445,brown,cleft,0,It is a view which even a minimal effort at observation would immediately contradict .,"[""It"", ""is"", ""a"", ""view"", ""which"", ""even"", ""a"", ""minimal"", ""effort"", ""at"", ""observation"", ""would"", ""immediately"", ""contradict"", "".""]"
c0446,brown,cleft,0,"And when the singing began , it was the Gouldings who sang the old Irish songs the best .","[""And"", ""when"", ""the"", ""singing"", ""began"", "","", ""it"", ""was"", ""the"", ""Gouldings"", ""who"", ""sang"", ""the"", ""old"", ""Irish"", ""songs"", ""the"", ""best"", "".""]"
c0447,gutenberg,cleft,0,It was the first of their proceedings which had no heartiness.,"[""It"", ""was"", ""the"", ""first"", ""of"", ""their"", ""proceedings"", ""which"", ""had"", ""no"", ""heartiness.""]"
c0448,gutenberg,cleft,1,"It was the very place for a homeless boy, who must die in the streets unless some one helped him.","[""It"", ""was"", ""the"", ""very"", ""place"", ""for"", ""a"", ""homeless"", ""boy,"", ""who"", ""must"", ""die"", ""in"", ""the"", ""streets"", ""unless"", ""some"", ""one"", ""helped"", ""him.""]"
c0449,gutenberg,cleft,0,"I understand that it was your daughter who required my presence here, and I am acting in her interests.","[""I"", ""understand"", ""that"", ""it"", ""was"", ""your"", ""daughter"", ""who"", ""required"", ""my"", ""presence"", ""here,"", ""and"", ""I"", ""am"", ""acting"", ""in"", ""her"", ""interests.""]"
c0450,gutenberg,cleft,1,It was the always-vain endeavour to discharge my poor mother’s trust that first brought my fatal presence near you.,"[""It"", ""was"", ""the"", ""always-vain"", ""endeavour"", ""to"", ""discharge"", ""my"", ""poor"", ""mother\u2019s"", ""trust"", ""that"", ""first"", ""brought"", ""my"", ""fatal"", ""presence"", ""near"", ""you.""]"
c0451,gutenberg,cleft,0,But it was a little humiliating to know that there was no danger of it.,"[""But"", ""it"", ""was"", ""a"", ""little"", ""humiliating"", ""to"", ""know"", ""that"", ""there"", ""was"", ""no"", ""danger"", ""of"", ""it.""]"
c0452,gutenberg,cleft,0,"“Yes,” said his brother quickly, “it is Randalls that does it all.”","[""\u201cYes,\u201d"", ""said"", ""his"", ""brother"", ""quickly,"", ""\u201cit"", ""is"", ""Randalls"", ""that"", ""does"", ""it"", ""all.\u201d""]"
c0453,gutenberg,cleft,0,It was that very night that I follered Injun Joe to the widder’s.”,"[""It"", ""was"", ""that"", ""very"", ""night"", ""that"", ""I"", ""follered"", ""Injun"", ""Joe"", ""to"", ""the"", ""widder\u2019s.\u201d""]"
c0454,gutenberg,cleft,0,"Moreover, it was the spot to which such French intelligence as was most to be relied upon, came quickest.","[""Moreover,"", ""it"", ""was"", ""the"", ""spot"", ""to"", ""which"", ""such"", ""French"", ""intelligence"", ""as"", ""was"", ""most"", ""to"", ""be"", ""relied"", ""upon,"", ""came"", ""quickest.""]"
c0455,brown,cleft,0,It was the first blow that was always difficult .,"[""It"", ""was"", ""the"", ""first"", ""blow"", ""that"", ""was"", ""always"", ""difficult"", "".""]"
c0456,gutenberg,cleft,0,It was a comfort to Elizabeth to consider that Jane could not have been wearied by long expectations.,"[""It"", ""was"", ""a"", ""comfort"", ""to"", ""Elizabeth"", ""to"", ""consider"", ""that"", ""Jane"", ""could"", ""not"", ""have"", ""been"", ""wearied"", ""by"", ""long"", ""expectations.""]"
c0457,gutenberg,cleft,0,But it has been the study of my life to avoid those weaknesses which often expose a strong understanding to ridicule.”,"[""But"", ""it"", ""has"", ""been"", ""the"", ""study"", ""of"", ""my"", ""life"", ""to"", ""avoid"", ""those"", ""weaknesses"", ""which"", ""often"", ""expose"", ""a"", ""strong"", ""understanding"", ""to"", ""ridicule.\u201d""]"
c0458,gutenberg,cleft,0,It was the first time in her whole life that childish lips had voluntarily touched Marilla’s face.,"[""It"", ""was"", ""the"", ""first"", ""time"", ""in"", ""her"", ""whole"", ""life"", ""that"", ""childish"", ""lips"", ""had"", ""voluntarily"", ""touched"", ""Marilla\u2019s"", ""face.""]"
c0459,brown,cleft,0,"It was the first of two doubles by Robinson , who was in a mood to celebrate .","[""It"", ""was"", ""the"", ""first"", ""of"", ""two"", ""doubles"", ""by"", ""Robinson"", "","", ""who"", ""was"", ""in"", ""a"", ""mood"", ""to"", ""celebrate"", "".""]"
c0460,brown,cleft,0,"They are less vocal now , when it is the West Berliners who are migrating .","[""They"", ""are"", ""less"", ""vocal"", ""now"", "","", ""when"", ""it"", ""is"", ""the"", ""West"", ""Berliners"", ""who"", ""are"", ""migrating"", "".""]"
c0461,gutenberg,cleft,0,(It was this last remark that had made the whole party look so grave and anxious.),"[""(It"", ""was"", ""this"", ""last"", ""remark"", ""that"", ""had"", ""made"", ""the"", ""whole"", ""party"", ""look"", ""so"", ""grave"", ""and"", ""anxious.)""]"
c0462,gutenberg,cleft,0,I daresay it is the waiting which disturbs her; she will be all right when he arrives.,"[""I"", ""daresay"", ""it"", ""is"", ""the"", ""waiting"", ""which"", ""disturbs"", ""her;"", ""she"", ""will"", ""be"", ""all"", ""right"", ""when"", ""he"", ""arrives.""]"
c0463,gutenberg,cleft,0,Something creaked: it was a door ajar; and that door was Mr.,"[""Something"", ""creaked:"", ""it"", ""was"", ""a"", ""door"", ""ajar;"", ""and"", ""that"", ""door"", ""was"", ""Mr.""]"
c0464,brown,cleft,0,"The name of it is Gore Court , and it is surrounded by a wasteland that would impress T. S. Eliot .","[""The"", ""name"", ""of"", ""it"", ""is"", ""Gore"", ""Court"", "","", ""and"", ""it"", ""is"", ""surrounded"", ""by"", ""a"", ""wasteland"", ""that"", ""would"", ""impress"", ""T."", ""S."", ""Eliot"", "".""]"
c0465,brown,cleft,0,It was the Ford that had been outside Burch's farm .,"[""It"", ""was"", ""the"", ""Ford"", ""that"", ""had"", ""been"", ""outside"", ""Burch's"", ""farm"", "".""]"
c0466,brown,cleft,0,"It is this modulation which reveals to Jacoby his own frightful abjection and , simultaneously , his wife's infidelity .","[""It"", ""is"", ""this"", ""modulation"", ""which"", ""reveals"", ""to"", ""Jacoby"", ""his"", ""own"", ""frightful"", ""abjection"", ""and"", "","", ""simultaneously"", "","", ""his"", ""wife's"", ""infidelity"", "".""]"
c0467,brown,cleft,0,It was the kind of frame that is only put around the photograph of a dead person .,"[""It"", ""was"", ""the"", ""kind"", ""of"", ""frame"", ""that"", ""is"", ""only"", ""put"", ""around"", ""the"", ""photograph"", ""of"", ""a"", ""dead"", ""person"", "".""]"
c0468,gutenberg,cleft,0,"“You’ve hit it, ma’am: it’s quite certain that it was her, and nobody but her, that set it going.","[""\u201cYou\u2019ve"", ""hit"", ""it,"", ""ma\u2019am:"", ""it\u2019s"", ""quite"", ""certain"", ""that"", ""it"", ""was"", ""her,"", ""and"", ""nobody"", ""but"", ""her,"", ""that"", ""set"", ""it"", ""going.""]"
c0469,brown,cleft,0,It is our lack of extreme accuracy which forces the use of very large yield nuclear weapons .,"[""It"", ""is"", ""our"", ""lack"", ""of"", ""extreme"", ""accuracy"", ""which"", ""forces"", ""the"", ""use"", ""of"", ""very"", ""large"", ""yield"", ""nuclear"", ""weapons"", "".""]"
c0470,brown,cleft,0,Whenever the place was cleaned or a meal served it was Precious who did the work .,"[""Whenever"", ""the"", ""place"", ""was"", ""cleaned"", ""or"", ""a"", ""meal"", ""served"", ""it"", ""was"", ""Precious"", ""who"", ""did"", ""the"", ""work"", "".""]"
c0471,brown,cleft,0,It was John who found the lion tracks .,"[""It"", ""was"", ""John"", ""who"", ""found"", ""the"", ""lion"", ""tracks"", "".""]"
c0472,gutenberg,cleft,0,It was a burning shame and a scandalous disgrace to act in that way.,"[""It"", ""was"", ""a"", ""burning"", ""shame"", ""and"", ""a"", ""scandalous"", ""disgrace"", ""to"", ""act"", ""in"", ""that"", ""way.""]"
c0473,gutenberg,cleft,0,"It is a hope that makes me sick, for it may deceive us.”","[""It"", ""is"", ""a"", ""hope"", ""that"", ""makes"", ""me"", ""sick,"", ""for"", ""it"", ""may"", ""deceive"", ""us.\u201d""]"
c0474,brown,cleft,0,"In the past , it has been the husband who has been dominant and the wife passive .","[""In"", ""the"", ""past"", "","", ""it"", ""has"", ""been"", ""the"", ""husband"", ""who"", ""has"", ""been"", ""dominant"", ""and"", ""the"", ""wife"", ""passive"", "".""]"
c0475,brown,cleft,0,For Felix it was a bit of a stretch to make even that measurement .,"[""For"", ""Felix"", ""it"", ""was"", ""a"", ""bit"", ""of"", ""a"", ""stretch"", ""to"", ""make"", ""even"", ""that"", ""measurement"", "".""]"
c0476,gutenberg,cleft,0,'It is a fact that most of those who played very high were pretty well cleaned out.',"[""'It"", ""is"", ""a"", ""fact"", ""that"", ""most"", ""of"", ""those"", ""who"", ""played"", ""very"", ""high"", ""were"", ""pretty"", ""well"", ""cleaned"", ""out.'""]"
c0477,gutenberg,cleft,0,It is a happy thing that time quells the longings of vengeance and hushes the promptings of rage and aversion.,"[""It"", ""is"", ""a"", ""happy"", ""thing"", ""that"", ""time"", ""quells"", ""the"", ""longings"", ""of"", ""vengeance"", ""and"", ""hushes"", ""the"", ""promptings"", ""of"", ""rage"", ""and"", ""aversion.""]"
c0478,gutenberg,cleft,0,This is on the supposition that persons are consulting for themselves; otherwise it is the fortune-teller who selects the representative card.,"[""This"", ""is"", ""on"", ""the"", ""supposition"", ""that"", ""persons"", ""are"", ""consulting"", ""for"", ""themselves;"", ""otherwise"", ""it"", ""is"", ""the"", ""fortune-teller"", ""who"", ""selects"", ""the"", ""representative"", ""card.""]"
c0479,gutenberg,cleft,0,It was your journal of the four months that preceded my creation.,"[""It"", ""was"", ""your"", ""journal"", ""of"", ""the"", ""four"", ""months"", ""that"", ""preceded"", ""my"", ""creation.""]"
c0480,brown,cleft,0,It was the only thing about her that was the least bit hard to remember .,"[""It"", ""was"", ""the"", ""only"", ""thing"", ""about"", ""her"", ""that"", ""was"", ""the"", ""least"", ""bit"", ""hard"", ""to"", ""remember"", "".""]"
c0481,gutenberg,cleft,1,"It was The Vengeance who, amidst the warm commendations of the audience, thus assisted the proceedings.","[""It"", ""was"", ""The"", ""Vengeance"", ""who,"", ""amidst"", ""the"", ""warm"", ""commendations"", ""of"", ""the"", ""audience,"", ""thus"", ""assisted"", ""the"", ""proceedings.""]"
c0482,gutenberg,cleft,0,"“It is a law of nature we overlook, that intellectual versatility is the compensation for change, danger, and trouble.","[""\u201cIt"", ""is"", ""a"", ""law"", ""of"", ""nature"", ""we"", ""overlook,"", ""that"", ""intellectual"", ""versatility"", ""is"", ""the"", ""compensation"", ""for"", ""change,"", ""danger,"", ""and"", ""trouble.""]"
c0483,gutenberg,cleft,0,The evening before this great event (for it was a very great event that Mr.,"[""The"", ""evening"", ""before"", ""this"", ""great"", ""event"", ""(for"", ""it"", ""was"", ""a"", ""very"", ""great"", ""event"", ""that"", ""Mr.""]"
c0484,brown,cleft,0,"It was Bob Carroll , who had suddenly found himself imbued with the spirit of Garryowen .","[""It"", ""was"", ""Bob"", ""Carroll"", "","", ""who"", ""had"", ""suddenly"", ""found"", ""himself"", ""imbued"", ""with"", ""the"", ""spirit"", ""of"", ""Garryowen"", "".""]"
c0485,brown,cleft,0,It is the first part of the Regulation that is currently at issue .,"[""It"", ""is"", ""the"", ""first"", ""part"", ""of"", ""the"", ""Regulation"", ""that"", ""is"", ""currently"", ""at"", ""issue"", "".""]"
c0486,brown,cleft,0,It was an answer that Styka understood .,"[""It"", ""was"", ""an"", ""answer"", ""that"", ""Styka"", ""understood"", "".""]"
c0487,gutenberg,cleft,0,"It was a dreadful thing for you to lose your temper like that, Anne.”","[""It"", ""was"", ""a"", ""dreadful"", ""thing"", ""for"", ""you"", ""to"", ""lose"", ""your"", ""temper"", ""like"", ""that,"", ""Anne.\u201d""]"
c0488,gutenberg,cleft,0,"It is the more strange, since we know that Turner himself was averse to the idea.","[""It"", ""is"", ""the"", ""more"", ""strange,"", ""since"", ""we"", ""know"", ""that"", ""Turner"", ""himself"", ""was"", ""averse"", ""to"", ""the"", ""idea.""]"
c0489,gutenberg,cleft,0,"It is a game of three, with 40 cards, that is, rejecting the eights, nines, and tens of all the suits.","[""It"", ""is"", ""a"", ""game"", ""of"", ""three,"", ""with"", ""40"", ""cards,"", ""that"", ""is,"", ""rejecting"", ""the"", ""eights,"", ""nines,"", ""and"", ""tens"", ""of"", ""all"", ""the"", ""suits.""]"
c0490,gutenberg,cleft,0,"It is the worst evil of too yielding and indecisive a character, that no influence over it can be depended on.","[""It"", ""is"", ""the"", ""worst"", ""evil"", ""of"", ""too"", ""yielding"", ""and"", ""indecisive"", ""a"", ""character,"", ""that"", ""no"", ""influence"", ""over"", ""it"", ""can"", ""be"", ""depended"", ""on.""]"
c0491,brown,cleft,0,It had been a very long time that had no form and no end .,"[""It"", ""had"", ""been"", ""a"", ""very"", ""long"", ""time"", ""that"", ""had"", ""no"", ""form"", ""and"", ""no"", ""end"", "".""]"
c0492,gutenberg,cleft,0,My fear fell from me as if it had been a vaporous garment which dissolved in the warmth.,"[""My"", ""fear"", ""fell"", ""from"", ""me"", ""as"", ""if"", ""it"", ""had"", ""been"", ""a"", ""vaporous"", ""garment"", ""which"", ""dissolved"", ""in"", ""the"", ""warmth.""]"
c0493,brown,cleft,1,It is the triumph of rationalism and secular metaphysics which marks the point of no return .,"[""It"", ""is"", ""the"", ""triumph"", ""of"", ""rationalism"", ""and"", ""secular"", ""metaphysics"", ""which"", ""marks"", ""the"", ""point"", ""of"", ""no"", ""return"", "".""]"
c0494,gutenberg,cleft,0,"It is the copy of his journal when abroad, and all that happened.","[""It"", ""is"", ""the"", ""copy"", ""of"", ""his"", ""journal"", ""when"", ""abroad,"", ""and"", ""all"", ""that"", ""happened.""]"
c0495,brown,cleft,0,"Wilson was told that it was a sort of hotel for white people , which seemed to him rather queer .","[""Wilson"", ""was"", ""told"", ""that"", ""it"", ""was"", ""a"", ""sort"", ""of"", ""hotel"", ""for"", ""white"", ""people"", "","", ""which"", ""seemed"", ""to"", ""him"", ""rather"", ""queer"", "".""]"
c0496,brown,cleft,0,It is a truism of business that no business can be better than its board of directors and its top management .,"[""It"", ""is"", ""a"", ""truism"", ""of"", ""business"", ""that"", ""no"", ""business"", ""can"", ""be"", ""better"", ""than"", ""its"", ""board"", ""of"", ""directors"", ""and"", ""its"", ""top"", ""management"", "".""]"
c0497,gutenberg,cleft,0,I left that; it was not mine: it was the visionary bride’s who had melted in air.,"[""I"", ""left"", ""that;"", ""it"", ""was"", ""not"", ""mine:"", ""it"", ""was"", ""the"", ""visionary"", ""bride\u2019s"", ""who"", ""had"", ""melted"", ""in"", ""air.""]"
c0498,gutenberg,cleft,0,It is a pity that great ladies in general are not more like her.,"[""It"", ""is"", ""a"", ""pity"", ""that"", ""great"", ""ladies"", ""in"", ""general"", ""are"", ""not"", ""more"", ""like"", ""her.""]"
c0499,gutenberg,cleft,0,It is the German who is so uncourteous to his verbs.,"[""It"", ""is"", ""the"", ""German"", ""who"", ""is"", ""so"", ""uncourteous"", ""to"", ""his"", ""verbs.""]"
c0500,brown,cleft,0,It was the best he could hope for on a watch that had ended with a session in Killpath's office .,"[""It"", ""was"", ""the"", ""best"", ""he"", ""could"", ""hope"", ""for"", ""on"", ""a"", ""watch"", ""that"", ""had"", ""ended"", ""with"", ""a"", ""session"", ""in"", ""Killpath's"", ""office"", "".""]"
c0501,brown,cleft,0,It was a real stimulant to a lot of guys I know who have moved past the 2-score-year milestone .,"[""It"", ""was"", ""a"", ""real"", ""stimulant"", ""to"", ""a"", ""lot"", ""of"", ""guys"", ""I"", ""know"", ""who"", ""have"", ""moved"", ""past"", ""the"", ""2-score-year"", ""milestone"", "".""]"
c0502,gutenberg,cleft,0,It was that dull kind of a regular sound that comes from oars working in rowlocks when it’s a still night.,"[""It"", ""was"", ""that"", ""dull"", ""kind"", ""of"", ""a"", ""regular"", ""sound"", ""that"", ""comes"", ""from"", ""oars"", ""working"", ""in"", ""rowlocks"", ""when"", ""it\u2019s"", ""a"", ""still"", ""night.""]"
c0503,brown,cleft,0,It was Dickson who suggested to Lord Selkirk that he return to the Atlantic coast by way of the United States .,"[""It"", ""was"", ""Dickson"", ""who"", ""suggested"", ""to"", ""Lord"", ""Selkirk"", ""that"", ""he"", ""return"", ""to"", ""the"", ""Atlantic"", ""coast"", ""by"", ""way"", ""of"", ""the"", ""United"", ""States"", "".""]"
c0504,gutenberg,cleft,0,“With great energy; but it is a subject which always makes a lady energetic.”,"[""\u201cWith"", ""great"", ""energy;"", ""but"", ""it"", ""is"", ""a"", ""subject"", ""which"", ""always"", ""makes"", ""a"", ""lady"", ""energetic.\u201d""]"
c0505,gutenberg,cleft,0,It was the way by which the cows were taken to the back pasture and the wood hauled home in winter.,"[""It"", ""was"", ""the"", ""way"", ""by"", ""which"", ""the"", ""cows"", ""were"", ""taken"", ""to"", ""the"", ""back"", ""pasture"", ""and"", ""the"", ""wood"", ""hauled"", ""home"", ""in"", ""winter.""]"
c0506,gutenberg,cleft,0,It is a parchment roll which was found in a Kariat synagogue in the Crimea.,"[""It"", ""is"", ""a"", ""parchment"", ""roll"", ""which"", ""was"", ""found"", ""in"", ""a"", ""Kariat"", ""synagogue"", ""in"", ""the"", ""Crimea.""]"
c0507,gutenberg,cleft,0,"It is a German conceit, that the vertebræ are absolutely undeveloped skulls.","[""It"", ""is"", ""a"", ""German"", ""conceit,"", ""that"", ""the"", ""vertebr\u00e6"", ""are"", ""absolutely"", ""undeveloped"", ""skulls.""]"
c0508,gutenberg,cleft,0,That was bright—it was right down bully; and it was the thing that saved us.,"[""That"", ""was"", ""bright\u2014it"", ""was"", ""right"", ""down"", ""bully;"", ""and"", ""it"", ""was"", ""the"", ""thing"", ""that"", ""saved"", ""us.""]"
c0509,brown,cleft,0,"It is a killer sub -- that is , a hunter of enemy subs .","[""It"", ""is"", ""a"", ""killer"", ""sub"", ""--"", ""that"", ""is"", "","", ""a"", ""hunter"", ""of"", ""enemy"", ""subs"", "".""]"
c0510,gutenberg,cleft,0,"It was the strangest spectacle, that black expanse set with fire.","[""It"", ""was"", ""the"", ""strangest"", ""spectacle,"", ""that"", ""black"", ""expanse"", ""set"", ""with"", ""fire.""]"
c0511,brown,cleft,0,It was the posture which the men had come to recognize as that of Killpath defying his ulcer .,"[""It"", ""was"", ""the"", ""posture"", ""which"", ""the"", ""men"", ""had"", ""come"", ""to"", ""recognize"", ""as"", ""that"", ""of"", ""Killpath"", ""defying"", ""his"", ""ulcer"", "".""]"
c0512,gutenberg,cleft,0,"It is a thing of course among us, that every man is refused, till he offers.","[""It"", ""is"", ""a"", ""thing"", ""of"", ""course"", ""among"", ""us,"", ""that"", ""every"", ""man"", ""is"", ""refused,"", ""till"", ""he"", ""offers.""]"
c0513,gutenberg,cleft,0,"It is that whiteness which invests him, a thing expressed by the name he bears.","[""It"", ""is"", ""that"", ""whiteness"", ""which"", ""invests"", ""him,"", ""a"", ""thing"", ""expressed"", ""by"", ""the"", ""name"", ""he"", ""bears.""]"
c0514,brown,cleft,0,It was the Eisenhower Administration which produced the largest peacetime deficit .,"[""It"", ""was"", ""the"", ""Eisenhower"", ""Administration"", ""which"", ""produced"", ""the"", ""largest"", ""peacetime"", ""deficit"", "".""]"
c0515,brown,cleft,0,With Ramey it was a dusty work shoe that was half-off the Indian's foot that he would always remember .,"[""With"", ""Ramey"", ""it"", ""was"", ""a"", ""dusty"", ""work"", ""shoe"", ""that"", ""was"", ""half-off"", ""the"", ""Indian's"", ""foot"", ""that"", ""he"", ""would"", ""always"", ""remember"", "".""]"
c0516,gutenberg,cleft,0,"By-and-by says I, “Hel-lo, Jim, looky yonder!” It was a steamboat that had killed herself on a rock.","[""By-and-by"", ""says"", ""I,"", ""\u201cHel-lo,"", ""Jim,"", ""looky"", ""yonder!\u201d"", ""It"", ""was"", ""a"", ""steamboat"", ""that"", ""had"", ""killed"", ""herself"", ""on"", ""a"", ""rock.""]"
c0517,gutenberg,cleft,0,I suppose it was the unexpected nature of my loss that maddened me.,"[""I"", ""suppose"", ""it"", ""was"", ""the"", ""unexpected"", ""nature"", ""of"", ""my"", ""loss"", ""that"", ""maddened"", ""me.""]"
c0518,gutenberg,cleft,0,"It is a leathern thong, with which refractory urchins are recalled to a sense of their duty by the dominie.","[""It"", ""is"", ""a"", ""leathern"", ""thong,"", ""with"", ""which"", ""refractory"", ""urchins"", ""are"", ""recalled"", ""to"", ""a"", ""sense"", ""of"", ""their"", ""duty"", ""by"", ""the"", ""dominie.""]"
c0519,gutenberg,cleft,0,"It was an Indian cigar, of the variety which are rolled in Rotterdam.”","[""It"", ""was"", ""an"", ""Indian"", ""cigar,"", ""of"", ""the"", ""variety"", ""which"", ""are"", ""rolled"", ""in"", ""Rotterdam.\u201d""]"
c0520,gutenberg,cleft,0,So it was a witch that done it.,"[""So"", ""it"", ""was"", ""a"", ""witch"", ""that"", ""done"", ""it.""]"
c0521,brown,cleft,1,"It was the haunt of writer Ambrose Bierce , who admired its redwoods .","[""It"", ""was"", ""the"", ""haunt"", ""of"", ""writer"", ""Ambrose"", ""Bierce"", "","", ""who"", ""admired"", ""its"", ""redwoods"", "".""]"
c0522,brown,cleft,0,It was a merry if somewhat soggy Christmas for me that year .,"[""It"", ""was"", ""a"", ""merry"", ""if"", ""somewhat"", ""soggy"", ""Christmas"", ""for"", ""me"", ""that"", ""year"", "".""]"
c0523,gutenberg,cleft,0,It was the first time I realised that the Martians might have any other purpose than destruction with defeated humanity.,"[""It"", ""was"", ""the"", ""first"", ""time"", ""I"", ""realised"", ""that"", ""the"", ""Martians"", ""might"", ""have"", ""any"", ""other"", ""purpose"", ""than"", ""destruction"", ""with"", ""defeated"", ""humanity.""]"
c0524,brown,cleft,0,It was the use of the supernatural that kept them in business .,"[""It"", ""was"", ""the"", ""use"", ""of"", ""the"", ""supernatural"", ""that"", ""kept"", ""them"", ""in"", ""business"", "".""]"
c0525,brown,cleft,0,"It is the theme of Horace , who certainly otherwise bears little resemblance to Parker or Thomas .","[""It"", ""is"", ""the"", ""theme"", ""of"", ""Horace"", "","", ""who"", ""certainly"", ""otherwise"", ""bears"", ""little"", ""resemblance"", ""to"", ""Parker"", ""or"", ""Thomas"", "".""]"
c0526,gutenberg,cleft,0,"It has been the thought of some people that Gillott was the progenitor of the steel pen, but he was not.","[""It"", ""has"", ""been"", ""the"", ""thought"", ""of"", ""some"", ""people"", ""that"", ""Gillott"", ""was"", ""the"", ""progenitor"", ""of"", ""the"", ""steel"", ""pen,"", ""but"", ""he"", ""was"", ""not.""]"
c0527,gutenberg,cleft,0,"It was a sudden meeting, and one in which rapture was kept well in check by pain.","[""It"", ""was"", ""a"", ""sudden"", ""meeting,"", ""and"", ""one"", ""in"", ""which"", ""rapture"", ""was"", ""kept"", ""well"", ""in"", ""check"", ""by"", ""pain.""]"
c0528,gutenberg,cleft,0,"“Oh, no; since it is an employment which depends only on me to give, and you to accept.”","[""\u201cOh,"", ""no;"", ""since"", ""it"", ""is"", ""an"", ""employment"", ""which"", ""depends"", ""only"", ""on"", ""me"", ""to"", ""give,"", ""and"", ""you"", ""to"", ""accept.\u201d""]"
c0529,brown,cleft,0,It is an accepted juridical principle in California that a Superior Court decision does not constitute a binding legal precedent .,"[""It"", ""is"", ""an"", ""accepted"", ""juridical"", ""principle"", ""in"", ""California"", ""that"", ""a"", ""Superior"", ""Court"", ""decision"", ""does"", ""not"", ""constitute"", ""a"", ""binding"", ""legal"", ""precedent"", "".""]"
c0530,gutenberg,cleft,0,"It is a long journey, through a country that is sometimes pleasant and sometimes dark and terrible.","[""It"", ""is"", ""a"", ""long"", ""journey,"", ""through"", ""a"", ""country"", ""that"", ""is"", ""sometimes"", ""pleasant"", ""and"", ""sometimes"", ""dark"", ""and"", ""terrible.""]"
c0531,brown,cleft,0,It is an issue which may well reach the Supreme Court of the United States before judicial finality is achieved .,"[""It"", ""is"", ""an"", ""issue"", ""which"", ""may"", ""well"", ""reach"", ""the"", ""Supreme"", ""Court"", ""of"", ""the"", ""United"", ""States"", ""before"", ""judicial"", ""finality"", ""is"", ""achieved"", "".""]"
c0532,brown,cleft,0,"It is an irritable rule that does baseball more harm than good , especially at the minor league level .","[""It"", ""is"", ""an"", ""irritable"", ""rule"", ""that"", ""does"", ""baseball"", ""more"", ""harm"", ""than"", ""good"", "","", ""especially"", ""at"", ""the"", ""minor"", ""league"", ""level"", "".""]"
c0533,brown,topical,0,"Not surprisingly , this approach did not work .","[""Not"", ""surprisingly"", "","", ""this"", ""approach"", ""did"", ""not"", ""work"", "".""]"
c0534,brown,topical,0,"The World War 2 , German bomber rolled down a runway and took off .","[""The"", ""World"", ""War"", ""2"", "","", ""German"", ""bomber"", ""rolled"", ""down"", ""a"", ""runway"", ""and"", ""took"", ""off"", "".""]"
c0535,gutenberg,topical,0,"The mist still spread over the sea, the empty lantern lay crushed in the bottom of the boat.","[""The"", ""mist"", ""still"", ""spread"", ""over"", ""the"", ""sea,"", ""the"", ""empty"", ""lantern"", ""lay"", ""crushed"", ""in"", ""the"", ""bottom"", ""of"", ""the"", ""boat.""]"
c0536,brown,topical,0,"Too bad , Madden thought .","[""Too"", ""bad"", "","", ""Madden"", ""thought"", "".""]"
c0537,gutenberg,topical,0,"Diana shook her head, her black eyes dancing with merriment.","[""Diana"", ""shook"", ""her"", ""head,"", ""her"", ""black"", ""eyes"", ""dancing"", ""with"", ""merriment.""]"
c0538,brown,topical,0,"The response from London , Paris and Bonn was favorable .","[""The"", ""response"", ""from"", ""London"", "","", ""Paris"", ""and"", ""Bonn"", ""was"", ""favorable"", "".""]"
c0539,brown,topical,0,"Throughout history , the man who showed superior performance has become the commander of others -- for good or bad .","[""Throughout"", ""history"", "","", ""the"", ""man"", ""who"", ""showed"", ""superior"", ""performance"", ""has"", ""become"", ""the"", ""commander"", ""of"", ""others"", ""--"", ""for"", ""good"", ""or"", ""bad"", "".""]"
c0540,gutenberg,topical,0,"All sorts of men in one kind of world, you see.","[""All"", ""sorts"", ""of"", ""men"", ""in"", ""one"", ""kind"", ""of"", ""world,"", ""you"", ""see.""]"
c0541,gutenberg,topical,0,"John Gardner, ""Introduction to the Counting House.""","[""John"", ""Gardner,"", ""\""Introduction"", ""to"", ""the"", ""Counting"", ""House.\""""]"
c0542,gutenberg,topical,0,"Poor man, he was very gentle, and when I came away he kissed my hand and bade God bless me.","[""Poor"", ""man,"", ""he"", ""was"", ""very"", ""gentle,"", ""and"", ""when"", ""I"", ""came"", ""away"", ""he"", ""kissed"", ""my"", ""hand"", ""and"", ""bade"", ""God"", ""bless"", ""me.""]"
c0543,gutenberg,topical,0,"Poor fellows, neither of them is aware that I know all about the proposals they made to Lucy.","[""Poor"", ""fellows,"", ""neither"", ""of"", ""them"", ""is"", ""aware"", ""that"", ""I"", ""know"", ""all"", ""about"", ""the"", ""proposals"", ""they"", ""made"", ""to"", ""Lucy.""]"
c0544,brown,topical,0,"A splendid vote of confidence in Thayer , Madden reflected .","[""A"", ""splendid"", ""vote"", ""of"", ""confidence"", ""in"", ""Thayer"", "","", ""Madden"", ""reflected"", "".""]"
c0545,gutenberg,topical,1,"Miss Anne, I cannot help wishing Mrs Charles had a little of your method with those children.","[""Miss"", ""Anne,"", ""I"", ""cannot"", ""help"", ""wishing"", ""Mrs"", ""Charles"", ""had"", ""a"", ""little"", ""of"", ""your"", ""method"", ""with"", ""those"", ""children.""]"
c0546,brown,topical,0,"Class Three , they said .","[""Class"", ""Three"", "","", ""they"", ""said"", "".""]"
c0547,brown,topical,0,"Road gang , Ernie thought .","[""Road"", ""gang"", "","", ""Ernie"", ""thought"", "".""]"
c0548,brown,topical,0,"More rarely , the hymen is so sturdy that it does not yield to penetration .","[""More"", ""rarely"", "","", ""the"", ""hymen"", ""is"", ""so"", ""sturdy"", ""that"", ""it"", ""does"", ""not"", ""yield"", ""to"", ""penetration"", "".""]"
c0549,gutenberg,topical,0,"All the better, some one will say.","[""All"", ""the"", ""better,"", ""some"", ""one"", ""will"", ""say.""]"
c0550,gutenberg,topical,0,"The young lady, my good sir,” said Mr.","[""The"", ""young"", ""lady,"", ""my"", ""good"", ""sir,\u201d"", ""said"", ""Mr.""]"
c0551,gutenberg,topical,0,"The Turk always keeps his word, I am told.","[""The"", ""Turk"", ""always"", ""keeps"", ""his"", ""word,"", ""I"", ""am"", ""told.""]"
c0552,gutenberg,topical,0,"Please the good God, all this may not upset him again.","[""Please"", ""the"", ""good"", ""God,"", ""all"", ""this"", ""may"", ""not"", ""upset"", ""him"", ""again.""]"
c0553,gutenberg,topical,0,"William Cox.’ My dear sir, you are too obliging.—Is there nobody you would not rather?—I am not helpless.","[""William"", ""Cox.\u2019"", ""My"", ""dear"", ""sir,"", ""you"", ""are"", ""too"", ""obliging.\u2014Is"", ""there"", ""nobody"", ""you"", ""would"", ""not"", ""rather?\u2014I"", ""am"", ""not"", ""helpless.""]"
c0554,brown,topical,0,"Pueri aquam de silvas ad agricolas portant , a delightful vignette set in the unforgettable epoch of pre-Punic War Rome .","[""Pueri"", ""aquam"", ""de"", ""silvas"", ""ad"", ""agricolas"", ""portant"", "","", ""a"", ""delightful"", ""vignette"", ""set"", ""in"", ""the"", ""unforgettable"", ""epoch"", ""of"", ""pre-Punic"", ""War"", ""Rome"", "".""]"
c0555,gutenberg,topical,0,"St John, the intimacy which had arisen so naturally and rapidly between me and his sisters did not extend to him.","[""St"", ""John,"", ""the"", ""intimacy"", ""which"", ""had"", ""arisen"", ""so"", ""naturally"", ""and"", ""rapidly"", ""between"", ""me"", ""and"", ""his"", ""sisters"", ""did"", ""not"", ""extend"", ""to"", ""him.""]"
c0556,brown,topical,0,"The only boy , the family darling .","[""The"", ""only"", ""boy"", "","", ""the"", ""family"", ""darling"", "".""]"
c0557,brown,topical,0,"Real bright along those lines , you might say .","[""Real"", ""bright"", ""along"", ""those"", ""lines"", "","", ""you"", ""might"", ""say"", "".""]"
c0558,gutenberg,topical,0,"Confound the fellow in black, I wish I had never seen him! yet what can I do without him?","[""Confound"", ""the"", ""fellow"", ""in"", ""black,"", ""I"", ""wish"", ""I"", ""had"", ""never"", ""seen"", ""him!"", ""yet"", ""what"", ""can"", ""I"", ""do"", ""without"", ""him?""]"
c0559,gutenberg,topical,0,"John Clithers, ""The Pens Paradise,"" dedicated to Prince Charles.","[""John"", ""Clithers,"", ""\""The"", ""Pens"", ""Paradise,\"""", ""dedicated"", ""to"", ""Prince"", ""Charles.""]"
c0560,brown,topical,0,"A great part of the time , Thomas' infantry never knew the location of the enemy line .","[""A"", ""great"", ""part"", ""of"", ""the"", ""time"", "","", ""Thomas'"", ""infantry"", ""never"", ""knew"", ""the"", ""location"", ""of"", ""the"", ""enemy"", ""line"", "".""]"
c0561,gutenberg,cleft,0,"It was no unfit messenger of death, who had disturbed the quiet of the matron’s room.","[""It"", ""was"", ""no"", ""unfit"", ""messenger"", ""of"", ""death,"", ""who"", ""had"", ""disturbed"", ""the"", ""quiet"", ""of"", ""the"", ""matron\u2019s"", ""room.""]"
c0562,gutenberg,cleft,0,"It was Marilla who spoke, alarm in every jerky word.","[""It"", ""was"", ""Marilla"", ""who"", ""spoke,"", ""alarm"", ""in"", ""every"", ""jerky"", ""word.""]"
c0563,gutenberg,cleft,0,It was no wonder that a train of twenty young couple now walked after her to church.,"[""It"", ""was"", ""no"", ""wonder"", ""that"", ""a"", ""train"", ""of"", ""twenty"", ""young"", ""couple"", ""now"", ""walked"", ""after"", ""her"", ""to"", ""church.""]"
