id,form,split,slot_u,pair,y,p_correct,pred
item_01900,active,P2,0,q01,1,0.9995657801628113,1
item_01900,active,P2,1,q10,0,0.9996263980865479,0
item_01901,passive,P2,0,q01,0,0.9997134804725647,0
item_01901,passive,P2,1,q10,1,0.9998304843902588,1
item_01902,cleft,P2,0,q01,1,0.998543381690979,1
item_01902,cleft,P2,1,q10,0,0.9959248304367065,0
item_01903,topical,P2,0,q01,0,0.0002242657938040793,1
item_01903,topical,P2,1,q10,1,0.0003334959037601948,0
item_01905,active,P2,0,q01,1,0.9996212720870972,1
item_01905,active,P2,1,q10,0,0.9994864463806152,0
item_01906,passive,P2,0,q01,0,0.9995360374450684,0
item_01906,passive,P2,1,q10,1,0.9997690320014954,1
item_01907,cleft,P2,0,q01,1,0.9979224801063538,1
item_01907,cleft,P2,1,q10,0,0.990705668926239,0
item_01908,topical,P2,0,q01,0,0.00015970149252098054,1
item_01908,topical,P2,1,q10,1,0.00030654604779556394,0
item_01910,active,P2,0,q01,1,0.999840259552002,1
item_01910,active,P2,1,q10,0,0.9998536109924316,0
item_01911,passive,P2,0,q01,0,0.9998936653137207,0
item_01911,passive,P2,1,q10,1,0.9999140501022339,1
item_01912,cleft,P2,0,q01,1,0.9996222257614136,1
item_01912,cleft,P2,1,q10,0,0.9990015625953674,0
item_01913,topical,P2,0,q01,0,0.0006291191093623638,1
item_01913,topical,P2,1,q10,1,0.0007708776975050569,0
item_01915,active,P2,0,q01,1,0.9999082088470459,1
item_01915,active,P2,1,q10,0,0.9998853206634521,0
item_01916,passive,P2,0,q01,0,0.9998229146003723,0
item_01916,passive,P2,1,q10,1,0.9998921155929565,1
item_01917,cleft,P2,0,q01,1,0.9998847246170044,1
item_01917,cleft,P2,1,q10,0,0.999479353427887,0
item_01918,topical,P2,0,q01,0,0.00047006140812300146,1
item_01918,topical,P2,1,q10,1,0.0005854687769897282,0
item_01920,active,P2,0,q01,1,0.9998968839645386,1
item_01920,active,P2,1,q10,0,0.9999068975448608,0
item_01921,passive,P2,0,q01,0,0.999910831451416,0
item_01921,passive,P2,1,q10,1,0.9999414682388306,1
item_01922,cleft,P2,0,q01,1,0.9998776912689209,1
item_01922,cleft,P2,1,q10,0,0.9996616840362549,0
item_01923,topical,P2,0,q01,0,0.0008378560887649655,1
item_01923,topical,P2,1,q10,1,0.0011351979337632656,0
item_01925,active,P2,0,q01,1,0.9998887777328491,1
item_01925,active,P2,1,q10,0,0.9998884201049805,0
item_01926,passive,P2,0,q01,0,0.9995747208595276,0
item_01926,passive,P2,1,q10,1,0.9997161030769348,1
item_01927,cleft,P2,0,q01,1,0.9996747970581055,1
item_01927,cleft,P2,1,q10,0,0.9989936947822571,0
item_01928,topical,P2,0,q01,0,0.00015991329564712942,1
item_01928,topical,P2,1,q10,1,0.0002348206180613488,0
item_01930,active,P2,0,q01,1,0.999875545501709,1
item_01930,active,P2,1,q10,0,0.9998962879180908,0
item_01931,passive,P2,0,q01,0,0.998805046081543,0
item_01931,passive,P2,1,q10,1,0.9989874958992004,1
item_01932,cleft,P2,0,q01,1,0.9994621872901917,1
item_01932,cleft,P2,1,q10,0,0.9987900853157043,0
item_01933,topical,P2,0,q01,0,7.118593930499628e-05,1
item_01933,topical,P2,1,q10,1,6.567892705788836e-05,0
item_01935,active,P2,0,q01,1,0.9998745918273926,1
item_01935,active,P2,1,q10,0,0.9998866319656372,0
item_01936,passive,P2,0,q01,0,0.9997017979621887,0
item_01936,passive,P2,1,q10,1,0.9997616410255432,1
item_01937,cleft,P2,0,q01,1,0.9994970560073853,1
item_01937,cleft,P2,1,q10,0,0.998612642288208,0
item_01938,topical,P2,0,q01,0,0.00029323078342713416,1
item_01938,topical,P2,1,q10,1,0.00033905135933309793,0
item_01940,active,P2,0,q01,1,0.9998399019241333,1
item_01940,active,P2,1,q10,0,0.9998635053634644,0
item_01941,passive,P2,0,q01,0,0.9996271133422852,0
item_01941,passive,P2,1,q10,1,0.9997847676277161,1
item_01942,cleft,P2,0,q01,1,0.9992903470993042,1
item_01942,cleft,P2,1,q10,0,0.99809330701828,0
item_01943,topical,P2,0,q01,0,0.0001894695742521435,1
item_01943,topical,P2,1,q10,1,0.00027632538694888353,0
item_01945,active,P2,0,q01,1,0.1258164346218109,0
item_01945,active,P2,1,q10,0,0.06414151936769485,1
item_01946,passive,P2,0,q01,0,0.9996535778045654,0
item_01946,passive,P2,1,q10,1,0.999788224697113,1
item_01947,cleft,P2,0,q01,1,0.2856767177581787,0
item_01947,cleft,P2,1,q10,0,0.11903806775808334,1
item_01948,topical,P2,0,q01,0,0.0002514405350666493,1
item_01948,topical,P2,1,q10,1,0.000306963047478348,0
item_01950,active,P2,0,q01,1,0.9998040795326233,1
item_01950,active,P2,1,q10,0,0.9998786449432373,0
item_01951,passive,P2,0,q01,0,0.9998972415924072,0
item_01951,passive,P2,1,q10,1,0.999910831451416,1
item_01952,cleft,P2,0,q01,1,0.9997559189796448,1
item_01952,cleft,P2,1,q10,0,0.9994966983795166,0
item_01953,topical,P2,0,q01,0,0.0007659344119019806,1
item_01953,topical,P2,1,q10,1,0.0007263422594405711,0
item_01955,active,P2,0,q01,1,0.9998182654380798,1
item_01955,active,P2,1,q10,0,0.9998353719711304,0
item_01956,passive,P2,0,q01,0,0.9995038509368896,0
item_01956,passive,P2,1,q10,1,0.9997335076332092,1
item_01957,cleft,P2,0,q01,1,0.99945467710495,1
item_01957,cleft,P2,1,q10,0,0.9983750581741333,0
item_01958,topical,P2,0,q01,0,0.0001493142481194809,1
item_01958,topical,P2,1,q10,1,0.00019680356490425766,0
item_01960,active,P2,0,q01,1,0.9996699094772339,1
item_01960,active,P2,1,q10,0,0.9996500015258789,0
item_01961,passive,P2,0,q01,0,0.999826967716217,0
item_01961,passive,P2,1,q10,1,0.9998699426651001,1
item_01962,cleft,P2,0,q01,1,0.9993778467178345,1
item_01962,cleft,P2,1,q10,0,0.9979547262191772,0
item_01963,topical,P2,0,q01,0,0.0004848211247008294,1
item_01963,topical,P2,1,q10,1,0.0005831207381561399,0
item_01965,active,P2,0,q01,1,0.9998693466186523,1
item_01965,active,P2,1,q10,0,0.9998985528945923,0
item_01966,passive,P2,0,q01,0,0.9995711445808411,0
item_01966,passive,P2,1,q10,1,0.9996016621589661,1
item_01967,cleft,P2,0,q01,1,0.999515175819397,1
item_01967,cleft,P2,1,q10,0,0.9990823268890381,0
item_01968,topical,P2,0,q01,0,0.00018200668273493648,1
item_01968,topical,P2,1,q10,1,0.00015668162086512893,0
item_01970,active,P2,0,q01,1,0.9998612403869629,1
item_01970,active,P2,1,q10,0,0.999862790107727,0
item_01971,passive,P2,0,q01,0,0.9997938275337219,0
item_01971,passive,P2,1,q10,1,0.9998605251312256,1
item_01972,cleft,P2,0,q01,1,0.9997889399528503,1
item_01972,cleft,P2,1,q10,0,0.9993076324462891,0
item_01973,topical,P2,0,q01,0,0.00035534289781935513,1
item_01973,topical,P2,1,q10,1,0.0005312252906151116,0
item_01975,active,P2,0,q01,1,0.9998751878738403,1
item_01975,active,P2,1,q10,0,0.9998984336853027,0
item_01976,passive,P2,0,q01,0,0.9997605681419373,0
item_01976,passive,P2,1,q10,1,0.9998507499694824,1
item_01977,cleft,P2,0,q01,1,0.9997496008872986,1
item_01977,cleft,P2,1,q10,0,0.9992266893386841,0
item_01978,topical,P2,0,q01,0,0.00030995026463642716,1
item_01978,topical,P2,1,q10,1,0.00040813980740495026,0
item_01980,active,P2,0,q01,1,0.9994800686836243,1
item_01980,active,P2,1,q10,0,0.999484658241272,0
item_01981,passive,P2,0,q01,0,0.9997565150260925,0
item_01981,passive,P2,1,q10,1,0.999849796295166,1
item_01982,cleft,P2,0,q01,1,0.9985712766647339,1
item_01982,cleft,P2,1,q10,0,0.9950559139251709,0
item_01983,topical,P2,0,q01,0,0.00040962485945783556,1
item_01983,topical,P2,1,q10,1,0.0006574866129085422,0
item_01985,active,P2,0,q01,1,0.9996421337127686,1
item_01985,active,P2,1,q10,0,0.9995299577713013,0
item_01986,passive,P2,0,q01,0,0.9992550015449524,0
item_01986,passive,P2,1,q10,1,0.9995971322059631,1
item_01987,cleft,P2,0,q01,1,0.9983231425285339,1
item_01987,cleft,P2,1,q10,0,0.9913962483406067,0
item_01988,topical,P2,0,q01,0,8.316967432620004e-05,1
item_01988,topical,P2,1,q10,1,0.00016056449385359883,0
item_01990,active,P2,0,q01,1,0.9996013045310974,1
item_01990,active,P2,1,q10,0,0.9994922876358032,0
item_01991,passive,P2,0,q01,0,0.9993101358413696,0
item_01991,passive,P2,1,q10,1,0.9994522929191589,1
item_01992,cleft,P2,0,q01,1,0.9981452226638794,1
item_01992,cleft,P2,1,q10,0,0.9931514263153076,0
item_01993,topical,P2,0,q01,0,0.00013273059448692948,1
item_01993,topical,P2,1,q10,1,0.00014925377035979182,0
item_01995,active,P2,0,q01,1,0.9994688630104065,1
item_01995,active,P2,1,q10,0,0.999420166015625,0
item_01996,passive,P2,0,q01,0,0.9990876913070679,0
item_01996,passive,P2,1,q10,1,0.9994199275970459,1
item_01997,cleft,P2,0,q01,1,0.9966764450073242,1
item_01997,cleft,P2,1,q10,0,0.9895156621932983,0
item_01998,topical,P2,0,q01,0,9.352722554467618e-05,1
item_01998,topical,P2,1,q10,1,0.00010307144839316607,0
item_02000,active,P2,0,q01,1,0.9991471767425537,1
item_02000,active,P2,1,q10,0,0.999427080154419,0
item_02001,passive,P2,0,q01,0,0.9996910095214844,0
item_02001,passive,P2,1,q10,1,0.9998089671134949,1
item_02002,cleft,P2,0,q01,1,0.9957614541053772,1
item_02002,cleft,P2,1,q10,0,0.991584300994873,0
item_02003,topical,P2,0,q01,0,0.0003780150436796248,1
item_02003,topical,P2,1,q10,1,0.0004137310024816543,0
item_02005,active,P2,0,q01,1,0.9992923736572266,1
item_02005,active,P2,1,q10,0,0.9994909763336182,0
item_02006,passive,P2,0,q01,0,0.9997351765632629,0
item_02006,passive,P2,1,q10,1,0.9998267292976379,1
item_02007,cleft,P2,0,q01,1,0.9973390698432922,1
item_02007,cleft,P2,1,q10,0,0.993929386138916,0
item_02008,topical,P2,0,q01,0,0.00040099528268910944,1
item_02008,topical,P2,1,q10,1,0.00044405407970771194,0
item_02010,active,P2,0,q01,1,0.9997009038925171,1
item_02010,active,P2,1,q10,0,0.9997698664665222,0
item_02011,passive,P2,0,q01,0,0.9995700716972351,0
item_02011,passive,P2,1,q10,1,0.9996757507324219,1
item_02012,cleft,P2,0,q01,1,0.9976887702941895,1
item_02012,cleft,P2,1,q10,0,0.9940417408943176,0
item_02013,topical,P2,0,q01,0,0.00016895518638193607,1
item_02013,topical,P2,1,q10,1,0.0001577569346409291,0
item_02015,active,P2,0,q01,1,0.9998657703399658,1
item_02015,active,P2,1,q10,0,0.9997774958610535,0
item_02016,passive,P2,0,q01,0,0.9999438524246216,0
item_02016,passive,P2,1,q10,1,0.9999758005142212,1
item_02017,cleft,P2,0,q01,1,0.9998323917388916,1
item_02017,cleft,P2,1,q10,0,0.9991133809089661,0
item_02018,topical,P2,0,q01,0,0.0011850841110572219,1
item_02018,topical,P2,1,q10,1,0.0031193664763122797,0
item_02020,active,P2,0,q01,1,0.99943608045578,1
item_02020,active,P2,1,q10,0,0.9995403289794922,0
item_02021,passive,P2,0,q01,0,0.9994801878929138,0
item_02021,passive,P2,1,q10,1,0.9995657801628113,1
item_02022,cleft,P2,0,q01,1,0.9975336790084839,1
item_02022,cleft,P2,1,q10,0,0.9942481517791748,0
item_02023,topical,P2,0,q01,0,0.00017263081099372357,1
item_02023,topical,P2,1,q10,1,0.00014160013233777136,0
item_02025,active,P2,0,q01,1,0.9998952150344849,1
item_02025,active,P2,1,q10,0,0.9999086856842041,0
item_02026,passive,P2,0,q01,0,0.9996495246887207,0
item_02026,passive,P2,1,q10,1,0.9997617602348328,1
item_02027,cleft,P2,0,q01,1,0.9997614026069641,1
item_02027,cleft,P2,1,q10,0,0.9992491602897644,0
item_02028,topical,P2,0,q01,0,0.00020579910778906196,1
item_02028,topical,P2,1,q10,1,0.00024146521172951907,0
item_02030,active,P2,0,q01,1,0.9999210834503174,1
item_02030,active,P2,1,q10,0,0.999891996383667,0
item_02031,passive,P2,0,q01,0,0.9996286630630493,0
item_02031,passive,P2,1,q10,1,0.9998119473457336,1
item_02032,cleft,P2,0,q01,1,0.9998672008514404,1
item_02032,cleft,P2,1,q10,0,0.9993951320648193,0
item_02033,topical,P2,0,q01,0,0.0002590515068732202,1
item_02033,topical,P2,1,q10,1,0.0003948789380956441,0
item_02035,active,P2,0,q01,1,0.9998824596405029,1
item_02035,active,P2,1,q10,0,0.9998071789741516,0
item_02036,passive,P2,0,q01,0,0.9998142123222351,0
item_02036,passive,P2,1,q10,1,0.9998975992202759,1
item_02037,cleft,P2,0,q01,1,0.9997716546058655,1
item_02037,cleft,P2,1,q10,0,0.9987590312957764,0
item_02038,topical,P2,0,q01,0,0.00036251265555620193,1
item_02038,topical,P2,1,q10,1,0.000615089840721339,0
item_02040,active,P2,0,q01,1,0.9994497895240784,1
item_02040,active,P2,1,q10,0,0.9995471835136414,0
item_02041,passive,P2,0,q01,0,0.9998480081558228,0
item_02041,passive,P2,1,q10,1,0.999897837638855,1
item_02042,cleft,P2,0,q01,1,0.9984443783760071,1
item_02042,cleft,P2,1,q10,0,0.996429979801178,0
item_02043,topical,P2,0,q01,0,0.000648653251118958,1
item_02043,topical,P2,1,q10,1,0.000713036279194057,0
item_02045,active,P2,0,q01,1,0.9992867112159729,1
item_02045,active,P2,1,q10,0,0.9992941617965698,0
item_02046,passive,P2,0,q01,0,0.9991342425346375,0
item_02046,passive,P2,1,q10,1,0.9993064403533936,1
item_02047,cleft,P2,0,q01,1,0.9948550462722778,1
item_02047,cleft,P2,1,q10,0,0.9841273427009583,0
item_02048,topical,P2,0,q01,0,9.990020771510899e-05,1
item_02048,topical,P2,1,q10,1,0.00012333445192780346,0
item_02050,active,P2,0,q01,1,0.22377386689186096,0
item_02050,active,P2,1,q10,0,0.08506204187870026,1
item_02051,passive,P2,0,q01,0,0.999783456325531,0
item_02051,passive,P2,1,q10,1,0.9999004602432251,1
item_02052,cleft,P2,0,q01,1,0.527359664440155,1
item_02052,cleft,P2,1,q10,0,0.20022505521774292,1
item_02053,topical,P2,0,q01,0,0.00039611218380741775,1
item_02053,topical,P2,1,q10,1,0.0006190753192640841,0
item_02055,active,P2,0,q01,1,0.999879002571106,1
item_02055,active,P2,1,q10,0,0.999864935874939,0
item_02056,passive,P2,0,q01,0,0.999530553817749,0
item_02056,passive,P2,1,q10,1,0.9997163414955139,1
item_02057,cleft,P2,0,q01,1,0.9996521472930908,1
item_02057,cleft,P2,1,q10,0,0.9988182187080383,0
item_02058,topical,P2,0,q01,0,0.00014989670307841152,1
item_02058,topical,P2,1,q10,1,0.00024272782320622355,0
item_02060,active,P2,0,q01,1,0.9997561573982239,1
item_02060,active,P2,1,q10,0,0.9996552467346191,0
item_02061,passive,P2,0,q01,0,0.9998226761817932,0
item_02061,passive,P2,1,q10,1,0.9998817443847656,1
item_02062,cleft,P2,0,q01,1,0.9995803236961365,1
item_02062,cleft,P2,1,q10,0,0.998755931854248,0
item_02063,topical,P2,0,q01,0,0.0004985304549336433,1
item_02063,topical,P2,1,q10,1,0.0007221554988063872,0
item_02065,active,P2,0,q01,1,0.9996521472930908,1
item_02065,active,P2,1,q10,0,0.9995102882385254,0
item_02066,passive,P2,0,q01,0,0.9995911717414856,0
item_02066,passive,P2,1,q10,1,0.9997928738594055,1
item_02067,cleft,P2,0,q01,1,0.9992640614509583,1
item_02067,cleft,P2,1,q10,0,0.9955588579177856,0
item_02068,topical,P2,0,q01,0,0.000136894901515916,1
item_02068,topical,P2,1,q10,1,0.0003320140531286597,0
item_02070,active,P2,0,q01,1,0.9998495578765869,1
item_02070,active,P2,1,q10,0,0.9998655319213867,0
item_02071,passive,P2,0,q01,0,0.9997561573982239,0
item_02071,passive,P2,1,q10,1,0.9998292922973633,1
item_02072,cleft,P2,0,q01,1,0.9995933175086975,1
item_02072,cleft,P2,1,q10,0,0.9991621971130371,0
item_02073,topical,P2,0,q01,0,0.00032814411679282784,1
item_02073,topical,P2,1,q10,1,0.0004092232557013631,0
item_02075,active,P2,0,q01,1,0.9999141693115234,1
item_02075,active,P2,1,q10,0,0.9998985528945923,0
item_02076,passive,P2,0,q01,0,0.999848484992981,0
item_02076,passive,P2,1,q10,1,0.9999158382415771,1
item_02077,cleft,P2,0,q01,1,0.9998784065246582,1
item_02077,cleft,P2,1,q10,0,0.9994183778762817,0
item_02078,topical,P2,0,q01,0,0.0004747857165057212,1
item_02078,topical,P2,1,q10,1,0.0007598762749694288,0
item_02080,active,P2,0,q01,1,0.9995279312133789,1
item_02080,active,P2,1,q10,0,0.9994901418685913,0
item_02081,passive,P2,0,q01,0,0.9985288381576538,0
item_02081,passive,P2,1,q10,1,0.9989281296730042,1
item_02082,cleft,P2,0,q01,1,0.9962902069091797,1
item_02082,cleft,P2,1,q10,0,0.9893311262130737,0
item_02083,topical,P2,0,q01,0,5.984716335660778e-05,1
item_02083,topical,P2,1,q10,1,7.590917812194675e-05,0
item_02085,active,P2,0,q01,1,0.9993758797645569,1
item_02085,active,P2,1,q10,0,0.9994127750396729,0
item_02086,passive,P2,0,q01,0,0.9992314577102661,0
item_02086,passive,P2,1,q10,1,0.9996219873428345,1
item_02087,cleft,P2,0,q01,1,0.9959510564804077,1
item_02087,cleft,P2,1,q10,0,0.9872146844863892,0
item_02088,topical,P2,0,q01,0,0.0001275504328077659,1
item_02088,topical,P2,1,q10,1,0.00018405640730634332,0
item_02090,active,P2,0,q01,1,0.998828113079071,1
item_02090,active,P2,1,q10,0,0.9979217648506165,0
item_02091,passive,P2,0,q01,0,0.9991607666015625,0
item_02091,passive,P2,1,q10,1,0.9996389150619507,1
item_02092,cleft,P2,0,q01,1,0.9917069673538208,1
item_02092,cleft,P2,1,q10,0,0.9596349000930786,0
item_02093,topical,P2,0,q01,0,0.00011858708603540435,1
item_02093,topical,P2,1,q10,1,0.0001697890111245215,0
item_02095,active,P2,0,q01,1,0.9996590614318848,1
item_02095,active,P2,1,q10,0,0.9995664954185486,0
item_02096,passive,P2,0,q01,0,0.9995670914649963,0
item_02096,passive,P2,1,q10,1,0.9997166991233826,1
item_02097,cleft,P2,0,q01,1,0.9990835189819336,1
item_02097,cleft,P2,1,q10,0,0.9956717491149902,0
item_02098,topical,P2,0,q01,0,0.00019257570966146886,1
item_02098,topical,P2,1,q10,1,0.00026511726900935173,0
item_02100,active,P2,0,q01,1,0.9993959665298462,1
item_02100,active,P2,1,q10,0,0.9995118379592896,0
item_02101,passive,P2,0,q01,0,0.9994677901268005,0
item_02101,passive,P2,1,q10,1,0.9995966553688049,1
item_02102,cleft,P2,0,q01,1,0.9957982897758484,1
item_02102,cleft,P2,1,q10,0,0.9923242330551147,0
item_02103,topical,P2,0,q01,0,0.00020482324180193245,1
item_02103,topical,P2,1,q10,1,0.00019718034309335053,0
item_02105,active,P2,0,q01,1,0.9999003410339355,1
item_02105,active,P2,1,q10,0,0.9998695850372314,0
item_02106,passive,P2,0,q01,0,0.9992557168006897,0
item_02106,passive,P2,1,q10,1,0.9996460676193237,1
item_02107,cleft,P2,0,q01,1,0.9996371269226074,1
item_02107,cleft,P2,1,q10,0,0.9982119798660278,0
item_02108,topical,P2,0,q01,0,9.78387615759857e-05,1
item_02108,topical,P2,1,q10,1,0.00021373058552853763,0
item_02110,active,P2,0,q01,1,0.9998108744621277,1
item_02110,active,P2,1,q10,0,0.9998239874839783,0
item_02111,passive,P2,0,q01,0,0.9998559951782227,0
item_02111,passive,P2,1,q10,1,0.9999151229858398,1
item_02112,cleft,P2,0,q01,1,0.9996053576469421,1
item_02112,cleft,P2,1,q10,0,0.9984599351882935,0
item_02113,topical,P2,0,q01,0,0.000508418888784945,1
item_02113,topical,P2,1,q10,1,0.0007261407445184886,0
item_02115,active,P2,0,q01,1,0.9998927116394043,1
item_02115,active,P2,1,q10,0,0.9998971223831177,0
item_02116,passive,P2,0,q01,0,0.9996880292892456,0
item_02116,passive,P2,1,q10,1,0.999839186668396,1
item_02117,cleft,P2,0,q01,1,0.9996852874755859,1
item_02117,cleft,P2,1,q10,0,0.9986875653266907,0
item_02118,topical,P2,0,q01,0,0.00023719342425465584,1
item_02118,topical,P2,1,q10,1,0.00039857160300016403,0
item_02120,active,P2,0,q01,1,0.9999029636383057,1
item_02120,active,P2,1,q10,0,0.9999158382415771,0
item_02121,passive,P2,0,q01,0,0.9996976852416992,0
item_02121,passive,P2,1,q10,1,0.999763548374176,1
item_02122,cleft,P2,0,q01,1,0.9998114705085754,1
item_02122,cleft,P2,1,q10,0,0.9993564486503601,0
item_02123,topical,P2,0,q01,0,0.00022552321024704725,1
item_02123,topical,P2,1,q10,1,0.00028473534621298313,0
item_02125,active,P2,0,q01,1,0.9998008608818054,1
item_02125,active,P2,1,q10,0,0.9997718930244446,0
item_02126,passive,P2,0,q01,0,0.9998220801353455,0
item_02126,passive,P2,1,q10,1,0.9998922348022461,1
item_02127,cleft,P2,0,q01,1,0.9990867376327515,1
item_02127,cleft,P2,1,q10,0,0.9966250658035278,0
item_02128,topical,P2,0,q01,0,0.00038769011734984815,1
item_02128,topical,P2,1,q10,1,0.0005627994542010128,0
item_02130,active,P2,0,q01,1,0.9997933506965637,1
item_02130,active,P2,1,q10,0,0.9996684789657593,0
item_02131,passive,P2,0,q01,0,0.9992341995239258,0
item_02131,passive,P2,1,q10,1,0.9995468258857727,1
item_02132,cleft,P2,0,q01,1,0.9989678859710693,1
item_02132,cleft,P2,1,q10,0,0.9956567287445068,0
item_02133,topical,P2,0,q01,0,8.21360808913596e-05,1
item_02133,topical,P2,1,q10,1,0.00014862800890114158,0
item_02135,active,P2,0,q01,1,0.9996877908706665,1
item_02135,active,P2,1,q10,0,0.9996726512908936,0
item_02136,passive,P2,0,q01,0,0.9995914101600647,0
item_02136,passive,P2,1,q10,1,0.9996438026428223,1
item_02137,cleft,P2,0,q01,1,0.9990399479866028,1
item_02137,cleft,P2,1,q10,0,0.9968026876449585,0
item_02138,topical,P2,0,q01,0,0.0001318196882493794,1
item_02138,topical,P2,1,q10,1,0.0001936524931807071,0
item_02140,active,P2,0,q01,1,0.9995056390762329,1
item_02140,active,P2,1,q10,0,0.9995661377906799,0
item_02141,passive,P2,0,q01,0,0.999839186668396,0
item_02141,passive,P2,1,q10,1,0.9998866319656372,1
item_02142,cleft,P2,0,q01,1,0.9986112117767334,1
item_02142,cleft,P2,1,q10,0,0.9956939220428467,0
item_02143,topical,P2,0,q01,0,0.0005277167656458914,1
item_02143,topical,P2,1,q10,1,0.0007178355008363724,0
item_02145,active,P2,0,q01,1,0.9999163150787354,1
item_02145,active,P2,1,q10,0,0.9999454021453857,0
item_02146,passive,P2,0,q01,0,0.9996722936630249,0
item_02146,passive,P2,1,q10,1,0.9996005892753601,1
item_02147,cleft,P2,0,q01,1,0.9997190833091736,1
item_02147,cleft,P2,1,q10,0,0.9995433688163757,0
item_02148,topical,P2,0,q01,0,0.000253366946708411,1
item_02148,topical,P2,1,q10,1,0.0002104654413415119,0
item_02150,active,P2,0,q01,1,0.9998248219490051,1
item_02150,active,P2,1,q10,0,0.9998512268066406,0
item_02151,passive,P2,0,q01,0,0.9995750784873962,0
item_02151,passive,P2,1,q10,1,0.999692440032959,1
item_02152,cleft,P2,0,q01,1,0.9994277358055115,1
item_02152,cleft,P2,1,q10,0,0.9986949563026428,0
item_02153,topical,P2,0,q01,0,0.0001608433958608657,1
item_02153,topical,P2,1,q10,1,0.00019642524421215057,0
item_02155,active,P2,0,q01,1,0.9999034404754639,1
item_02155,active,P2,1,q10,0,0.9998130202293396,0
item_02156,passive,P2,0,q01,0,0.020694222301244736,1
item_02156,passive,P2,1,q10,1,0.0835091769695282,0
item_02157,cleft,P2,0,q01,1,0.9999125003814697,1
item_02157,cleft,P2,1,q10,0,0.9994720816612244,0
item_02158,topical,P2,0,q01,0,0.9218901991844177,0
item_02158,topical,P2,1,q10,1,0.9835810661315918,1
item_02160,active,P2,0,q01,1,0.9996844530105591,1
item_02160,active,P2,1,q10,0,0.9997382760047913,0
item_02161,passive,P2,0,q01,0,0.9994966983795166,0
item_02161,passive,P2,1,q10,1,0.9996649026870728,1
item_02162,cleft,P2,0,q01,1,0.9989097118377686,1
item_02162,cleft,P2,1,q10,0,0.9971815347671509,0
item_02163,topical,P2,0,q01,0,0.00015281219384633005,1
item_02163,topical,P2,1,q10,1,0.0001568702864460647,0
item_02165,active,P2,0,q01,1,0.9997994303703308,1
item_02165,active,P2,1,q10,0,0.9998295307159424,0
item_02166,passive,P2,0,q01,0,0.9998310804367065,0
item_02166,passive,P2,1,q10,1,0.9998742341995239,1
item_02167,cleft,P2,0,q01,1,0.9995821118354797,1
item_02167,cleft,P2,1,q10,0,0.9989280104637146,0
item_02168,topical,P2,0,q01,0,0.00046805967576801777,1
item_02168,topical,P2,1,q10,1,0.000493889267090708,0
item_02170,active,P2,0,q01,1,0.9998831748962402,1
item_02170,active,P2,1,q10,0,0.9999010562896729,0
item_02171,passive,P2,0,q01,0,0.9997616410255432,0
item_02171,passive,P2,1,q10,1,0.9998212456703186,1
item_02172,cleft,P2,0,q01,1,0.9998455047607422,1
item_02172,cleft,P2,1,q10,0,0.999508261680603,0
item_02173,topical,P2,0,q01,0,0.00037398794665932655,1
item_02173,topical,P2,1,q10,1,0.0003665028780233115,0
item_02175,active,P2,0,q01,1,0.9997555613517761,1
item_02175,active,P2,1,q10,0,0.9998278617858887,0
item_02176,passive,P2,0,q01,0,0.9998937845230103,0
item_02176,passive,P2,1,q10,1,0.9999222755432129,1
item_02177,cleft,P2,0,q01,1,0.999589741230011,1
item_02177,cleft,P2,1,q10,0,0.9991855025291443,0
item_02178,topical,P2,0,q01,0,0.0007567104185000062,1
item_02178,topical,P2,1,q10,1,0.0007796208956278861,0
item_02180,active,P2,0,q01,1,0.9998499155044556,1
item_02180,active,P2,1,q10,0,0.9999171495437622,0
item_02181,passive,P2,0,q01,0,0.9988313317298889,0
item_02181,passive,P2,1,q10,1,0.9988790154457092,1
item_02182,cleft,P2,0,q01,1,0.9986397624015808,1
item_02182,cleft,P2,1,q10,0,0.9982672929763794,0
item_02183,topical,P2,0,q01,0,6.738488445989788e-05,1
item_02183,topical,P2,1,q10,1,6.02193977101706e-05,0
item_02185,active,P2,0,q01,1,0.999843955039978,1
item_02185,active,P2,1,q10,0,0.9998853206634521,0
item_02186,passive,P2,0,q01,0,0.9994339346885681,0
item_02186,passive,P2,1,q10,1,0.9992966651916504,1
item_02187,cleft,P2,0,q01,1,0.9993859529495239,1
item_02187,cleft,P2,1,q10,0,0.998956561088562,0
item_02188,topical,P2,0,q01,0,0.00015436456305906177,1
item_02188,topical,P2,1,q10,1,9.974695421988145e-05,0
item_02190,active,P2,0,q01,1,0.9995819926261902,1
item_02190,active,P2,1,q10,0,0.9996104836463928,0
item_02191,passive,P2,0,q01,0,0.9995536208152771,0
item_02191,passive,P2,1,q10,1,0.9995098114013672,1
item_02192,cleft,P2,0,q01,1,0.9987514019012451,1
item_02192,cleft,P2,1,q10,0,0.9957658052444458,0
item_02193,topical,P2,0,q01,0,0.0001240668643731624,1
item_02193,topical,P2,1,q10,1,0.00014622980961576104,0
item_02195,active,P2,0,q01,1,0.9998981952667236,1
item_02195,active,P2,1,q10,0,0.999879002571106,0
item_02196,passive,P2,0,q01,0,0.9997575879096985,0
item_02196,passive,P2,1,q10,1,0.9998775720596313,1
item_02197,cleft,P2,0,q01,1,0.9997343420982361,1
item_02197,cleft,P2,1,q10,0,0.9991021156311035,0
item_02198,topical,P2,0,q01,0,0.00028793420642614365,1
item_02198,topical,P2,1,q10,1,0.0006091647665016353,0
item_02200,active,P2,0,q01,1,0.05276086926460266,0
item_02200,active,P2,1,q10,0,0.021692398935556412,1
item_02201,passive,P2,0,q01,0,0.999500036239624,0
item_02201,passive,P2,1,q10,1,0.9997158646583557,1
item_02202,cleft,P2,0,q01,1,0.15570373833179474,0
item_02202,cleft,P2,1,q10,0,0.058292970061302185,1
item_02203,topical,P2,0,q01,0,0.00016657858213875443,1
item_02203,topical,P2,1,q10,1,0.00020633451640605927,0
item_02205,active,P2,0,q01,1,0.9994205236434937,1
item_02205,active,P2,1,q10,0,0.99909508228302,0
item_02206,passive,P2,0,q01,0,0.9997275471687317,0
item_02206,passive,P2,1,q10,1,0.9998617172241211,1
item_02207,cleft,P2,0,q01,1,0.9984537363052368,1
item_02207,cleft,P2,1,q10,0,0.9905587434768677,0
item_02208,topical,P2,0,q01,0,0.0002855185011867434,1
item_02208,topical,P2,1,q10,1,0.00042650377145037055,0
item_02210,active,P2,0,q01,1,0.9998759031295776,1
item_02210,active,P2,1,q10,0,0.9998799562454224,0
item_02211,passive,P2,0,q01,0,0.9995965361595154,0
item_02211,passive,P2,1,q10,1,0.9996671676635742,1
item_02212,cleft,P2,0,q01,1,0.9997062087059021,1
item_02212,cleft,P2,1,q10,0,0.9990609288215637,0
item_02213,topical,P2,0,q01,0,0.0002016972575802356,1
item_02213,topical,P2,1,q10,1,0.00020135521481279284,0
item_02215,active,P2,0,q01,1,0.9997966885566711,1
item_02215,active,P2,1,q10,0,0.9997619986534119,0
item_02216,passive,P2,0,q01,0,0.9995964169502258,0
item_02216,passive,P2,1,q10,1,0.9997743964195251,1
item_02217,cleft,P2,0,q01,1,0.9995889067649841,1
item_02217,cleft,P2,1,q10,0,0.998132050037384,0
item_02218,topical,P2,0,q01,0,0.00027175326249562204,1
item_02218,topical,P2,1,q10,1,0.00040573853766545653,0
item_02220,active,P2,0,q01,1,0.9998860359191895,1
item_02220,active,P2,1,q10,0,0.9998894929885864,0
item_02221,passive,P2,0,q01,0,0.9997722506523132,0
item_02221,passive,P2,1,q10,1,0.9998148083686829,1
item_02222,cleft,P2,0,q01,1,0.9997040629386902,1
item_02222,cleft,P2,1,q10,0,0.9989942908287048,0
item_02223,topical,P2,0,q01,0,0.00038892313023097813,1
item_02223,topical,P2,1,q10,1,0.00047471720608882606,0
item_02225,active,P2,0,q01,1,0.9996170997619629,1
item_02225,active,P2,1,q10,0,0.9995498061180115,0
item_02226,passive,P2,0,q01,0,0.999873161315918,0
item_02226,passive,P2,1,q10,1,0.9999111890792847,1
item_02227,cleft,P2,0,q01,1,0.9991455078125,1
item_02227,cleft,P2,1,q10,0,0.9974485039710999,0
item_02228,topical,P2,0,q01,0,0.0004601993423420936,1
item_02228,topical,P2,1,q10,1,0.0007536602206528187,0
item_02230,active,P2,0,q01,1,0.9996412992477417,1
item_02230,active,P2,1,q10,0,0.9997548460960388,0
item_02231,passive,P2,0,q01,0,0.9995949864387512,0
item_02231,passive,P2,1,q10,1,0.9996299743652344,1
item_02232,cleft,P2,0,q01,1,0.9973057508468628,1
item_02232,cleft,P2,1,q10,0,0.9947636127471924,0
item_02233,topical,P2,0,q01,0,0.00021111502428539097,1
item_02233,topical,P2,1,q10,1,0.0001586581493029371,0
item_02235,active,P2,0,q01,1,0.9994727969169617,1
item_02235,active,P2,1,q10,0,0.9992635846138,0
item_02236,passive,P2,0,q01,0,0.9988816380500793,0
item_02236,passive,P2,1,q10,1,0.9995354413986206,1
item_02237,cleft,P2,0,q01,1,0.9977380037307739,1
item_02237,cleft,P2,1,q10,0,0.9884087443351746,0
item_02238,topical,P2,0,q01,0,8.746462117414922e-05,1
item_02238,topical,P2,1,q10,1,0.00014680765161756426,0
item_02240,active,P2,0,q01,1,0.9998780488967896,1
item_02240,active,P2,1,q10,0,0.9998835325241089,0
item_02241,passive,P2,0,q01,0,0.9998769760131836,0
item_02241,passive,P2,1,q10,1,0.9999250173568726,1
item_02242,cleft,P2,0,q01,1,0.99972003698349,1
item_02242,cleft,P2,1,q10,0,0.9990082383155823,0
item_02243,topical,P2,0,q01,0,0.0005869318265467882,1
item_02243,topical,P2,1,q10,1,0.0008442320395261049,0
item_02245,active,P2,0,q01,1,0.9998273849487305,1
item_02245,active,P2,1,q10,0,0.9998204112052917,0
item_02246,passive,P2,0,q01,0,0.9997029900550842,0
item_02246,passive,P2,1,q10,1,0.9997865557670593,1
item_02247,cleft,P2,0,q01,1,0.9997298121452332,1
item_02247,cleft,P2,1,q10,0,0.9989727735519409,0
item_02248,topical,P2,0,q01,0,0.00027821314870379865,1
item_02248,topical,P2,1,q10,1,0.0003385215240996331,0
item_02250,active,P2,0,q01,1,0.9998329877853394,1
item_02250,active,P2,1,q10,0,0.9998396635055542,0
item_02251,passive,P2,0,q01,0,0.9998000264167786,0
item_02251,passive,P2,1,q10,1,0.999818742275238,1
item_02252,cleft,P2,0,q01,1,0.9994568228721619,1
item_02252,cleft,P2,1,q10,0,0.9983409643173218,0
item_02253,topical,P2,0,q01,0,0.0003700985689647496,1
item_02253,topical,P2,1,q10,1,0.0004792198014911264,0
item_02255,active,P2,0,q01,1,0.9998563528060913,1
item_02255,active,P2,1,q10,0,0.9999030828475952,0
item_02256,passive,P2,0,q01,0,0.9995126724243164,0
item_02256,passive,P2,1,q10,1,0.9996389150619507,1
item_02257,cleft,P2,0,q01,1,0.9995032548904419,1
item_02257,cleft,P2,1,q10,0,0.9985759258270264,0
item_02258,topical,P2,0,q01,0,0.0002151667868020013,1
item_02258,topical,P2,1,q10,1,0.000243474860326387,0
item_02260,active,P2,0,q01,1,0.99843829870224,1
item_02260,active,P2,1,q10,0,0.9982329607009888,0
item_02261,passive,P2,0,q01,0,0.9995447993278503,0
item_02261,passive,P2,1,q10,1,0.9997401833534241,1
item_02262,cleft,P2,0,q01,1,0.9916696548461914,1
item_02262,cleft,P2,1,q10,0,0.9711146950721741,0
item_02263,topical,P2,0,q01,0,0.00018318135698791593,1
item_02263,topical,P2,1,q10,1,0.00021362626284826547,0
item_02265,active,P2,0,q01,1,0.9993994235992432,1
item_02265,active,P2,1,q10,0,0.9993314743041992,0
item_02266,passive,P2,0,q01,0,0.9995713829994202,0
item_02266,passive,P2,1,q10,1,0.9997407793998718,1
item_02267,cleft,P2,0,q01,1,0.9974560141563416,1
item_02267,cleft,P2,1,q10,0,0.989346981048584,0
item_02268,topical,P2,0,q01,0,0.00020093251077923924,1
item_02268,topical,P2,1,q10,1,0.0002800718357320875,0
item_02270,active,P2,0,q01,1,0.9999033212661743,1
item_02270,active,P2,1,q10,0,0.9999003410339355,0
item_02271,passive,P2,0,q01,0,0.9998856782913208,0
item_02271,passive,P2,1,q10,1,0.9999316930770874,1
item_02272,cleft,P2,0,q01,1,0.9998533725738525,1
item_02272,cleft,P2,1,q10,0,0.9994996786117554,0
item_02273,topical,P2,0,q01,0,0.0005935441004112363,1
item_02273,topical,P2,1,q10,1,0.0010017984313890338,0
item_02275,active,P2,0,q01,1,0.9998389482498169,1
item_02275,active,P2,1,q10,0,0.9998483657836914,0
item_02276,passive,P2,0,q01,0,0.9997106194496155,0
item_02276,passive,P2,1,q10,1,0.9998366832733154,1
item_02277,cleft,P2,0,q01,1,0.999646782875061,1
item_02277,cleft,P2,1,q10,0,0.9988565444946289,0
item_02278,topical,P2,0,q01,0,0.0002610519004520029,1
item_02278,topical,P2,1,q10,1,0.0004312648670747876,0
item_02280,active,P2,0,q01,1,0.9999208450317383,1
item_02280,active,P2,1,q10,0,0.9998735189437866,0
item_02281,passive,P2,0,q01,0,0.9993332028388977,0
item_02281,passive,P2,1,q10,1,0.9996381998062134,1
item_02282,cleft,P2,0,q01,1,0.9996447563171387,1
item_02282,cleft,P2,1,q10,0,0.9981661438941956,0
item_02283,topical,P2,0,q01,0,0.0001218011966557242,1
item_02283,topical,P2,1,q10,1,0.00019857121515087783,0
item_02285,active,P2,0,q01,1,0.9998372793197632,1
item_02285,active,P2,1,q10,0,0.9998326301574707,0
item_02286,passive,P2,0,q01,0,0.9992132186889648,0
item_02286,passive,P2,1,q10,1,0.999262273311615,1
item_02287,cleft,P2,0,q01,1,0.998625636100769,1
item_02287,cleft,P2,1,q10,0,0.9963839054107666,0
item_02288,topical,P2,0,q01,0,0.00011861354869324714,1
item_02288,topical,P2,1,q10,1,0.00012324242561589926,0
item_02290,active,P2,0,q01,1,0.10053376853466034,0
item_02290,active,P2,1,q10,0,0.06539111584424973,1
item_02291,passive,P2,0,q01,0,0.9994878768920898,0
item_02291,passive,P2,1,q10,1,0.9996781349182129,1
item_02292,cleft,P2,0,q01,1,0.21400973200798035,0
item_02292,cleft,P2,1,q10,0,0.12897726893424988,1
item_02293,topical,P2,0,q01,0,0.00017641900922171772,1
item_02293,topical,P2,1,q10,1,0.00020775965822394937,0
item_02295,active,P2,0,q01,1,0.6744797825813293,1
item_02295,active,P2,1,q10,0,0.330502450466156,1
item_02296,passive,P2,0,q01,0,0.9999247789382935,0
item_02296,passive,P2,1,q10,1,0.9999734163284302,1
item_02297,cleft,P2,0,q01,1,0.9019730091094971,1
item_02297,cleft,P2,1,q10,0,0.6658653020858765,0
item_02298,topical,P2,0,q01,0,0.001269783009774983,1
item_02298,topical,P2,1,q10,1,0.0026981772389262915,0
item_02300,active,P2,0,q01,1,0.9996217489242554,1
item_02300,active,P2,1,q10,0,0.9996926784515381,0
item_02301,passive,P2,0,q01,0,0.9997096657752991,0
item_02301,passive,P2,1,q10,1,0.9998001456260681,1
item_02302,cleft,P2,0,q01,1,0.9980875849723816,1
item_02302,cleft,P2,1,q10,0,0.9945858716964722,0
item_02303,topical,P2,0,q01,0,0.0003010357031598687,1
item_02303,topical,P2,1,q10,1,0.0002968070621136576,0
item_02305,active,P2,0,q01,1,0.9999079704284668,1
item_02305,active,P2,1,q10,0,0.9999234676361084,0
item_02306,passive,P2,0,q01,0,0.999484658241272,0
item_02306,passive,P2,1,q10,1,0.9995087385177612,1
item_02307,cleft,P2,0,q01,1,0.9995887875556946,1
item_02307,cleft,P2,1,q10,0,0.9991472959518433,0
item_02308,topical,P2,0,q01,0,0.00013753982784692198,1
item_02308,topical,P2,1,q10,1,0.00015432407963089645,0
item_02310,active,P2,0,q01,1,0.9997941851615906,1
item_02310,active,P2,1,q10,0,0.9998553991317749,0
item_02311,passive,P2,0,q01,0,0.9994356036186218,0
item_02311,passive,P2,1,q10,1,0.9995670914649963,1
item_02312,cleft,P2,0,q01,1,0.9992935657501221,1
item_02312,cleft,P2,1,q10,0,0.9984856247901917,0
item_02313,topical,P2,0,q01,0,0.00013375234266277403,1
item_02313,topical,P2,1,q10,1,0.00015368516324087977,0
item_02315,active,P2,0,q01,1,0.9996817111968994,1
item_02315,active,P2,1,q10,0,0.9996188879013062,0
item_02316,passive,P2,0,q01,0,0.9998306035995483,0
item_02316,passive,P2,1,q10,1,0.9998843669891357,1
item_02317,cleft,P2,0,q01,1,0.999107301235199,1
item_02317,cleft,P2,1,q10,0,0.995612382888794,0
item_02318,topical,P2,0,q01,0,0.00034450754174031317,1
item_02318,topical,P2,1,q10,1,0.0005236521828919649,0
item_02320,active,P2,0,q01,1,0.036796461790800095,0
item_02320,active,P2,1,q10,0,0.015632756054401398,1
item_02321,passive,P2,0,q01,0,0.9992321729660034,0
item_02321,passive,P2,1,q10,1,0.9995797276496887,1
item_02322,cleft,P2,0,q01,1,0.13120275735855103,0
item_02322,cleft,P2,1,q10,0,0.04032358154654503,1
item_02323,topical,P2,0,q01,0,0.00011476570216473192,1
item_02323,topical,P2,1,q10,1,0.00015430156781803817,0
item_02325,active,P2,0,q01,1,0.9999090433120728,1
item_02325,active,P2,1,q10,0,0.9999114274978638,0
item_02326,passive,P2,0,q01,0,0.9998822212219238,0
item_02326,passive,P2,1,q10,1,0.9999226331710815,1
item_02327,cleft,P2,0,q01,1,0.9999029636383057,1
item_02327,cleft,P2,1,q10,0,0.9996993541717529,0
item_02328,topical,P2,0,q01,0,0.0006538218003697693,1
item_02328,topical,P2,1,q10,1,0.0007112574530765414,0
item_02330,active,P2,0,q01,1,0.9994115829467773,1
item_02330,active,P2,1,q10,0,0.9995098114013672,0
item_02331,passive,P2,0,q01,0,0.9998693466186523,0
item_02331,passive,P2,1,q10,1,0.9998917579650879,1
item_02332,cleft,P2,0,q01,1,0.9981118440628052,1
item_02332,cleft,P2,1,q10,0,0.9961264729499817,0
item_02333,topical,P2,0,q01,0,0.0005567676853388548,1
item_02333,topical,P2,1,q10,1,0.0006173424189910293,0
item_02335,active,P2,0,q01,1,0.45518893003463745,0
item_02335,active,P2,1,q10,0,0.16133750975131989,1
item_02336,passive,P2,0,q01,0,0.9998912811279297,0
item_02336,passive,P2,1,q10,1,0.999956488609314,1
item_02337,cleft,P2,0,q01,1,0.6985818147659302,1
item_02337,cleft,P2,1,q10,0,0.3084622025489807,1
item_02338,topical,P2,0,q01,0,0.0007892644498497248,1
item_02338,topical,P2,1,q10,1,0.0014151250943541527,0
item_02340,active,P2,0,q01,1,0.9981060028076172,1
item_02340,active,P2,1,q10,0,0.9976605176925659,0
item_02341,passive,P2,0,q01,0,0.9992930889129639,0
item_02341,passive,P2,1,q10,1,0.9995699524879456,1
item_02342,cleft,P2,0,q01,1,0.9872468709945679,1
item_02342,cleft,P2,1,q10,0,0.9525095820426941,0
item_02343,topical,P2,0,q01,0,0.00012835653615184128,1
item_02343,topical,P2,1,q10,1,0.000140568838105537,0
item_02345,active,P2,0,q01,1,0.9998276233673096,1
item_02345,active,P2,1,q10,0,0.9998006224632263,0
item_02346,passive,P2,0,q01,0,0.9995629191398621,0
item_02346,passive,P2,1,q10,1,0.9997157454490662,1
item_02347,cleft,P2,0,q01,1,0.9995417594909668,1
item_02347,cleft,P2,1,q10,0,0.9985036849975586,0
item_02348,topical,P2,0,q01,0,0.00017428175488021225,1
item_02348,topical,P2,1,q10,1,0.00022812334646005183,0
item_02350,active,P2,0,q01,1,0.9999406337738037,1
item_02350,active,P2,1,q10,0,0.9999606609344482,0
item_02351,passive,P2,0,q01,0,0.9996836185455322,0
item_02351,passive,P2,1,q10,1,0.9996607303619385,1
item_02352,cleft,P2,0,q01,1,0.9997013211250305,1
item_02352,cleft,P2,1,q10,0,0.9994603991508484,0
item_02353,topical,P2,0,q01,0,0.00021610660769511014,1
item_02353,topical,P2,1,q10,1,0.0001607558224350214,0
item_02355,active,P2,0,q01,1,0.999825656414032,1
item_02355,active,P2,1,q10,0,0.9998655319213867,0
item_02356,passive,P2,0,q01,0,0.999595582485199,0
item_02356,passive,P2,1,q10,1,0.9997739195823669,1
item_02357,cleft,P2,0,q01,1,0.9993207454681396,1
item_02357,cleft,P2,1,q10,0,0.9977645874023438,0
item_02358,topical,P2,0,q01,0,0.0002764526871033013,1
item_02358,topical,P2,1,q10,1,0.0004043781664222479,0
item_02360,active,P2,0,q01,1,0.999914288520813,1
item_02360,active,P2,1,q10,0,0.9998847246170044,0
item_02361,passive,P2,0,q01,0,0.9998646974563599,0
item_02361,passive,P2,1,q10,1,0.9999129772186279,1
item_02362,cleft,P2,0,q01,1,0.9998753070831299,1
item_02362,cleft,P2,1,q10,0,0.9994899034500122,0
item_02363,topical,P2,0,q01,0,0.0006566725787706673,1
item_02363,topical,P2,1,q10,1,0.0009611415443941951,0
item_02365,active,P2,0,q01,1,0.9997329115867615,1
item_02365,active,P2,1,q10,0,0.9997128844261169,0
item_02366,passive,P2,0,q01,0,0.9986353516578674,0
item_02366,passive,P2,1,q10,1,0.9988481998443604,1
item_02367,cleft,P2,0,q01,1,0.9982160925865173,1
item_02367,cleft,P2,1,q10,0,0.9959269165992737,0
item_02368,topical,P2,0,q01,0,5.8038393035531044e-05,1
item_02368,topical,P2,1,q10,1,7.45503421057947e-05,0
item_02370,active,P2,0,q01,1,0.9998125433921814,1
item_02370,active,P2,1,q10,0,0.9998249411582947,0
item_02371,passive,P2,0,q01,0,0.9995300769805908,0
item_02371,passive,P2,1,q10,1,0.9996523857116699,1
item_02372,cleft,P2,0,q01,1,0.9983620047569275,1
item_02372,cleft,P2,1,q10,0,0.9958666563034058,0
item_02373,topical,P2,0,q01,0,0.00012474480899982154,1
item_02373,topical,P2,1,q10,1,0.00015325314598158002,0
item_02375,active,P2,0,q01,1,0.9998898506164551,1
item_02375,active,P2,1,q10,0,0.9998739957809448,0
item_02376,passive,P2,0,q01,0,0.9998288154602051,0
item_02376,passive,P2,1,q10,1,0.9999098777770996,1
item_02377,cleft,P2,0,q01,1,0.9998997449874878,1
item_02377,cleft,P2,1,q10,0,0.9996281862258911,0
item_02378,topical,P2,0,q01,0,0.0005499502294696867,1
item_02378,topical,P2,1,q10,1,0.0007460876367986202,0
item_02380,active,P2,0,q01,1,0.9990677237510681,1
item_02380,active,P2,1,q10,0,0.9989058971405029,0
item_02381,passive,P2,0,q01,0,0.9992138147354126,0
item_02381,passive,P2,1,q10,1,0.999594509601593,1
item_02382,cleft,P2,0,q01,1,0.9969670176506042,1
item_02382,cleft,P2,1,q10,0,0.9833609461784363,0
item_02383,topical,P2,0,q01,0,9.867658809525892e-05,1
item_02383,topical,P2,1,q10,1,0.00015081182937137783,0
item_02385,active,P2,0,q01,1,0.9997935891151428,1
item_02385,active,P2,1,q10,0,0.9998086094856262,0
item_02386,passive,P2,0,q01,0,0.9998350143432617,0
item_02386,passive,P2,1,q10,1,0.9998751878738403,1
item_02387,cleft,P2,0,q01,1,0.9990875720977783,1
item_02387,cleft,P2,1,q10,0,0.9976450800895691,0
item_02388,topical,P2,0,q01,0,0.0003867429040838033,1
item_02388,topical,P2,1,q10,1,0.00047429671394638717,0
item_02390,active,P2,0,q01,1,0.9999195337295532,1
item_02390,active,P2,1,q10,0,0.9998917579650879,0
item_02391,passive,P2,0,q01,0,0.9998196959495544,0
item_02391,passive,P2,1,q10,1,0.9998979568481445,1
item_02392,cleft,P2,0,q01,1,0.9998615980148315,1
item_02392,cleft,P2,1,q10,0,0.999426007270813,0
item_02393,topical,P2,0,q01,0,0.00044797189184464514,1
item_02393,topical,P2,1,q10,1,0.00071348698111251,0
item_02395,active,P2,0,q01,1,0.999958872795105,1
item_02395,active,P2,1,q10,0,0.9999644756317139,0
item_02396,passive,P2,0,q01,0,0.9998993873596191,0
item_02396,passive,P2,1,q10,1,0.9999345541000366,1
item_02397,cleft,P2,0,q01,1,0.9998990297317505,1
item_02397,cleft,P2,1,q10,0,0.9997063279151917,0
item_02398,topical,P2,0,q01,0,0.0006770439213141799,1
item_02398,topical,P2,1,q10,1,0.0007968351128511131,0
item_02400,active,P2,0,q01,1,0.9994451403617859,1
item_02400,active,P2,1,q10,0,0.999268114566803,0
item_02401,passive,P2,0,q01,0,0.9995224475860596,0
item_02401,passive,P2,1,q10,1,0.9997053742408752,1
item_02402,cleft,P2,0,q01,1,0.9984821677207947,1
item_02402,cleft,P2,1,q10,0,0.9921139478683472,0
item_02403,topical,P2,0,q01,0,0.00014510667824652046,1
item_02403,topical,P2,1,q10,1,0.0002006487629842013,0
item_02405,active,P2,0,q01,1,0.9992465972900391,1
item_02405,active,P2,1,q10,0,0.999444305896759,0
item_02406,passive,P2,0,q01,0,0.9992333650588989,0
item_02406,passive,P2,1,q10,1,0.9995390176773071,1
item_02407,cleft,P2,0,q01,1,0.9954718351364136,1
item_02407,cleft,P2,1,q10,0,0.9894838929176331,0
item_02408,topical,P2,0,q01,0,0.00015759818779770285,1
item_02408,topical,P2,1,q10,1,0.00018176197772845626,0
item_02410,active,P2,0,q01,1,0.9998648166656494,1
item_02410,active,P2,1,q10,0,0.9998880624771118,0
item_02411,passive,P2,0,q01,0,0.9997993111610413,0
item_02411,passive,P2,1,q10,1,0.9998636245727539,1
item_02412,cleft,P2,0,q01,1,0.999333918094635,1
item_02412,cleft,P2,1,q10,0,0.998630940914154,0
item_02413,topical,P2,0,q01,0,0.00045622498146258295,1
item_02413,topical,P2,1,q10,1,0.0005096723907627165,0
item_02415,active,P2,0,q01,1,0.99985671043396,1
item_02415,active,P2,1,q10,0,0.9998925924301147,0
item_02416,passive,P2,0,q01,0,0.999601423740387,0
item_02416,passive,P2,1,q10,1,0.9996705055236816,1
item_02417,cleft,P2,0,q01,1,0.9992840886116028,1
item_02417,cleft,P2,1,q10,0,0.9977951049804688,0
item_02418,topical,P2,0,q01,0,0.00015997003356460482,1
item_02418,topical,P2,1,q10,1,0.00018165282381232828,0
item_02420,active,P2,0,q01,1,0.9997166991233826,1
item_02420,active,P2,1,q10,0,0.9997748732566833,0
item_02421,passive,P2,0,q01,0,0.9990711212158203,0
item_02421,passive,P2,1,q10,1,0.9991624355316162,1
item_02422,cleft,P2,0,q01,1,0.9953075051307678,1
item_02422,cleft,P2,1,q10,0,0.9899084568023682,0
item_02423,topical,P2,0,q01,0,7.69674006733112e-05,1
item_02423,topical,P2,1,q10,1,7.283704326255247e-05,0
item_02425,active,P2,0,q01,1,0.9997462630271912,1
item_02425,active,P2,1,q10,0,0.9998038411140442,0
item_02426,passive,P2,0,q01,0,0.9995556473731995,0
item_02426,passive,P2,1,q10,1,0.9994820952415466,1
item_02427,cleft,P2,0,q01,1,0.9985820055007935,1
item_02427,cleft,P2,1,q10,0,0.9964710474014282,0
item_02428,topical,P2,0,q01,0,0.0001811092224670574,1
item_02428,topical,P2,1,q10,1,0.00013391685206443071,0
item_02430,active,P2,0,q01,1,0.999739944934845,1
item_02430,active,P2,1,q10,0,0.9997492432594299,0
item_02431,passive,P2,0,q01,0,0.9992803931236267,0
item_02431,passive,P2,1,q10,1,0.9994229078292847,1
item_02432,cleft,P2,0,q01,1,0.9969205856323242,1
item_02432,cleft,P2,1,q10,0,0.9923180341720581,0
item_02433,topical,P2,0,q01,0,0.00010040475899586454,1
item_02433,topical,P2,1,q10,1,0.00011823942622868344,0
item_02435,active,P2,0,q01,1,0.9998229146003723,1
item_02435,active,P2,1,q10,0,0.9997928738594055,0
item_02436,passive,P2,0,q01,0,0.9998738765716553,0
item_02436,passive,P2,1,q10,1,0.9999290704727173,1
item_02437,cleft,P2,0,q01,1,0.9998074173927307,1
item_02437,cleft,P2,1,q10,0,0.9993178844451904,0
item_02438,topical,P2,0,q01,0,0.0006939608138054609,1
item_02438,topical,P2,1,q10,1,0.000986722530797124,0
item_02440,active,P2,0,q01,1,0.08656787127256393,0
item_02440,active,P2,1,q10,0,0.03488769754767418,1
item_02441,passive,P2,0,q01,0,0.9993956089019775,0
item_02441,passive,P2,1,q10,1,0.9996942281723022,1
item_02442,cleft,P2,0,q01,1,0.28254637122154236,0
item_02442,cleft,P2,1,q10,0,0.10855437815189362,1
item_02443,topical,P2,0,q01,0,0.0001351781393168494,1
item_02443,topical,P2,1,q10,1,0.0001927950797835365,0
item_02445,active,P2,0,q01,1,0.9998989105224609,1
item_02445,active,P2,1,q10,0,0.9998912811279297,0
item_02446,passive,P2,0,q01,0,0.9998255372047424,0
item_02446,passive,P2,1,q10,1,0.9998824596405029,1
item_02447,cleft,P2,0,q01,1,0.9998667240142822,1
item_02447,cleft,P2,1,q10,0,0.9994471669197083,0
item_02448,topical,P2,0,q01,0,0.0005130607751198113,1
item_02448,topical,P2,1,q10,1,0.0005258588935248554,0
item_02450,active,P2,0,q01,1,0.9998225569725037,1
item_02450,active,P2,1,q10,0,0.9998629093170166,0
item_02451,passive,P2,0,q01,0,0.9997782111167908,0
item_02451,passive,P2,1,q10,1,0.9998086094856262,1
item_02452,cleft,P2,0,q01,1,0.9995071887969971,1
item_02452,cleft,P2,1,q10,0,0.9984826445579529,0
item_02453,topical,P2,0,q01,0,0.0003410046047065407,1
item_02453,topical,P2,1,q10,1,0.00033643876668065786,0
item_02455,active,P2,0,q01,1,0.9998452663421631,1
item_02455,active,P2,1,q10,0,0.9998584985733032,0
item_02456,passive,P2,0,q01,0,0.9994181394577026,0
item_02456,passive,P2,1,q10,1,0.9997358918190002,1
item_02457,cleft,P2,0,q01,1,0.9989142417907715,1
item_02457,cleft,P2,1,q10,0,0.9963985681533813,0
item_02458,topical,P2,0,q01,0,0.00016448913083877414,1
item_02458,topical,P2,1,q10,1,0.00025850452948361635,0
item_02460,active,P2,0,q01,1,0.9998971223831177,1
item_02460,active,P2,1,q10,0,0.9998452663421631,0
item_02461,passive,P2,0,q01,0,0.999919056892395,0
item_02461,passive,P2,1,q10,1,0.9999626874923706,1
item_02462,cleft,P2,0,q01,1,0.9998977184295654,1
item_02462,cleft,P2,1,q10,0,0.9994966983795166,0
item_02463,topical,P2,0,q01,0,0.000814572733361274,1
item_02463,topical,P2,1,q10,1,0.001665121759288013,0
item_02465,active,P2,0,q01,1,0.9996185302734375,1
item_02465,active,P2,1,q10,0,0.9997424483299255,0
item_02466,passive,P2,0,q01,0,0.9997857213020325,0
item_02466,passive,P2,1,q10,1,0.9997121691703796,1
item_02467,cleft,P2,0,q01,1,0.9992067217826843,1
item_02467,cleft,P2,1,q10,0,0.9981105327606201,0
item_02468,topical,P2,0,q01,0,0.0002339878847124055,1
item_02468,topical,P2,1,q10,1,0.00022906751837581396,0
item_02470,active,P2,0,q01,1,0.9998874664306641,1
item_02470,active,P2,1,q10,0,0.9998451471328735,0
item_02471,passive,P2,0,q01,0,0.027570264413952827,1
item_02471,passive,P2,1,q10,1,0.092739537358284,0
item_02472,cleft,P2,0,q01,1,0.9999082088470459,1
item_02472,cleft,P2,1,q10,0,0.9995155334472656,0
item_02473,topical,P2,0,q01,0,0.9380292296409607,0
item_02473,topical,P2,1,q10,1,0.9805669188499451,1
item_02475,active,P2,0,q01,1,0.9998424053192139,1
item_02475,active,P2,1,q10,0,0.9998925924301147,0
item_02476,passive,P2,0,q01,0,0.9996196031570435,0
item_02476,passive,P2,1,q10,1,0.9996887445449829,1
item_02477,cleft,P2,0,q01,1,0.9990668892860413,1
item_02477,cleft,P2,1,q10,0,0.9979681372642517,0
item_02478,topical,P2,0,q01,0,0.00027297940687276423,1
item_02478,topical,P2,1,q10,1,0.0002542572619859129,0
item_02480,active,P2,0,q01,1,0.9995412826538086,1
item_02480,active,P2,1,q10,0,0.9996540546417236,0
item_02481,passive,P2,0,q01,0,0.9997527003288269,0
item_02481,passive,P2,1,q10,1,0.9998052716255188,1
item_02482,cleft,P2,0,q01,1,0.9987841248512268,1
item_02482,cleft,P2,1,q10,0,0.9968360662460327,0
item_02483,topical,P2,0,q01,0,0.00021040525462012738,1
item_02483,topical,P2,1,q10,1,0.0002547432668507099,0
item_02485,active,P2,0,q01,1,0.9997907280921936,1
item_02485,active,P2,1,q10,0,0.999619722366333,0
item_02486,passive,P2,0,q01,0,0.9996325969696045,0
item_02486,passive,P2,1,q10,1,0.9998137354850769,1
item_02487,cleft,P2,0,q01,1,0.9994624257087708,1
item_02487,cleft,P2,1,q10,0,0.9967777132987976,0
item_02488,topical,P2,0,q01,0,0.00018506140622776002,1
item_02488,topical,P2,1,q10,1,0.00038651269278489053,0
item_02490,active,P2,0,q01,1,0.9997366070747375,1
item_02490,active,P2,1,q10,0,0.9997766613960266,0
item_02491,passive,P2,0,q01,0,0.9998657703399658,0
item_02491,passive,P2,1,q10,1,0.9998903274536133,1
item_02492,cleft,P2,0,q01,1,0.999670147895813,1
item_02492,cleft,P2,1,q10,0,0.9989985823631287,0
item_02493,topical,P2,0,q01,0,0.0007817402947694063,1
item_02493,topical,P2,1,q10,1,0.0007600175449624658,0
item_02495,active,P2,0,q01,1,0.9992778897285461,1
item_02495,active,P2,1,q10,0,0.9992764592170715,0
item_02496,passive,P2,0,q01,0,0.9994328618049622,0
item_02496,passive,P2,1,q10,1,0.9996182918548584,1
item_02497,cleft,P2,0,q01,1,0.9969576597213745,1
item_02497,cleft,P2,1,q10,0,0.9876404404640198,0
item_02498,topical,P2,0,q01,0,0.0001209295223816298,1
item_02498,topical,P2,1,q10,1,0.00015247045666910708,0
item_02500,active,P2,0,q01,1,0.9997075200080872,1
item_02500,active,P2,1,q10,0,0.9997591376304626,0
item_02501,passive,P2,0,q01,0,0.9999527931213379,0
item_02501,passive,P2,1,q10,1,0.9999755620956421,1
item_02502,cleft,P2,0,q01,1,0.9996789693832397,1
item_02502,cleft,P2,1,q10,0,0.9989388585090637,0
item_02503,topical,P2,0,q01,0,0.001810906338505447,1
item_02503,topical,P2,1,q10,1,0.0025585382245481014,0
item_02505,active,P2,0,q01,1,0.9998689889907837,1
item_02505,active,P2,1,q10,0,0.9998500347137451,0
item_02506,passive,P2,0,q01,0,0.9997629523277283,0
item_02506,passive,P2,1,q10,1,0.9998674392700195,1
item_02507,cleft,P2,0,q01,1,0.9997934699058533,1
item_02507,cleft,P2,1,q10,0,0.999381422996521,0
item_02508,topical,P2,0,q01,0,0.000365121552022174,1
item_02508,topical,P2,1,q10,1,0.0004815175198018551,0
item_02510,active,P2,0,q01,1,0.9999173879623413,1
item_02510,active,P2,1,q10,0,0.999924898147583,0
item_02511,passive,P2,0,q01,0,0.9996289014816284,0
item_02511,passive,P2,1,q10,1,0.9996863603591919,1
item_02512,cleft,P2,0,q01,1,0.9997631907463074,1
item_02512,cleft,P2,1,q10,0,0.9992819428443909,0
item_02513,topical,P2,0,q01,0,0.00022461974003817886,1
item_02513,topical,P2,1,q10,1,0.0002698125899769366,0
item_02515,active,P2,0,q01,1,0.9998390674591064,1
item_02515,active,P2,1,q10,0,0.999908447265625,0
item_02516,passive,P2,0,q01,0,0.9998657703399658,0
item_02516,passive,P2,1,q10,1,0.9998822212219238,1
item_02517,cleft,P2,0,q01,1,0.9993951320648193,1
item_02517,cleft,P2,1,q10,0,0.9989000558853149,0
item_02518,topical,P2,0,q01,0,0.0007155126659199595,1
item_02518,topical,P2,1,q10,1,0.0006009174394421279,0
item_02520,active,P2,0,q01,1,0.9995667338371277,1
item_02520,active,P2,1,q10,0,0.9995384216308594,0
item_02521,passive,P2,0,q01,0,0.9997530579566956,0
item_02521,passive,P2,1,q10,1,0.9998832941055298,1
item_02522,cleft,P2,0,q01,1,0.9986039996147156,1
item_02522,cleft,P2,1,q10,0,0.9960487484931946,0
item_02523,topical,P2,0,q01,0,0.0004584094858728349,1
item_02523,topical,P2,1,q10,1,0.0006801173440180719,0
item_02525,active,P2,0,q01,1,0.9991204142570496,1
item_02525,active,P2,1,q10,0,0.9990478157997131,0
item_02526,passive,P2,0,q01,0,0.99912029504776,0
item_02526,passive,P2,1,q10,1,0.9994914531707764,1
item_02527,cleft,P2,0,q01,1,0.9968500733375549,1
item_02527,cleft,P2,1,q10,0,0.986525297164917,0
item_02528,topical,P2,0,q01,0,9.138204040937126e-05,1
item_02528,topical,P2,1,q10,1,0.00012503024481702596,0
item_02530,active,P2,0,q01,1,0.9996719360351562,1
item_02530,active,P2,1,q10,0,0.9996587038040161,0
item_02531,passive,P2,0,q01,0,0.9999499320983887,0
item_02531,passive,P2,1,q10,1,0.9999750852584839,1
item_02532,cleft,P2,0,q01,1,0.9995412826538086,1
item_02532,cleft,P2,1,q10,0,0.9984075427055359,0
item_02533,topical,P2,0,q01,0,0.001367302960716188,1
item_02533,topical,P2,1,q10,1,0.0026454096660017967,0
item_02535,active,P2,0,q01,1,0.9998438358306885,1
item_02535,active,P2,1,q10,0,0.9998780488967896,0
item_02536,passive,P2,0,q01,0,0.9996359348297119,0
item_02536,passive,P2,1,q10,1,0.9996340274810791,1
item_02537,cleft,P2,0,q01,1,0.9994206428527832,1
item_02537,cleft,P2,1,q10,0,0.9987736344337463,0
item_02538,topical,P2,0,q01,0,0.00020849808061029762,1
item_02538,topical,P2,1,q10,1,0.00018060518777929246,0
item_02540,active,P2,0,q01,1,0.9997223019599915,1
item_02540,active,P2,1,q10,0,0.9997519850730896,0
item_02541,passive,P2,0,q01,0,0.9994756579399109,0
item_02541,passive,P2,1,q10,1,0.9996629953384399,1
item_02542,cleft,P2,0,q01,1,0.9988704323768616,1
item_02542,cleft,P2,1,q10,0,0.9953970313072205,0
item_02543,topical,P2,0,q01,0,0.00014238432049751282,1
item_02543,topical,P2,1,q10,1,0.0001743143075145781,0
item_02545,active,P2,0,q01,1,0.9998965263366699,1
item_02545,active,P2,1,q10,0,0.9998795986175537,0
item_02546,passive,P2,0,q01,0,0.9998466968536377,0
item_02546,passive,P2,1,q10,1,0.999886155128479,1
item_02547,cleft,P2,0,q01,1,0.999789297580719,1
item_02547,cleft,P2,1,q10,0,0.999286949634552,0
item_02548,topical,P2,0,q01,0,0.0005298199830576777,1
item_02548,topical,P2,1,q10,1,0.0006795727531425655,0
item_02550,active,P2,0,q01,1,0.9998922348022461,1
item_02550,active,P2,1,q10,0,0.9999216794967651,0
item_02551,passive,P2,0,q01,0,0.9996241331100464,0
item_02551,passive,P2,1,q10,1,0.9995765089988708,1
item_02552,cleft,P2,0,q01,1,0.999697208404541,1
item_02552,cleft,P2,1,q10,0,0.9992924928665161,0
item_02553,topical,P2,0,q01,0,0.00022215608623810112,1
item_02553,topical,P2,1,q10,1,0.00020446635608095676,0
item_02555,active,P2,0,q01,1,0.9995430707931519,1
item_02555,active,P2,1,q10,0,0.9993158578872681,0
item_02556,passive,P2,0,q01,0,0.9992756247520447,0
item_02556,passive,P2,1,q10,1,0.9997531771659851,1
item_02557,cleft,P2,0,q01,1,0.998570442199707,1
item_02557,cleft,P2,1,q10,0,0.9911484718322754,0
item_02558,topical,P2,0,q01,0,0.0001270814536837861,1
item_02558,topical,P2,1,q10,1,0.000248167896643281,0
item_02560,active,P2,0,q01,1,0.9998449087142944,1
item_02560,active,P2,1,q10,0,0.999911904335022,0
item_02561,passive,P2,0,q01,0,0.9997292160987854,0
item_02561,passive,P2,1,q10,1,0.9996558427810669,1
item_02562,cleft,P2,0,q01,1,0.9996106028556824,1
item_02562,cleft,P2,1,q10,0,0.9994266033172607,0
item_02563,topical,P2,0,q01,0,0.00028715396183542907,1
item_02563,topical,P2,1,q10,1,0.0001950623991433531,0
item_02565,active,P2,0,q01,1,0.9995604157447815,1
item_02565,active,P2,1,q10,0,0.9996299743652344,0
item_02566,passive,P2,0,q01,0,0.9994245767593384,0
item_02566,passive,P2,1,q10,1,0.9996305704116821,1
item_02567,cleft,P2,0,q01,1,0.9982905983924866,1
item_02567,cleft,P2,1,q10,0,0.9947293400764465,0
item_02568,topical,P2,0,q01,0,0.00011222307512070984,1
item_02568,topical,P2,1,q10,1,0.0001638793619349599,0
item_02570,active,P2,0,q01,1,0.999832272529602,1
item_02570,active,P2,1,q10,0,0.999870777130127,0
item_02571,passive,P2,0,q01,0,0.9998843669891357,0
item_02571,passive,P2,1,q10,1,0.9998891353607178,1
item_02572,cleft,P2,0,q01,1,0.9997103810310364,1
item_02572,cleft,P2,1,q10,0,0.9995331764221191,0
item_02573,topical,P2,0,q01,0,0.0007276744581758976,1
item_02573,topical,P2,1,q10,1,0.0006831384380348027,0
item_02575,active,P2,0,q01,1,0.9996821880340576,1
item_02575,active,P2,1,q10,0,0.999525785446167,0
item_02576,passive,P2,0,q01,0,0.9997588992118835,0
item_02576,passive,P2,1,q10,1,0.9998667240142822,1
item_02577,cleft,P2,0,q01,1,0.999131977558136,1
item_02577,cleft,P2,1,q10,0,0.9952821135520935,0
item_02578,topical,P2,0,q01,0,0.0003420367429498583,1
item_02578,topical,P2,1,q10,1,0.0005176527192816138,0
item_02580,active,P2,0,q01,1,0.9998865127563477,1
item_02580,active,P2,1,q10,0,0.9998818635940552,0
item_02581,passive,P2,0,q01,0,0.9995607733726501,0
item_02581,passive,P2,1,q10,1,0.9997710585594177,1
item_02582,cleft,P2,0,q01,1,0.9996993541717529,1
item_02582,cleft,P2,1,q10,0,0.9989011287689209,0
item_02583,topical,P2,0,q01,0,0.00028541372739709914,1
item_02583,topical,P2,1,q10,1,0.0004509803547989577,0
item_02585,active,P2,0,q01,1,0.9998798370361328,1
item_02585,active,P2,1,q10,0,0.9998225569725037,0
item_02586,passive,P2,0,q01,0,0.9996565580368042,0
item_02586,passive,P2,1,q10,1,0.9998559951782227,1
item_02587,cleft,P2,0,q01,1,0.9997692704200745,1
item_02587,cleft,P2,1,q10,0,0.9988283514976501,0
item_02588,topical,P2,0,q01,0,0.00021641154307872057,1
item_02588,topical,P2,1,q10,1,0.0005306458915583789,0
item_02590,active,P2,0,q01,1,0.9998940229415894,1
item_02590,active,P2,1,q10,0,0.9999334812164307,0
item_02591,passive,P2,0,q01,0,0.999113142490387,0
item_02591,passive,P2,1,q10,1,0.9989786148071289,1
item_02592,cleft,P2,0,q01,1,0.9993694424629211,1
item_02592,cleft,P2,1,q10,0,0.9990779161453247,0
item_02593,topical,P2,0,q01,0,9.146521188085899e-05,1
item_02593,topical,P2,1,q10,1,8.602328307460994e-05,0
item_02595,active,P2,0,q01,1,0.9994999170303345,1
item_02595,active,P2,1,q10,0,0.9995307922363281,0
item_02596,passive,P2,0,q01,0,0.9997983574867249,0
item_02596,passive,P2,1,q10,1,0.9998582601547241,1
item_02597,cleft,P2,0,q01,1,0.998094379901886,1
item_02597,cleft,P2,1,q10,0,0.9930468201637268,0
item_02598,topical,P2,0,q01,0,0.00040857933345250785,1
item_02598,topical,P2,1,q10,1,0.0004695052339229733,0
item_02600,active,P2,0,q01,1,0.9998551607131958,1
item_02600,active,P2,1,q10,0,0.9998929500579834,0
item_02601,passive,P2,0,q01,0,0.9994951486587524,0
item_02601,passive,P2,1,q10,1,0.9995887875556946,1
item_02602,cleft,P2,0,q01,1,0.9994717240333557,1
item_02602,cleft,P2,1,q10,0,0.9987732768058777,0
item_02603,topical,P2,0,q01,0,0.00022872205590829253,1
item_02603,topical,P2,1,q10,1,0.00022964374511502683,0
item_02605,active,P2,0,q01,1,0.9998844861984253,1
item_02605,active,P2,1,q10,0,0.9998836517333984,0
item_02606,passive,P2,0,q01,0,0.9998857975006104,0
item_02606,passive,P2,1,q10,1,0.9999074935913086,1
item_02607,cleft,P2,0,q01,1,0.9998952150344849,1
item_02607,cleft,P2,1,q10,0,0.9996936321258545,0
item_02608,topical,P2,0,q01,0,0.0007917748880572617,1
item_02608,topical,P2,1,q10,1,0.000756380264647305,0
item_02610,active,P2,0,q01,1,0.999866247177124,1
item_02610,active,P2,1,q10,0,0.9998682737350464,0
item_02611,passive,P2,0,q01,0,0.9998863935470581,0
item_02611,passive,P2,1,q10,1,0.9999184608459473,1
item_02612,cleft,P2,0,q01,1,0.9998390674591064,1
item_02612,cleft,P2,1,q10,0,0.9994876384735107,0
item_02613,topical,P2,0,q01,0,0.0006428046035580337,1
item_02613,topical,P2,1,q10,1,0.0009452601661905646,0
item_02615,active,P2,0,q01,1,0.9994292855262756,1
item_02615,active,P2,1,q10,0,0.9993777275085449,0
item_02616,passive,P2,0,q01,0,0.9990066885948181,0
item_02616,passive,P2,1,q10,1,0.9993946552276611,1
item_02617,cleft,P2,0,q01,1,0.9961820244789124,1
item_02617,cleft,P2,1,q10,0,0.9844257831573486,0
item_02618,topical,P2,0,q01,0,9.672677697381005e-05,1
item_02618,topical,P2,1,q10,1,0.00015564718341920525,0
item_02620,active,P2,0,q01,1,0.9998725652694702,1
item_02620,active,P2,1,q10,0,0.9998812675476074,0
item_02621,passive,P2,0,q01,0,0.9997894167900085,0
item_02621,passive,P2,1,q10,1,0.9998905658721924,1
item_02622,cleft,P2,0,q01,1,0.9997981190681458,1
item_02622,cleft,P2,1,q10,0,0.9993284940719604,0
item_02623,topical,P2,0,q01,0,0.0005738462787121534,1
item_02623,topical,P2,1,q10,1,0.0008851093589328229,0
item_02625,active,P2,0,q01,1,0.9997885823249817,1
item_02625,active,P2,1,q10,0,0.9998331069946289,0
item_02626,passive,P2,0,q01,0,0.9991639852523804,0
item_02626,passive,P2,1,q10,1,0.9993157386779785,1
item_02627,cleft,P2,0,q01,1,0.9985833168029785,1
item_02627,cleft,P2,1,q10,0,0.9971715807914734,0
item_02628,topical,P2,0,q01,0,8.98098514880985e-05,1
item_02628,topical,P2,1,q10,1,9.328708983957767e-05,0
item_02630,active,P2,0,q01,1,0.99992835521698,1
item_02630,active,P2,1,q10,0,0.9999492168426514,0
item_02631,passive,P2,0,q01,0,0.999901294708252,0
item_02631,passive,P2,1,q10,1,0.9998838901519775,1
item_02632,cleft,P2,0,q01,1,0.9998923540115356,1
item_02632,cleft,P2,1,q10,0,0.9997976422309875,0
item_02633,topical,P2,0,q01,0,0.0008317453321069479,1
item_02633,topical,P2,1,q10,1,0.0007517424528487027,0
item_02635,active,P2,0,q01,1,0.9998652935028076,1
item_02635,active,P2,1,q10,0,0.9999008178710938,0
item_02636,passive,P2,0,q01,0,0.9996435642242432,0
item_02636,passive,P2,1,q10,1,0.9997929930686951,1
item_02637,cleft,P2,0,q01,1,0.9991881251335144,1
item_02637,cleft,P2,1,q10,0,0.9981200098991394,0
item_02638,topical,P2,0,q01,0,0.00021341818501241505,1
item_02638,topical,P2,1,q10,1,0.0003254135081078857,0
item_02640,active,P2,0,q01,1,0.9998905658721924,1
item_02640,active,P2,1,q10,0,0.9998658895492554,0
item_02641,passive,P2,0,q01,0,0.033069659024477005,1
item_02641,passive,P2,1,q10,1,0.08460605889558792,0
item_02642,cleft,P2,0,q01,1,0.9998536109924316,1
item_02642,cleft,P2,1,q10,0,0.9992262125015259,0
item_02643,topical,P2,0,q01,0,0.9128860235214233,0
item_02643,topical,P2,1,q10,1,0.9708650708198547,1
item_02645,active,P2,0,q01,1,0.9998998641967773,1
item_02645,active,P2,1,q10,0,0.9998853206634521,0
item_02646,passive,P2,0,q01,0,0.999774158000946,0
item_02646,passive,P2,1,q10,1,0.9998903274536133,1
item_02647,cleft,P2,0,q01,1,0.9998180270195007,1
item_02647,cleft,P2,1,q10,0,0.9993522763252258,0
item_02648,topical,P2,0,q01,0,0.0003350893675815314,1
item_02648,topical,P2,1,q10,1,0.0005902188713662326,0
item_02650,active,P2,0,q01,1,0.9998980760574341,1
item_02650,active,P2,1,q10,0,0.9998948574066162,0
item_02651,passive,P2,0,q01,0,0.9997056126594543,0
item_02651,passive,P2,1,q10,1,0.9998010993003845,1
item_02652,cleft,P2,0,q01,1,0.9997401833534241,1
item_02652,cleft,P2,1,q10,0,0.9990461468696594,0
item_02653,topical,P2,0,q01,0,0.00023869163123890758,1
item_02653,topical,P2,1,q10,1,0.00029558659298345447,0
item_02655,active,P2,0,q01,1,0.9995986819267273,1
item_02655,active,P2,1,q10,0,0.9997268319129944,0
item_02656,passive,P2,0,q01,0,0.9994019269943237,0
item_02656,passive,P2,1,q10,1,0.999575674533844,1
item_02657,cleft,P2,0,q01,1,0.9986396431922913,1
item_02657,cleft,P2,1,q10,0,0.9964302182197571,0
item_02658,topical,P2,0,q01,0,0.00013598577061202377,1
item_02658,topical,P2,1,q10,1,0.00013952719746157527,0
item_02660,active,P2,0,q01,1,0.9999291896820068,1
item_02660,active,P2,1,q10,0,0.9998703002929688,0
item_02661,passive,P2,0,q01,0,0.9993546605110168,0
item_02661,passive,P2,1,q10,1,0.9997904896736145,1
item_02662,cleft,P2,0,q01,1,0.9998007416725159,1
item_02662,cleft,P2,1,q10,0,0.9984753727912903,0
item_02663,topical,P2,0,q01,0,0.0001320024748565629,1
item_02663,topical,P2,1,q10,1,0.0003536231233738363,0
item_02665,active,P2,0,q01,1,0.9998694658279419,1
item_02665,active,P2,1,q10,0,0.9998743534088135,0
item_02666,passive,P2,0,q01,0,0.9999508857727051,0
item_02666,passive,P2,1,q10,1,0.9999712705612183,1
item_02667,cleft,P2,0,q01,1,0.9998639822006226,1
item_02667,cleft,P2,1,q10,0,0.9996134638786316,0
item_02668,topical,P2,0,q01,0,0.0019755898974835873,1
item_02668,topical,P2,1,q10,1,0.003008980071172118,0
item_02670,active,P2,0,q01,1,0.9997674822807312,1
item_02670,active,P2,1,q10,0,0.9997219443321228,0
item_02671,passive,P2,0,q01,0,0.9993732571601868,0
item_02671,passive,P2,1,q10,1,0.999523401260376,1
item_02672,cleft,P2,0,q01,1,0.9982732534408569,1
item_02672,cleft,P2,1,q10,0,0.9941038489341736,0
item_02673,topical,P2,0,q01,0,0.00011801122309407219,1
item_02673,topical,P2,1,q10,1,0.00018595767323859036,0
item_02675,active,P2,0,q01,1,0.9997313618659973,1
item_02675,active,P2,1,q10,0,0.9997203946113586,0
item_02676,passive,P2,0,q01,0,0.9992596507072449,0
item_02676,passive,P2,1,q10,1,0.9994639754295349,1
item_02677,cleft,P2,0,q01,1,0.9989331364631653,1
item_02677,cleft,P2,1,q10,0,0.9965337514877319,0
item_02678,topical,P2,0,q01,0,0.0001155294812633656,1
item_02678,topical,P2,1,q10,1,0.0001316694397246465,0
item_02680,active,P2,0,q01,1,0.9998164772987366,1
item_02680,active,P2,1,q10,0,0.9998310804367065,0
item_02681,passive,P2,0,q01,0,0.9998904466629028,0
item_02681,passive,P2,1,q10,1,0.9999277591705322,1
item_02682,cleft,P2,0,q01,1,0.9995747208595276,1
item_02682,cleft,P2,1,q10,0,0.9984990358352661,0
item_02683,topical,P2,0,q01,0,0.000652517017442733,1
item_02683,topical,P2,1,q10,1,0.0007889725966379046,0
item_02685,active,P2,0,q01,1,0.9998206496238708,1
item_02685,active,P2,1,q10,0,0.9997439980506897,0
item_02686,passive,P2,0,q01,0,0.9992650151252747,0
item_02686,passive,P2,1,q10,1,0.9996495246887207,1
item_02687,cleft,P2,0,q01,1,0.9994946718215942,1
item_02687,cleft,P2,1,q10,0,0.9976009726524353,0
item_02688,topical,P2,0,q01,0,0.00010878554166993126,1
item_02688,topical,P2,1,q10,1,0.00019517196051310748,0
item_02690,active,P2,0,q01,1,0.9998067021369934,1
item_02690,active,P2,1,q10,0,0.9997245669364929,0
item_02691,passive,P2,0,q01,0,0.9998626708984375,0
item_02691,passive,P2,1,q10,1,0.9999090433120728,1
item_02692,cleft,P2,0,q01,1,0.9996106028556824,1
item_02692,cleft,P2,1,q10,0,0.998727023601532,0
item_02693,topical,P2,0,q01,0,0.0004727566265501082,1
item_02693,topical,P2,1,q10,1,0.0008038833038881421,0
item_02695,active,P2,0,q01,1,0.9997559189796448,1
item_02695,active,P2,1,q10,0,0.9998030066490173,0
item_02696,passive,P2,0,q01,0,0.9993677735328674,0
item_02696,passive,P2,1,q10,1,0.9994770884513855,1
item_02697,cleft,P2,0,q01,1,0.998799204826355,1
item_02697,cleft,P2,1,q10,0,0.9976356029510498,0
item_02698,topical,P2,0,q01,0,0.0001221820421051234,1
item_02698,topical,P2,1,q10,1,0.00012121850159019232,0
item_02700,active,P2,0,q01,1,0.9997188448905945,1
item_02700,active,P2,1,q10,0,0.9997040629386902,0
item_02701,passive,P2,0,q01,0,0.9994511008262634,0
item_02701,passive,P2,1,q10,1,0.9997683167457581,1
item_02702,cleft,P2,0,q01,1,0.9991434812545776,1
item_02702,cleft,P2,1,q10,0,0.996300458908081,0
item_02703,topical,P2,0,q01,0,0.00013438337191473693,1
item_02703,topical,P2,1,q10,1,0.00020861063967458904,0
item_02705,active,P2,0,q01,1,0.9996416568756104,1
item_02705,active,P2,1,q10,0,0.9997230172157288,0
item_02706,passive,P2,0,q01,0,0.9994372725486755,0
item_02706,passive,P2,1,q10,1,0.9995312690734863,1
item_02707,cleft,P2,0,q01,1,0.9986248016357422,1
item_02707,cleft,P2,1,q10,0,0.9964081645011902,0
item_02708,topical,P2,0,q01,0,0.00013969001884106547,1
item_02708,topical,P2,1,q10,1,0.00011874924530275166,0
item_02710,active,P2,0,q01,1,0.9998540878295898,1
item_02710,active,P2,1,q10,0,0.99970942735672,0
item_02711,passive,P2,0,q01,0,0.01618766412138939,1
item_02711,passive,P2,1,q10,1,0.06621777266263962,0
item_02712,cleft,P2,0,q01,1,0.9998488426208496,1
item_02712,cleft,P2,1,q10,0,0.998999297618866,0
item_02713,topical,P2,0,q01,0,0.8946020007133484,0
item_02713,topical,P2,1,q10,1,0.9783807396888733,1
item_02715,active,P2,0,q01,1,0.9998548030853271,1
item_02715,active,P2,1,q10,0,0.999868631362915,0
item_02716,passive,P2,0,q01,0,0.9996547698974609,0
item_02716,passive,P2,1,q10,1,0.9997093081474304,1
item_02717,cleft,P2,0,q01,1,0.9992741942405701,1
item_02717,cleft,P2,1,q10,0,0.9975351095199585,0
item_02718,topical,P2,0,q01,0,0.00019654120842460543,1
item_02718,topical,P2,1,q10,1,0.0002237497828900814,0
item_02720,active,P2,0,q01,1,0.9998831748962402,1
item_02720,active,P2,1,q10,0,0.9998143315315247,0
item_02721,passive,P2,0,q01,0,0.9995110034942627,0
item_02721,passive,P2,1,q10,1,0.9997307658195496,1
item_02722,cleft,P2,0,q01,1,0.9996340274810791,1
item_02722,cleft,P2,1,q10,0,0.9985590577125549,0
item_02723,topical,P2,0,q01,0,0.00013843666238244623,1
item_02723,topical,P2,1,q10,1,0.00023467176652047783,0
item_02725,active,P2,0,q01,1,0.9998065829277039,1
item_02725,active,P2,1,q10,0,0.9998761415481567,0
item_02726,passive,P2,0,q01,0,0.9996046423912048,0
item_02726,passive,P2,1,q10,1,0.9996659755706787,1
item_02727,cleft,P2,0,q01,1,0.9982855916023254,1
item_02727,cleft,P2,1,q10,0,0.9966323971748352,0
item_02728,topical,P2,0,q01,0,0.00022764618915971369,1
item_02728,topical,P2,1,q10,1,0.00019785683252848685,0
item_02730,active,P2,0,q01,1,0.9998385906219482,1
item_02730,active,P2,1,q10,0,0.9998550415039062,0
item_02731,passive,P2,0,q01,0,0.9993475079536438,0
item_02731,passive,P2,1,q10,1,0.9995599389076233,1
item_02732,cleft,P2,0,q01,1,0.9994797110557556,1
item_02732,cleft,P2,1,q10,0,0.9985002279281616,0
item_02733,topical,P2,0,q01,0,0.00012768953456543386,1
item_02733,topical,P2,1,q10,1,0.00014999881386756897,0
item_02735,active,P2,0,q01,1,0.9994938373565674,1
item_02735,active,P2,1,q10,0,0.999492883682251,0
item_02736,passive,P2,0,q01,0,0.9998910427093506,0
item_02736,passive,P2,1,q10,1,0.9999244213104248,1
item_02737,cleft,P2,0,q01,1,0.999019980430603,1
item_02737,cleft,P2,1,q10,0,0.9977285265922546,0
item_02738,topical,P2,0,q01,0,0.0005574245587922633,1
item_02738,topical,P2,1,q10,1,0.0007461413042619824,0
item_02740,active,P2,0,q01,1,0.999832034111023,1
item_02740,active,P2,1,q10,0,0.9998096823692322,0
item_02741,passive,P2,0,q01,0,0.9996035695075989,0
item_02741,passive,P2,1,q10,1,0.9997009038925171,1
item_02742,cleft,P2,0,q01,1,0.9995232820510864,1
item_02742,cleft,P2,1,q10,0,0.9984645843505859,0
item_02743,topical,P2,0,q01,0,0.00018970131350215524,1
item_02743,topical,P2,1,q10,1,0.00020458824292290956,0
item_02745,active,P2,0,q01,1,0.9997050166130066,1
item_02745,active,P2,1,q10,0,0.9996758699417114,0
item_02746,passive,P2,0,q01,0,0.9995450377464294,0
item_02746,passive,P2,1,q10,1,0.9995915293693542,1
item_02747,cleft,P2,0,q01,1,0.9989895224571228,1
item_02747,cleft,P2,1,q10,0,0.9977037310600281,0
item_02748,topical,P2,0,q01,0,0.00021534737606998533,1
item_02748,topical,P2,1,q10,1,0.00023057815269567072,0
item_02750,active,P2,0,q01,1,0.9998388290405273,1
item_02750,active,P2,1,q10,0,0.9997830986976624,0
item_02751,passive,P2,0,q01,0,0.9998164772987366,0
item_02751,passive,P2,1,q10,1,0.9998854398727417,1
item_02752,cleft,P2,0,q01,1,0.9997342228889465,1
item_02752,cleft,P2,1,q10,0,0.998788058757782,0
item_02753,topical,P2,0,q01,0,0.0004482824879232794,1
item_02753,topical,P2,1,q10,1,0.0005821906961500645,0
item_02755,active,P2,0,q01,1,0.017279241234064102,0
item_02755,active,P2,1,q10,0,0.009441915899515152,1
item_02756,passive,P2,0,q01,0,0.9988987445831299,0
item_02756,passive,P2,1,q10,1,0.9993273019790649,1
item_02757,cleft,P2,0,q01,1,0.09483803808689117,0
item_02757,cleft,P2,1,q10,0,0.04977079853415489,1
item_02758,topical,P2,0,q01,0,7.082030788296834e-05,1
item_02758,topical,P2,1,q10,1,8.590041397837922e-05,0
item_02760,active,P2,0,q01,1,0.999207079410553,1
item_02760,active,P2,1,q10,0,0.9988898634910583,0
item_02761,passive,P2,0,q01,0,0.999077320098877,0
item_02761,passive,P2,1,q10,1,0.9994511008262634,1
item_02762,cleft,P2,0,q01,1,0.9954158067703247,1
item_02762,cleft,P2,1,q10,0,0.9808101058006287,0
item_02763,topical,P2,0,q01,0,7.645986624993384e-05,1
item_02763,topical,P2,1,q10,1,0.0001112807440222241,0
item_02765,active,P2,0,q01,1,0.9997760653495789,1
item_02765,active,P2,1,q10,0,0.9998007416725159,0
item_02766,passive,P2,0,q01,0,0.9996949434280396,0
item_02766,passive,P2,1,q10,1,0.9997438788414001,1
item_02767,cleft,P2,0,q01,1,0.9988906979560852,1
item_02767,cleft,P2,1,q10,0,0.9964248538017273,0
item_02768,topical,P2,0,q01,0,0.00021692801965400577,1
item_02768,topical,P2,1,q10,1,0.00021099107107147574,0
item_02770,active,P2,0,q01,1,0.9999548196792603,1
item_02770,active,P2,1,q10,0,0.999954342842102,0
item_02771,passive,P2,0,q01,0,0.9996022582054138,0
item_02771,passive,P2,1,q10,1,0.9997232556343079,1
item_02772,cleft,P2,0,q01,1,0.9997935891151428,1
item_02772,cleft,P2,1,q10,0,0.9992923736572266,0
item_02773,topical,P2,0,q01,0,0.0001745232002576813,1
item_02773,topical,P2,1,q10,1,0.00017899810336530209,0
item_02775,active,P2,0,q01,1,0.9997445940971375,1
item_02775,active,P2,1,q10,0,0.9996746778488159,0
item_02776,passive,P2,0,q01,0,0.9996570348739624,0
item_02776,passive,P2,1,q10,1,0.9997630715370178,1
item_02777,cleft,P2,0,q01,1,0.9994182586669922,1
item_02777,cleft,P2,1,q10,0,0.9974133372306824,0
item_02778,topical,P2,0,q01,0,0.0001664318988332525,1
item_02778,topical,P2,1,q10,1,0.00031674481579102576,0
item_02780,active,P2,0,q01,1,0.9985032081604004,1
item_02780,active,P2,1,q10,0,0.9982184767723083,0
item_02781,passive,P2,0,q01,0,0.998112678527832,0
item_02781,passive,P2,1,q10,1,0.9989110231399536,1
item_02782,cleft,P2,0,q01,1,0.9797376990318298,1
item_02782,cleft,P2,1,q10,0,0.9452365040779114,0
item_02783,topical,P2,0,q01,0,4.60427108919248e-05,1
item_02783,topical,P2,1,q10,1,5.7893950724974275e-05,0
item_02785,active,P2,0,q01,1,0.999561607837677,1
item_02785,active,P2,1,q10,0,0.9996176958084106,0
item_02786,passive,P2,0,q01,0,0.9995636343955994,0
item_02786,passive,P2,1,q10,1,0.9995784163475037,1
item_02787,cleft,P2,0,q01,1,0.9982890486717224,1
item_02787,cleft,P2,1,q10,0,0.9957972764968872,0
item_02788,topical,P2,0,q01,0,0.00012853108637500554,1
item_02788,topical,P2,1,q10,1,0.00012457789853215218,0
item_02790,active,P2,0,q01,1,0.9999315738677979,1
item_02790,active,P2,1,q10,0,0.9999040365219116,0
item_02791,passive,P2,0,q01,0,0.9999386072158813,0
item_02791,passive,P2,1,q10,1,0.9999736547470093,1
item_02792,cleft,P2,0,q01,1,0.9999115467071533,1
item_02792,cleft,P2,1,q10,0,0.9995531439781189,0
item_02793,topical,P2,0,q01,0,0.0015126069774851203,1
item_02793,topical,P2,1,q10,1,0.003445550799369812,0
item_02795,active,P2,0,q01,1,0.9984814524650574,1
item_02795,active,P2,1,q10,0,0.9970179796218872,0
item_02796,passive,P2,0,q01,0,0.9994046688079834,0
item_02796,passive,P2,1,q10,1,0.9997721314430237,1
item_02797,cleft,P2,0,q01,1,0.992260754108429,1
item_02797,cleft,P2,1,q10,0,0.9553859829902649,0
item_02798,topical,P2,0,q01,0,0.00018202350474894047,1
item_02798,topical,P2,1,q10,1,0.0003186939866282046,0
item_02800,active,P2,0,q01,1,0.9994540810585022,1
item_02800,active,P2,1,q10,0,0.9995514750480652,0
item_02801,passive,P2,0,q01,0,0.9998138546943665,0
item_02801,passive,P2,1,q10,1,0.9998518228530884,1
item_02802,cleft,P2,0,q01,1,0.9982050657272339,1
item_02802,cleft,P2,1,q10,0,0.9958765506744385,0
item_02803,topical,P2,0,q01,0,0.000434059533290565,1
item_02803,topical,P2,1,q10,1,0.0004788677324540913,0
item_02805,active,P2,0,q01,1,0.9995366334915161,1
item_02805,active,P2,1,q10,0,0.9995995163917542,0
item_02806,passive,P2,0,q01,0,0.9995142221450806,0
item_02806,passive,P2,1,q10,1,0.9996368885040283,1
item_02807,cleft,P2,0,q01,1,0.9970571994781494,1
item_02807,cleft,P2,1,q10,0,0.9909610152244568,0
item_02808,topical,P2,0,q01,0,0.00018575474678073078,1
item_02808,topical,P2,1,q10,1,0.00017311279952991754,0
item_02810,active,P2,0,q01,1,0.9998577833175659,1
item_02810,active,P2,1,q10,0,0.9998605251312256,0
item_02811,passive,P2,0,q01,0,0.9998282194137573,0
item_02811,passive,P2,1,q10,1,0.9998682737350464,1
item_02812,cleft,P2,0,q01,1,0.9997106194496155,1
item_02812,cleft,P2,1,q10,0,0.9991233944892883,0
item_02813,topical,P2,0,q01,0,0.0005072489148005843,1
item_02813,topical,P2,1,q10,1,0.0005329575506038964,0
item_02815,active,P2,0,q01,1,0.9997192025184631,1
item_02815,active,P2,1,q10,0,0.9996378421783447,0
item_02816,passive,P2,0,q01,0,0.9995824694633484,0
item_02816,passive,P2,1,q10,1,0.9997625946998596,1
item_02817,cleft,P2,0,q01,1,0.9993951320648193,1
item_02817,cleft,P2,1,q10,0,0.9968671202659607,0
item_02818,topical,P2,0,q01,0,0.00027775170747190714,1
item_02818,topical,P2,1,q10,1,0.0003835853422060609,0
item_02820,active,P2,0,q01,1,0.9990758895874023,1
item_02820,active,P2,1,q10,0,0.9991044402122498,0
item_02821,passive,P2,0,q01,0,0.9997004270553589,0
item_02821,passive,P2,1,q10,1,0.999798595905304,1
item_02822,cleft,P2,0,q01,1,0.9980717897415161,1
item_02822,cleft,P2,1,q10,0,0.9922888875007629,0
item_02823,topical,P2,0,q01,0,0.00027335394406691194,1
item_02823,topical,P2,1,q10,1,0.0003236749325878918,0
item_02825,active,P2,0,q01,1,0.9997487664222717,1
item_02825,active,P2,1,q10,0,0.9997397065162659,0
item_02826,passive,P2,0,q01,0,0.9993630051612854,0
item_02826,passive,P2,1,q10,1,0.9995337724685669,1
item_02827,cleft,P2,0,q01,1,0.9991279244422913,1
item_02827,cleft,P2,1,q10,0,0.9966140389442444,0
item_02828,topical,P2,0,q01,0,0.00016847738879732788,1
item_02828,topical,P2,1,q10,1,0.00018105536582879722,0
item_02830,active,P2,0,q01,1,0.9992156028747559,1
item_02830,active,P2,1,q10,0,0.999439537525177,0
item_02831,passive,P2,0,q01,0,0.9996447563171387,0
item_02831,passive,P2,1,q10,1,0.9997207522392273,1
item_02832,cleft,P2,0,q01,1,0.996496856212616,1
item_02832,cleft,P2,1,q10,0,0.990803599357605,0
item_02833,topical,P2,0,q01,0,0.00025612092576920986,1
item_02833,topical,P2,1,q10,1,0.000314017990604043,0
item_02835,active,P2,0,q01,1,0.9997584223747253,1
item_02835,active,P2,1,q10,0,0.9996289014816284,0
item_02836,passive,P2,0,q01,0,0.9993021488189697,0
item_02836,passive,P2,1,q10,1,0.9995242357254028,1
item_02837,cleft,P2,0,q01,1,0.998953104019165,1
item_02837,cleft,P2,1,q10,0,0.9961240887641907,0
item_02838,topical,P2,0,q01,0,0.0001284423633478582,1
item_02838,topical,P2,1,q10,1,0.0001734455581754446,0
item_02840,active,P2,0,q01,1,0.999830961227417,1
item_02840,active,P2,1,q10,0,0.9998346567153931,0
item_02841,passive,P2,0,q01,0,0.9995703101158142,0
item_02841,passive,P2,1,q10,1,0.9998080134391785,1
item_02842,cleft,P2,0,q01,1,0.9995988011360168,1
item_02842,cleft,P2,1,q10,0,0.9984807372093201,0
item_02843,topical,P2,0,q01,0,0.0001615223882254213,1
item_02843,topical,P2,1,q10,1,0.00028332663350738585,0
item_02845,active,P2,0,q01,1,0.9993894100189209,1
item_02845,active,P2,1,q10,0,0.9993583559989929,0
item_02846,passive,P2,0,q01,0,0.9994513392448425,0
item_02846,passive,P2,1,q10,1,0.9997934699058533,1
item_02847,cleft,P2,0,q01,1,0.9972472786903381,1
item_02847,cleft,P2,1,q10,0,0.9893240332603455,0
item_02848,topical,P2,0,q01,0,0.0001902349613374099,1
item_02848,topical,P2,1,q10,1,0.0003357243840582669,0
item_02850,active,P2,0,q01,1,0.9998058676719666,1
item_02850,active,P2,1,q10,0,0.9998668432235718,0
item_02851,passive,P2,0,q01,0,0.9997068047523499,0
item_02851,passive,P2,1,q10,1,0.9997455477714539,1
item_02852,cleft,P2,0,q01,1,0.9994786381721497,1
item_02852,cleft,P2,1,q10,0,0.9990322589874268,0
item_02853,topical,P2,0,q01,0,0.00030613740091212094,1
item_02853,topical,P2,1,q10,1,0.00029459994402714074,0
item_02855,active,P2,0,q01,1,0.9996756315231323,1
item_02855,active,P2,1,q10,0,0.9996258020401001,0
item_02856,passive,P2,0,q01,0,0.9993374943733215,0
item_02856,passive,P2,1,q10,1,0.9995846152305603,1
item_02857,cleft,P2,0,q01,1,0.9990554451942444,1
item_02857,cleft,P2,1,q10,0,0.9962335228919983,0
item_02858,topical,P2,0,q01,0,0.00012859432899858803,1
item_02858,topical,P2,1,q10,1,0.0002023390552494675,0
item_02860,active,P2,0,q01,1,0.999782383441925,1
item_02860,active,P2,1,q10,0,0.9997487664222717,0
item_02861,passive,P2,0,q01,0,0.9998793601989746,0
item_02861,passive,P2,1,q10,1,0.999911904335022,1
item_02862,cleft,P2,0,q01,1,0.9997157454490662,1
item_02862,cleft,P2,1,q10,0,0.9992414712905884,0
item_02863,topical,P2,0,q01,0,0.0006793681532144547,1
item_02863,topical,P2,1,q10,1,0.0008376472978852689,0
item_02865,active,P2,0,q01,1,0.9996836185455322,1
item_02865,active,P2,1,q10,0,0.9997660517692566,0
item_02866,passive,P2,0,q01,0,0.9998620748519897,0
item_02866,passive,P2,1,q10,1,0.999897837638855,1
item_02867,cleft,P2,0,q01,1,0.9995427131652832,1
item_02867,cleft,P2,1,q10,0,0.9988104104995728,0
item_02868,topical,P2,0,q01,0,0.0005988887860439718,1
item_02868,topical,P2,1,q10,1,0.000568428251426667,0
item_02870,active,P2,0,q01,1,0.9997691512107849,1
item_02870,active,P2,1,q10,0,0.9997710585594177,0
item_02871,passive,P2,0,q01,0,0.9997130036354065,0
item_02871,passive,P2,1,q10,1,0.9998202919960022,1
item_02872,cleft,P2,0,q01,1,0.9995115995407104,1
item_02872,cleft,P2,1,q10,0,0.9985129237174988,0
item_02873,topical,P2,0,q01,0,0.00029435960459522903,1
item_02873,topical,P2,1,q10,1,0.00038218661211431026,0
item_02875,active,P2,0,q01,1,0.9998921155929565,1
item_02875,active,P2,1,q10,0,0.9998364448547363,0
item_02876,passive,P2,0,q01,0,0.9996155500411987,0
item_02876,passive,P2,1,q10,1,0.9997710585594177,1
item_02877,cleft,P2,0,q01,1,0.9996411800384521,1
item_02877,cleft,P2,1,q10,0,0.9979870319366455,0
item_02878,topical,P2,0,q01,0,0.0002501409617252648,1
item_02878,topical,P2,1,q10,1,0.00042450145701877773,0
item_02880,active,P2,0,q01,1,0.9992782473564148,1
item_02880,active,P2,1,q10,0,0.9994276165962219,0
item_02881,passive,P2,0,q01,0,0.9996320009231567,0
item_02881,passive,P2,1,q10,1,0.999675989151001,1
item_02882,cleft,P2,0,q01,1,0.99736088514328,1
item_02882,cleft,P2,1,q10,0,0.9926389455795288,0
item_02883,topical,P2,0,q01,0,0.00024335742637049407,1
item_02883,topical,P2,1,q10,1,0.0002710962144192308,0
item_02885,active,P2,0,q01,1,0.99989914894104,1
item_02885,active,P2,1,q10,0,0.9998615980148315,0
item_02886,passive,P2,0,q01,0,0.999822199344635,0
item_02886,passive,P2,1,q10,1,0.9999090433120728,1
item_02887,cleft,P2,0,q01,1,0.9998347759246826,1
item_02887,cleft,P2,1,q10,0,0.9991740584373474,0
item_02888,topical,P2,0,q01,0,0.00035622392897494137,1
item_02888,topical,P2,1,q10,1,0.0007138433866202831,0
item_02890,active,P2,0,q01,1,0.9997914433479309,1
item_02890,active,P2,1,q10,0,0.9996243715286255,0
item_02891,passive,P2,0,q01,0,0.9993752837181091,0
item_02891,passive,P2,1,q10,1,0.9997542500495911,1
item_02892,cleft,P2,0,q01,1,0.999453604221344,1
item_02892,cleft,P2,1,q10,0,0.9968841671943665,0
item_02893,topical,P2,0,q01,0,0.00013983220560476184,1
item_02893,topical,P2,1,q10,1,0.0003359690308570862,0
item_02895,active,P2,0,q01,1,0.9996578693389893,1
item_02895,active,P2,1,q10,0,0.9996100068092346,0
item_02896,passive,P2,0,q01,0,0.9992959499359131,0
item_02896,passive,P2,1,q10,1,0.9996252059936523,1
item_02897,cleft,P2,0,q01,1,0.9985306262969971,1
item_02897,cleft,P2,1,q10,0,0.9943763017654419,0
item_02898,topical,P2,0,q01,0,8.11643767519854e-05,1
item_02898,topical,P2,1,q10,1,0.00013440463226288557,0
item_02900,active,P2,0,q01,1,0.9998465776443481,1
item_02900,active,P2,1,q10,0,0.9998764991760254,0
item_02901,passive,P2,0,q01,0,0.9997168183326721,0
item_02901,passive,P2,1,q10,1,0.9997721314430237,1
item_02902,cleft,P2,0,q01,1,0.9995273351669312,1
item_02902,cleft,P2,1,q10,0,0.9984629154205322,0
item_02903,topical,P2,0,q01,0,0.0002298016770510003,1
item_02903,topical,P2,1,q10,1,0.00025868674856610596,0
item_02905,active,P2,0,q01,1,0.9998145699501038,1
item_02905,active,P2,1,q10,0,0.9998382329940796,0
item_02906,passive,P2,0,q01,0,0.9998177886009216,0
item_02906,passive,P2,1,q10,1,0.9998903274536133,1
item_02907,cleft,P2,0,q01,1,0.9996844530105591,1
item_02907,cleft,P2,1,q10,0,0.9992119073867798,0
item_02908,topical,P2,0,q01,0,0.00046505703357979655,1
item_02908,topical,P2,1,q10,1,0.0006118244491517544,0
item_02910,active,P2,0,q01,1,0.9998095631599426,1
item_02910,active,P2,1,q10,0,0.9998759031295776,0
item_02911,passive,P2,0,q01,0,0.9991801381111145,0
item_02911,passive,P2,1,q10,1,0.9990553259849548,1
item_02912,cleft,P2,0,q01,1,0.9986617565155029,1
item_02912,cleft,P2,1,q10,0,0.9979131817817688,0
item_02913,topical,P2,0,q01,0,0.00010191661567660049,1
item_02913,topical,P2,1,q10,1,7.190188625827432e-05,0
item_02915,active,P2,0,q01,1,0.9996901750564575,1
item_02915,active,P2,1,q10,0,0.9997146725654602,0
item_02916,passive,P2,0,q01,0,0.9998459815979004,0
item_02916,passive,P2,1,q10,1,0.9998992681503296,1
item_02917,cleft,P2,0,q01,1,0.9993533492088318,1
item_02917,cleft,P2,1,q10,0,0.998448371887207,0
item_02918,topical,P2,0,q01,0,0.0005573448725044727,1
item_02918,topical,P2,1,q10,1,0.0006304485723376274,0
item_02920,active,P2,0,q01,1,0.9997063279151917,1
item_02920,active,P2,1,q10,0,0.9997389912605286,0
item_02921,passive,P2,0,q01,0,0.9996938705444336,0
item_02921,passive,P2,1,q10,1,0.9996875524520874,1
item_02922,cleft,P2,0,q01,1,0.999300479888916,1
item_02922,cleft,P2,1,q10,0,0.9984891414642334,0
item_02923,topical,P2,0,q01,0,0.0003086068609263748,1
item_02923,topical,P2,1,q10,1,0.00030840421095490456,0
item_02925,active,P2,0,q01,1,0.9986792206764221,1
item_02925,active,P2,1,q10,0,0.9985154271125793,0
item_02926,passive,P2,0,q01,0,0.9993003606796265,0
item_02926,passive,P2,1,q10,1,0.9995924830436707,1
item_02927,cleft,P2,0,q01,1,0.9891675710678101,1
item_02927,cleft,P2,1,q10,0,0.9641846418380737,0
item_02928,topical,P2,0,q01,0,0.00012572677223943174,1
item_02928,topical,P2,1,q10,1,0.00014109360927250236,0
item_02930,active,P2,0,q01,1,0.9998000264167786,1
item_02930,active,P2,1,q10,0,0.9997337460517883,0
item_02931,passive,P2,0,q01,0,0.9995730519294739,0
item_02931,passive,P2,1,q10,1,0.9997521042823792,1
item_02932,cleft,P2,0,q01,1,0.9996194839477539,1
item_02932,cleft,P2,1,q10,0,0.9983049631118774,0
item_02933,topical,P2,0,q01,0,0.00020740398031193763,1
item_02933,topical,P2,1,q10,1,0.0002749502018559724,0
item_02935,active,P2,0,q01,1,0.999431312084198,1
item_02935,active,P2,1,q10,0,0.9995824694633484,0
item_02936,passive,P2,0,q01,0,0.9994930028915405,0
item_02936,passive,P2,1,q10,1,0.9996064305305481,1
item_02937,cleft,P2,0,q01,1,0.9976230263710022,1
item_02937,cleft,P2,1,q10,0,0.9933051466941833,0
item_02938,topical,P2,0,q01,0,0.00016393391706515104,1
item_02938,topical,P2,1,q10,1,0.0001487245608586818,0
item_02940,active,P2,0,q01,1,0.999894380569458,1
item_02940,active,P2,1,q10,0,0.9999115467071533,0
item_02941,passive,P2,0,q01,0,0.9995843768119812,0
item_02941,passive,P2,1,q10,1,0.9996010661125183,1
item_02942,cleft,P2,0,q01,1,0.9994727969169617,1
item_02942,cleft,P2,1,q10,0,0.9984904527664185,0
item_02943,topical,P2,0,q01,0,0.00019278586842119694,1
item_02943,topical,P2,1,q10,1,0.00020088424207642674,0
item_02945,active,P2,0,q01,1,0.999832272529602,1
item_02945,active,P2,1,q10,0,0.9998536109924316,0
item_02946,passive,P2,0,q01,0,0.9993249177932739,0
item_02946,passive,P2,1,q10,1,0.999625563621521,1
item_02947,cleft,P2,0,q01,1,0.9995062351226807,1
item_02947,cleft,P2,1,q10,0,0.998134970664978,0
item_02948,topical,P2,0,q01,0,0.0001721936569083482,1
item_02948,topical,P2,1,q10,1,0.00024206338275689632,0
item_02950,active,P2,0,q01,1,0.9992424249649048,1
item_02950,active,P2,1,q10,0,0.9993615746498108,0
item_02951,passive,P2,0,q01,0,0.9988973140716553,0
item_02951,passive,P2,1,q10,1,0.9991520643234253,1
item_02952,cleft,P2,0,q01,1,0.9938124418258667,1
item_02952,cleft,P2,1,q10,0,0.9841995239257812,0
item_02953,topical,P2,0,q01,0,9.076647984329611e-05,1
item_02953,topical,P2,1,q10,1,8.171724039129913e-05,0
item_02955,active,P2,0,q01,1,0.9996861219406128,1
item_02955,active,P2,1,q10,0,0.9996364116668701,0
item_02956,passive,P2,0,q01,0,0.9998645782470703,0
item_02956,passive,P2,1,q10,1,0.9998997449874878,1
item_02957,cleft,P2,0,q01,1,0.9994184970855713,1
item_02957,cleft,P2,1,q10,0,0.997787356376648,0
item_02958,topical,P2,0,q01,0,0.0005218748119659722,1
item_02958,topical,P2,1,q10,1,0.0008195306290872395,0
item_02960,active,P2,0,q01,1,0.1808784008026123,0
item_02960,active,P2,1,q10,0,0.07423174381256104,1
item_02961,passive,P2,0,q01,0,0.9996106028556824,0
item_02961,passive,P2,1,q10,1,0.9997979998588562,1
item_02962,cleft,P2,0,q01,1,0.593845009803772,1
item_02962,cleft,P2,1,q10,0,0.2893582284450531,1
item_02963,topical,P2,0,q01,0,0.00023327105736825615,1
item_02963,topical,P2,1,q10,1,0.00033382317633368075,0
item_02965,active,P2,0,q01,1,0.9998635053634644,1
item_02965,active,P2,1,q10,0,0.9998835325241089,0
item_02966,passive,P2,0,q01,0,0.9992805123329163,0
item_02966,passive,P2,1,q10,1,0.9995929598808289,1
item_02967,cleft,P2,0,q01,1,0.9993020296096802,1
item_02967,cleft,P2,1,q10,0,0.9981423616409302,0
item_02968,topical,P2,0,q01,0,0.00011978152178926393,1
item_02968,topical,P2,1,q10,1,0.0001829840912250802,0
item_02970,active,P2,0,q01,1,0.9997859597206116,1
item_02970,active,P2,1,q10,0,0.999760091304779,0
item_02971,passive,P2,0,q01,0,0.9997178912162781,0
item_02971,passive,P2,1,q10,1,0.9998124241828918,1
item_02972,cleft,P2,0,q01,1,0.9996333122253418,1
item_02972,cleft,P2,1,q10,0,0.9987315535545349,0
item_02973,topical,P2,0,q01,0,0.0002858946390915662,1
item_02973,topical,P2,1,q10,1,0.0003648442216217518,0
item_02975,active,P2,0,q01,1,0.9996280670166016,1
item_02975,active,P2,1,q10,0,0.9996684789657593,0
item_02976,passive,P2,0,q01,0,0.9997910857200623,0
item_02976,passive,P2,1,q10,1,0.9998087286949158,1
item_02977,cleft,P2,0,q01,1,0.9993902444839478,1
item_02977,cleft,P2,1,q10,0,0.9978263974189758,0
item_02978,topical,P2,0,q01,0,0.0002808847348205745,1
item_02978,topical,P2,1,q10,1,0.0003966295043937862,0
item_02980,active,P2,0,q01,1,0.05382280796766281,0
item_02980,active,P2,1,q10,0,0.02106291428208351,1
item_02981,passive,P2,0,q01,0,0.9991819262504578,0
item_02981,passive,P2,1,q10,1,0.9995496869087219,1
item_02982,cleft,P2,0,q01,1,0.16656900942325592,0
item_02982,cleft,P2,1,q10,0,0.06151581183075905,1
item_02983,topical,P2,0,q01,0,0.00011878139775944874,1
item_02983,topical,P2,1,q10,1,0.00016591740131843835,0
item_02985,active,P2,0,q01,1,0.9998869895935059,1
item_02985,active,P2,1,q10,0,0.9999157190322876,0
item_02986,passive,P2,0,q01,0,0.9996336698532104,0
item_02986,passive,P2,1,q10,1,0.9997182488441467,1
item_02987,cleft,P2,0,q01,1,0.9997467398643494,1
item_02987,cleft,P2,1,q10,0,0.999206006526947,0
item_02988,topical,P2,0,q01,0,0.00029743084451183677,1
item_02988,topical,P2,1,q10,1,0.00031326027237810194,0
item_02990,active,P2,0,q01,1,0.9998030066490173,1
item_02990,active,P2,1,q10,0,0.9998612403869629,0
item_02991,passive,P2,0,q01,0,0.9997746348381042,0
item_02991,passive,P2,1,q10,1,0.9998308420181274,1
item_02992,cleft,P2,0,q01,1,0.9996540546417236,1
item_02992,cleft,P2,1,q10,0,0.9992017149925232,0
item_02993,topical,P2,0,q01,0,0.0003491890092846006,1
item_02993,topical,P2,1,q10,1,0.00037805232568643987,0
item_02995,active,P2,0,q01,1,0.9998432397842407,1
item_02995,active,P2,1,q10,0,0.9998465776443481,0
item_02996,passive,P2,0,q01,0,0.9995148181915283,0
item_02996,passive,P2,1,q10,1,0.9995844960212708,1
item_02997,cleft,P2,0,q01,1,0.9995496869087219,1
item_02997,cleft,P2,1,q10,0,0.9986597299575806,0
item_02998,topical,P2,0,q01,0,0.0001475241588195786,1
item_02998,topical,P2,1,q10,1,0.0001704446622170508,0
item_03000,active,P2,0,q01,1,0.9994027614593506,1
item_03000,active,P2,1,q10,0,0.998996913433075,0
item_03001,passive,P2,0,q01,0,0.9988642930984497,0
item_03001,passive,P2,1,q10,1,0.9994981288909912,1
item_03002,cleft,P2,0,q01,1,0.9971121549606323,1
item_03002,cleft,P2,1,q10,0,0.9828915596008301,0
item_03003,topical,P2,0,q01,0,6.412791844923049e-05,1
item_03003,topical,P2,1,q10,1,0.00011752809950849041,0
item_03005,active,P2,0,q01,1,0.9996658563613892,1
item_03005,active,P2,1,q10,0,0.999727189540863,0
item_03006,passive,P2,0,q01,0,0.9998866319656372,0
item_03006,passive,P2,1,q10,1,0.9998776912689209,1
item_03007,cleft,P2,0,q01,1,0.9995757937431335,1
item_03007,cleft,P2,1,q10,0,0.9987457990646362,0
item_03008,topical,P2,0,q01,0,0.0004898737533949316,1
item_03008,topical,P2,1,q10,1,0.0005720179760828614,0
item_03010,active,P2,0,q01,1,0.999784529209137,1
item_03010,active,P2,1,q10,0,0.999776303768158,0
item_03011,passive,P2,0,q01,0,0.9993875026702881,0
item_03011,passive,P2,1,q10,1,0.9996455907821655,1
item_03012,cleft,P2,0,q01,1,0.9989084005355835,1
item_03012,cleft,P2,1,q10,0,0.9949303269386292,0
item_03013,topical,P2,0,q01,0,0.00011112455831607804,1
item_03013,topical,P2,1,q10,1,0.00016153501928783953,0
item_03015,active,P2,0,q01,1,0.9998399019241333,1
item_03015,active,P2,1,q10,0,0.9998466968536377,0
item_03016,passive,P2,0,q01,0,0.9993891716003418,0
item_03016,passive,P2,1,q10,1,0.9996219873428345,1
item_03017,cleft,P2,0,q01,1,0.9993021488189697,1
item_03017,cleft,P2,1,q10,0,0.9968520998954773,0
item_03018,topical,P2,0,q01,0,0.00011294224532321095,1
item_03018,topical,P2,1,q10,1,0.00016553451132494956,0
item_03020,active,P2,0,q01,1,0.9998416900634766,1
item_03020,active,P2,1,q10,0,0.9998601675033569,0
item_03021,passive,P2,0,q01,0,0.9997954964637756,0
item_03021,passive,P2,1,q10,1,0.9998973608016968,1
item_03022,cleft,P2,0,q01,1,0.9993610978126526,1
item_03022,cleft,P2,1,q10,0,0.9983347058296204,0
item_03023,topical,P2,0,q01,0,0.0005320569034665823,1
item_03023,topical,P2,1,q10,1,0.0007981326780281961,0
item_03025,active,P2,0,q01,1,0.9997504353523254,1
item_03025,active,P2,1,q10,0,0.999716579914093,0
item_03026,passive,P2,0,q01,0,0.9998618364334106,0
item_03026,passive,P2,1,q10,1,0.9998890161514282,1
item_03027,cleft,P2,0,q01,1,0.9996602535247803,1
item_03027,cleft,P2,1,q10,0,0.9989691972732544,0
item_03028,topical,P2,0,q01,0,0.0006692461902275681,1
item_03028,topical,P2,1,q10,1,0.0008540359558537602,0
item_03030,active,P2,0,q01,1,0.9998949766159058,1
item_03030,active,P2,1,q10,0,0.9998791217803955,0
item_03031,passive,P2,0,q01,0,0.999809205532074,0
item_03031,passive,P2,1,q10,1,0.9998816251754761,1
item_03032,cleft,P2,0,q01,1,0.9996304512023926,1
item_03032,cleft,P2,1,q10,0,0.9981709718704224,0
item_03033,topical,P2,0,q01,0,0.00037214296753518283,1
item_03033,topical,P2,1,q10,1,0.0005292814457789063,0
item_03035,active,P2,0,q01,1,0.15162117779254913,0
item_03035,active,P2,1,q10,0,0.07887034118175507,1
item_03036,passive,P2,0,q01,0,0.9996989965438843,0
item_03036,passive,P2,1,q10,1,0.9998286962509155,1
item_03037,cleft,P2,0,q01,1,0.434650719165802,0
item_03037,cleft,P2,1,q10,0,0.20716272294521332,1
item_03038,topical,P2,0,q01,0,0.00030998190050013363,1
item_03038,topical,P2,1,q10,1,0.0003947445657104254,0
item_03040,active,P2,0,q01,1,0.9992504715919495,1
item_03040,active,P2,1,q10,0,0.9994832277297974,0
item_03041,passive,P2,0,q01,0,0.9985230565071106,0
item_03041,passive,P2,1,q10,1,0.9985654950141907,1
item_03042,cleft,P2,0,q01,1,0.9928054213523865,1
item_03042,cleft,P2,1,q10,0,0.9844457507133484,0
item_03043,topical,P2,0,q01,0,5.8716941566672176e-05,1
item_03043,topical,P2,1,q10,1,6.0477272199932486e-05,0
item_03045,active,P2,0,q01,1,0.999864935874939,1
item_03045,active,P2,1,q10,0,0.9998843669891357,0
item_03046,passive,P2,0,q01,0,0.9999245405197144,0
item_03046,passive,P2,1,q10,1,0.9999580383300781,1
item_03047,cleft,P2,0,q01,1,0.9998507499694824,1
item_03047,cleft,P2,1,q10,0,0.9995707869529724,0
item_03048,topical,P2,0,q01,0,0.0009016022668220103,1
item_03048,topical,P2,1,q10,1,0.0013707020552828908,0
item_03050,active,P2,0,q01,1,0.9998828172683716,1
item_03050,active,P2,1,q10,0,0.9998459815979004,0
item_03051,passive,P2,0,q01,0,0.9997438788414001,0
item_03051,passive,P2,1,q10,1,0.9998799562454224,1
item_03052,cleft,P2,0,q01,1,0.9997190833091736,1
item_03052,cleft,P2,1,q10,0,0.9990041851997375,0
item_03053,topical,P2,0,q01,0,0.0002368724817642942,1
item_03053,topical,P2,1,q10,1,0.0005111229256726801,0
item_03055,active,P2,0,q01,1,0.9997181296348572,1
item_03055,active,P2,1,q10,0,0.9997380375862122,0
item_03056,passive,P2,0,q01,0,0.9996004700660706,0
item_03056,passive,P2,1,q10,1,0.9997093081474304,1
item_03057,cleft,P2,0,q01,1,0.9976171851158142,1
item_03057,cleft,P2,1,q10,0,0.9933257102966309,0
item_03058,topical,P2,0,q01,0,0.00018571349210105836,1
item_03058,topical,P2,1,q10,1,0.000176957284566015,0
item_03060,active,P2,0,q01,1,0.9998366832733154,1
item_03060,active,P2,1,q10,0,0.9998294115066528,0
item_03061,passive,P2,0,q01,0,0.9998481273651123,0
item_03061,passive,P2,1,q10,1,0.999891996383667,1
item_03062,cleft,P2,0,q01,1,0.9994776844978333,1
item_03062,cleft,P2,1,q10,0,0.9976724982261658,0
item_03063,topical,P2,0,q01,0,0.0004031818825751543,1
item_03063,topical,P2,1,q10,1,0.00046062807086855173,0
item_03065,active,P2,0,q01,1,0.9998809099197388,1
item_03065,active,P2,1,q10,0,0.9999001026153564,0
item_03066,passive,P2,0,q01,0,0.9998601675033569,0
item_03066,passive,P2,1,q10,1,0.9998985528945923,1
item_03067,cleft,P2,0,q01,1,0.9997832179069519,1
item_03067,cleft,P2,1,q10,0,0.9995120763778687,0
item_03068,topical,P2,0,q01,0,0.0006476436392404139,1
item_03068,topical,P2,1,q10,1,0.0007355994894169271,0
item_03070,active,P2,0,q01,1,0.9998350143432617,1
item_03070,active,P2,1,q10,0,0.9997385144233704,0
item_03071,passive,P2,0,q01,0,0.9992795586585999,0
item_03071,passive,P2,1,q10,1,0.9996246099472046,1
item_03072,cleft,P2,0,q01,1,0.9989748001098633,1
item_03072,cleft,P2,1,q10,0,0.9946109056472778,0
item_03073,topical,P2,0,q01,0,9.582770871929824e-05,1
item_03073,topical,P2,1,q10,1,0.00022033791174180806,0
item_03075,active,P2,0,q01,1,0.9995311498641968,1
item_03075,active,P2,1,q10,0,0.9995991587638855,0
item_03076,passive,P2,0,q01,0,0.9999452829360962,0
item_03076,passive,P2,1,q10,1,0.9999687671661377,1
item_03077,cleft,P2,0,q01,1,0.9990884065628052,1
item_03077,cleft,P2,1,q10,0,0.996987521648407,0
item_03078,topical,P2,0,q01,0,0.0015351008623838425,1
item_03078,topical,P2,1,q10,1,0.002477938076481223,0
item_03080,active,P2,0,q01,1,0.9995823502540588,1
item_03080,active,P2,1,q10,0,0.9994745850563049,0
item_03081,passive,P2,0,q01,0,0.9995163679122925,0
item_03081,passive,P2,1,q10,1,0.9998024106025696,1
item_03082,cleft,P2,0,q01,1,0.9978634715080261,1
item_03082,cleft,P2,1,q10,0,0.9922528862953186,0
item_03083,topical,P2,0,q01,0,0.0002451389445923269,1
item_03083,topical,P2,1,q10,1,0.00044352022814564407,0
item_03085,active,P2,0,q01,1,0.9998947381973267,1
item_03085,active,P2,1,q10,0,0.999869704246521,0
item_03086,passive,P2,0,q01,0,0.9995373487472534,0
item_03086,passive,P2,1,q10,1,0.9997411370277405,1
item_03087,cleft,P2,0,q01,1,0.9997032284736633,1
item_03087,cleft,P2,1,q10,0,0.9986631870269775,0
item_03088,topical,P2,0,q01,0,0.00017181596194859594,1
item_03088,topical,P2,1,q10,1,0.00024773168843239546,0
item_03090,active,P2,0,q01,1,0.9997005462646484,1
item_03090,active,P2,1,q10,0,0.9996310472488403,0
item_03091,passive,P2,0,q01,0,0.9998350143432617,0
item_03091,passive,P2,1,q10,1,0.9999067783355713,1
item_03092,cleft,P2,0,q01,1,0.9993290901184082,1
item_03092,cleft,P2,1,q10,0,0.9971852898597717,0
item_03093,topical,P2,0,q01,0,0.00031736204982735217,1
item_03093,topical,P2,1,q10,1,0.0005460997344926,0
item_03095,active,P2,0,q01,1,0.9996480941772461,1
item_03095,active,P2,1,q10,0,0.9996838569641113,0
item_03096,passive,P2,0,q01,0,0.9998606443405151,0
item_03096,passive,P2,1,q10,1,0.9998956918716431,1
item_03097,cleft,P2,0,q01,1,0.9984694123268127,1
item_03097,cleft,P2,1,q10,0,0.996853768825531,0
item_03098,topical,P2,0,q01,0,0.0006797341047786176,1
item_03098,topical,P2,1,q10,1,0.0006693221512250602,0
item_03100,active,P2,0,q01,1,0.9997239708900452,1
item_03100,active,P2,1,q10,0,0.9997921586036682,0
item_03101,passive,P2,0,q01,0,0.9996938705444336,0
item_03101,passive,P2,1,q10,1,0.9997385144233704,1
item_03102,cleft,P2,0,q01,1,0.999424934387207,1
item_03102,cleft,P2,1,q10,0,0.9982865452766418,0
item_03103,topical,P2,0,q01,0,0.000286075723124668,1
item_03103,topical,P2,1,q10,1,0.0002796744811348617,0
item_03105,active,P2,0,q01,1,0.9998248219490051,1
item_03105,active,P2,1,q10,0,0.999816358089447,0
item_03106,passive,P2,0,q01,0,0.9994194507598877,0
item_03106,passive,P2,1,q10,1,0.9995965361595154,1
item_03107,cleft,P2,0,q01,1,0.9989626407623291,1
item_03107,cleft,P2,1,q10,0,0.9963900446891785,0
item_03108,topical,P2,0,q01,0,0.00011928786261705682,1
item_03108,topical,P2,1,q10,1,0.00016060966299846768,0
item_03110,active,P2,0,q01,1,0.9997091889381409,1
item_03110,active,P2,1,q10,0,0.9997281432151794,0
item_03111,passive,P2,0,q01,0,0.9998157620429993,0
item_03111,passive,P2,1,q10,1,0.9998767375946045,1
item_03112,cleft,P2,0,q01,1,0.9987961053848267,1
item_03112,cleft,P2,1,q10,0,0.9970546960830688,0
item_03113,topical,P2,0,q01,0,0.0004638574318960309,1
item_03113,topical,P2,1,q10,1,0.00048337149200960994,0
item_03115,active,P2,0,q01,1,0.9993847608566284,1
item_03115,active,P2,1,q10,0,0.9995792508125305,0
item_03116,passive,P2,0,q01,0,0.999483585357666,0
item_03116,passive,P2,1,q10,1,0.9994955062866211,1
item_03117,cleft,P2,0,q01,1,0.9961907863616943,1
item_03117,cleft,P2,1,q10,0,0.9903649687767029,0
item_03118,topical,P2,0,q01,0,0.00016428255185019225,1
item_03118,topical,P2,1,q10,1,0.00016980647342279553,0
item_03120,active,P2,0,q01,1,0.999815046787262,1
item_03120,active,P2,1,q10,0,0.9997765421867371,0
item_03121,passive,P2,0,q01,0,0.9997091889381409,0
item_03121,passive,P2,1,q10,1,0.9997772574424744,1
item_03122,cleft,P2,0,q01,1,0.9994022846221924,1
item_03122,cleft,P2,1,q10,0,0.9975600242614746,0
item_03123,topical,P2,0,q01,0,0.0002772852312773466,1
item_03123,topical,P2,1,q10,1,0.00040356063982471824,0
item_03125,active,P2,0,q01,1,0.9997715353965759,1
item_03125,active,P2,1,q10,0,0.9997451901435852,0
item_03126,passive,P2,0,q01,0,0.9994563460350037,0
item_03126,passive,P2,1,q10,1,0.999647855758667,1
item_03127,cleft,P2,0,q01,1,0.999407172203064,1
item_03127,cleft,P2,1,q10,0,0.9972805976867676,0
item_03128,topical,P2,0,q01,0,0.0001844328799052164,1
item_03128,topical,P2,1,q10,1,0.0002125409519067034,0
item_03130,active,P2,0,q01,1,0.999790608882904,1
item_03130,active,P2,1,q10,0,0.999786913394928,0
item_03131,passive,P2,0,q01,0,0.9996228218078613,0
item_03131,passive,P2,1,q10,1,0.9997292160987854,1
item_03132,cleft,P2,0,q01,1,0.9994970560073853,1
item_03132,cleft,P2,1,q10,0,0.9983651041984558,0
item_03133,topical,P2,0,q01,0,0.00021426740568131208,1
item_03133,topical,P2,1,q10,1,0.0002541425928939134,0
item_03135,active,P2,0,q01,1,0.9983270764350891,1
item_03135,active,P2,1,q10,0,0.9974539875984192,0
item_03136,passive,P2,0,q01,0,0.998904824256897,0
item_03136,passive,P2,1,q10,1,0.999432384967804,1
item_03137,cleft,P2,0,q01,1,0.9819872975349426,1
item_03137,cleft,P2,1,q10,0,0.9387238621711731,0
item_03138,topical,P2,0,q01,0,8.799611532595009e-05,1
item_03138,topical,P2,1,q10,1,0.0001192368144984357,0
item_03140,active,P2,0,q01,1,0.9993355870246887,1
item_03140,active,P2,1,q10,0,0.9994372725486755,0
item_03141,passive,P2,0,q01,0,0.9994427561759949,0
item_03141,passive,P2,1,q10,1,0.9995737671852112,1
item_03142,cleft,P2,0,q01,1,0.9956766963005066,1
item_03142,cleft,P2,1,q10,0,0.9870216250419617,0
item_03143,topical,P2,0,q01,0,0.0001522246457170695,1
item_03143,topical,P2,1,q10,1,0.00015677354531362653,0
item_03145,active,P2,0,q01,1,0.9998903274536133,1
item_03145,active,P2,1,q10,0,0.9999066591262817,0
item_03146,passive,P2,0,q01,0,0.9995790123939514,0
item_03146,passive,P2,1,q10,1,0.9995213747024536,1
item_03147,cleft,P2,0,q01,1,0.999427855014801,1
item_03147,cleft,P2,1,q10,0,0.9987249970436096,0
item_03148,topical,P2,0,q01,0,0.0002107130130752921,1
item_03148,topical,P2,1,q10,1,0.00018055936379823834,0
item_03150,active,P2,0,q01,1,0.999858021736145,1
item_03150,active,P2,1,q10,0,0.9999114274978638,0
item_03151,passive,P2,0,q01,0,0.9995927214622498,0
item_03151,passive,P2,1,q10,1,0.9996212720870972,1
item_03152,cleft,P2,0,q01,1,0.9993289709091187,1
item_03152,cleft,P2,1,q10,0,0.9990209341049194,0
item_03153,topical,P2,0,q01,0,0.00021351591567508876,1
item_03153,topical,P2,1,q10,1,0.00018894100503530353,0
item_03155,active,P2,0,q01,1,0.9998642206192017,1
item_03155,active,P2,1,q10,0,0.9998575448989868,0
item_03156,passive,P2,0,q01,0,0.9993740916252136,0
item_03156,passive,P2,1,q10,1,0.9995446801185608,1
item_03157,cleft,P2,0,q01,1,0.999380350112915,1
item_03157,cleft,P2,1,q10,0,0.9981817007064819,0
item_03158,topical,P2,0,q01,0,0.00011195116530871019,1
item_03158,topical,P2,1,q10,1,0.0001632242347113788,0
item_03160,active,P2,0,q01,1,0.9998229146003723,1
item_03160,active,P2,1,q10,0,0.9998406171798706,0
item_03161,passive,P2,0,q01,0,0.9995356798171997,0
item_03161,passive,P2,1,q10,1,0.9996036887168884,1
item_03162,cleft,P2,0,q01,1,0.9992634654045105,1
item_03162,cleft,P2,1,q10,0,0.9972875118255615,0
item_03163,topical,P2,0,q01,0,0.00015570003597531468,1
item_03163,topical,P2,1,q10,1,0.0001666469033807516,0
item_03165,active,P2,0,q01,1,0.9996769428253174,1
item_03165,active,P2,1,q10,0,0.9996678829193115,0
item_03166,passive,P2,0,q01,0,0.9998936653137207,0
item_03166,passive,P2,1,q10,1,0.9999173879623413,1
item_03167,cleft,P2,0,q01,1,0.9995550513267517,1
item_03167,cleft,P2,1,q10,0,0.9983682036399841,0
item_03168,topical,P2,0,q01,0,0.0005122711299918592,1
item_03168,topical,P2,1,q10,1,0.0008257224108092487,0
item_03170,active,P2,0,q01,1,0.9998959302902222,1
item_03170,active,P2,1,q10,0,0.9998922348022461,0
item_03171,passive,P2,0,q01,0,0.9994779229164124,0
item_03171,passive,P2,1,q10,1,0.9997196793556213,1
item_03172,cleft,P2,0,q01,1,0.999761164188385,1
item_03172,cleft,P2,1,q10,0,0.9989222288131714,0
item_03173,topical,P2,0,q01,0,0.00012602098286151886,1
item_03173,topical,P2,1,q10,1,0.00019652415357995778,0
item_03175,active,P2,0,q01,1,0.9998016953468323,1
item_03175,active,P2,1,q10,0,0.9998389482498169,0
item_03176,passive,P2,0,q01,0,0.9997420907020569,0
item_03176,passive,P2,1,q10,1,0.9997519850730896,1
item_03177,cleft,P2,0,q01,1,0.9996488094329834,1
item_03177,cleft,P2,1,q10,0,0.9991698265075684,0
item_03178,topical,P2,0,q01,0,0.0002972681540995836,1
item_03178,topical,P2,1,q10,1,0.0002610504161566496,0
item_03180,active,P2,0,q01,1,0.999747097492218,1
item_03180,active,P2,1,q10,0,0.9997617602348328,0
item_03181,passive,P2,0,q01,0,0.9991851449012756,0
item_03181,passive,P2,1,q10,1,0.9993057250976562,1
item_03182,cleft,P2,0,q01,1,0.9987745881080627,1
item_03182,cleft,P2,1,q10,0,0.9968883395195007,0
item_03183,topical,P2,0,q01,0,9.931435488397256e-05,1
item_03183,topical,P2,1,q10,1,9.426142059965059e-05,0
item_03185,active,P2,0,q01,1,0.9998624324798584,1
item_03185,active,P2,1,q10,0,0.999818742275238,0
item_03186,passive,P2,0,q01,0,0.9995086193084717,0
item_03186,passive,P2,1,q10,1,0.9997974038124084,1
item_03187,cleft,P2,0,q01,1,0.9995323419570923,1
item_03187,cleft,P2,1,q10,0,0.9973692893981934,0
item_03188,topical,P2,0,q01,0,0.00014518001989927143,1
item_03188,topical,P2,1,q10,1,0.0002987751504406333,0
item_03190,active,P2,0,q01,1,0.9998179078102112,1
item_03190,active,P2,1,q10,0,0.9998680353164673,0
item_03191,passive,P2,0,q01,0,0.9988580942153931,0
item_03191,passive,P2,1,q10,1,0.9989873766899109,1
item_03192,cleft,P2,0,q01,1,0.9984683394432068,1
item_03192,cleft,P2,1,q10,0,0.9965118765830994,0
item_03193,topical,P2,0,q01,0,6.304803537204862e-05,1
item_03193,topical,P2,1,q10,1,6.470884545706213e-05,0
item_03195,active,P2,0,q01,1,0.08271181583404541,0
item_03195,active,P2,1,q10,0,0.02326793223619461,1
item_03196,passive,P2,0,q01,0,0.9988800883293152,0
item_03196,passive,P2,1,q10,1,0.9995883107185364,1
item_03197,cleft,P2,0,q01,1,0.1680537909269333,0
item_03197,cleft,P2,1,q10,0,0.04489956796169281,1
item_03198,topical,P2,0,q01,0,8.410929149249569e-05,1
item_03198,topical,P2,1,q10,1,0.00017361332720611244,0
item_03200,active,P2,0,q01,1,0.999871015548706,1
item_03200,active,P2,1,q10,0,0.9998828172683716,0
item_03201,passive,P2,0,q01,0,0.9998470544815063,0
item_03201,passive,P2,1,q10,1,0.9999090433120728,1
item_03202,cleft,P2,0,q01,1,0.9996918439865112,1
item_03202,cleft,P2,1,q10,0,0.9991124272346497,0
item_03203,topical,P2,0,q01,0,0.000546464987564832,1
item_03203,topical,P2,1,q10,1,0.0007566770073026419,0
item_03205,active,P2,0,q01,1,0.9993777275085449,1
item_03205,active,P2,1,q10,0,0.9994624257087708,0
item_03206,passive,P2,0,q01,0,0.9995237588882446,0
item_03206,passive,P2,1,q10,1,0.9995871186256409,1
item_03207,cleft,P2,0,q01,1,0.9964722394943237,1
item_03207,cleft,P2,1,q10,0,0.9888623356819153,0
item_03208,topical,P2,0,q01,0,0.00017192249651998281,1
item_03208,topical,P2,1,q10,1,0.00019283311848994344,0
item_03210,active,P2,0,q01,1,0.9998310804367065,1
item_03210,active,P2,1,q10,0,0.9998500347137451,0
item_03211,passive,P2,0,q01,0,0.9994117021560669,0
item_03211,passive,P2,1,q10,1,0.9996256828308105,1
item_03212,cleft,P2,0,q01,1,0.9985494017601013,1
item_03212,cleft,P2,1,q10,0,0.9960434436798096,0
item_03213,topical,P2,0,q01,0,0.00017641849990468472,1
item_03213,topical,P2,1,q10,1,0.00020006268459837884,0
item_03215,active,P2,0,q01,1,0.9999104738235474,1
item_03215,active,P2,1,q10,0,0.999945878982544,0
item_03216,passive,P2,0,q01,0,0.999913215637207,0
item_03216,passive,P2,1,q10,1,0.9998989105224609,1
item_03217,cleft,P2,0,q01,1,0.9998902082443237,1
item_03217,cleft,P2,1,q10,0,0.9997820258140564,0
item_03218,topical,P2,0,q01,0,0.000935788790229708,1
item_03218,topical,P2,1,q10,1,0.0008918147068470716,0
item_03220,active,P2,0,q01,1,0.9998911619186401,1
item_03220,active,P2,1,q10,0,0.9998971223831177,0
item_03221,passive,P2,0,q01,0,0.9997780919075012,0
item_03221,passive,P2,1,q10,1,0.9998013377189636,1
item_03222,cleft,P2,0,q01,1,0.9997465014457703,1
item_03222,cleft,P2,1,q10,0,0.9991890788078308,0
item_03223,topical,P2,0,q01,0,0.00041008926928043365,1
item_03223,topical,P2,1,q10,1,0.0004469243576750159,0
item_03225,active,P2,0,q01,1,0.06812948733568192,0
item_03225,active,P2,1,q10,0,0.02655281312763691,1
item_03226,passive,P2,0,q01,0,0.9993459582328796,0
item_03226,passive,P2,1,q10,1,0.9996235370635986,1
item_03227,cleft,P2,0,q01,1,0.25552040338516235,0
item_03227,cleft,P2,1,q10,0,0.08391910791397095,1
item_03228,topical,P2,0,q01,0,0.00014229190128389746,1
item_03228,topical,P2,1,q10,1,0.00018010234634857625,0
item_03230,active,P2,0,q01,1,0.9999297857284546,1
item_03230,active,P2,1,q10,0,0.9999260902404785,0
item_03231,passive,P2,0,q01,0,0.9999253749847412,0
item_03231,passive,P2,1,q10,1,0.9999642372131348,1
item_03232,cleft,P2,0,q01,1,0.9999374151229858,1
item_03232,cleft,P2,1,q10,0,0.9997157454490662,0
item_03233,topical,P2,0,q01,0,0.0008577542612329125,1
item_03233,topical,P2,1,q10,1,0.0016139768995344639,0
item_03235,active,P2,0,q01,1,0.9997746348381042,1
item_03235,active,P2,1,q10,0,0.9997510313987732,0
item_03236,passive,P2,0,q01,0,0.9994681477546692,0
item_03236,passive,P2,1,q10,1,0.9995385408401489,1
item_03237,cleft,P2,0,q01,1,0.9994681477546692,1
item_03237,cleft,P2,1,q10,0,0.9984070658683777,0
item_03238,topical,P2,0,q01,0,0.00017192364612128586,1
item_03238,topical,P2,1,q10,1,0.0001603567216079682,0
item_03240,active,P2,0,q01,1,0.9999431371688843,1
item_03240,active,P2,1,q10,0,0.9999470710754395,0
item_03241,passive,P2,0,q01,0,0.9994500279426575,0
item_03241,passive,P2,1,q10,1,0.9996004700660706,1
item_03242,cleft,P2,0,q01,1,0.9996250867843628,1
item_03242,cleft,P2,1,q10,0,0.9989197254180908,0
item_03243,topical,P2,0,q01,0,0.00011788368283305317,1
item_03243,topical,P2,1,q10,1,0.00012785520812030882,0
item_03245,active,P2,0,q01,1,0.9996857643127441,1
item_03245,active,P2,1,q10,0,0.9997332692146301,0
item_03246,passive,P2,0,q01,0,0.999004065990448,0
item_03246,passive,P2,1,q10,1,0.9991300702095032,1
item_03247,cleft,P2,0,q01,1,0.9980644583702087,1
item_03247,cleft,P2,1,q10,0,0.9946841597557068,0
item_03248,topical,P2,0,q01,0,0.00010237382230116054,1
item_03248,topical,P2,1,q10,1,9.100003080675378e-05,0
item_03250,active,P2,0,q01,1,0.9998644590377808,1
item_03250,active,P2,1,q10,0,0.9998997449874878,0
item_03251,passive,P2,0,q01,0,0.9997023940086365,0
item_03251,passive,P2,1,q10,1,0.999731719493866,1
item_03252,cleft,P2,0,q01,1,0.9997122883796692,1
item_03252,cleft,P2,1,q10,0,0.9993359446525574,0
item_03253,topical,P2,0,q01,0,0.0002239871391793713,1
item_03253,topical,P2,1,q10,1,0.00025348993949592113,0
item_03255,active,P2,0,q01,1,0.9995021820068359,1
item_03255,active,P2,1,q10,0,0.9995020627975464,0
item_03256,passive,P2,0,q01,0,0.9997952580451965,0
item_03256,passive,P2,1,q10,1,0.9998711347579956,1
item_03257,cleft,P2,0,q01,1,0.998916745185852,1
item_03257,cleft,P2,1,q10,0,0.9966824650764465,0
item_03258,topical,P2,0,q01,0,0.00041625258745625615,1
item_03258,topical,P2,1,q10,1,0.0004630930779967457,0
item_03260,active,P2,0,q01,1,0.9999064207077026,1
item_03260,active,P2,1,q10,0,0.9998823404312134,0
item_03261,passive,P2,0,q01,0,0.9998301267623901,0
item_03261,passive,P2,1,q10,1,0.9999029636383057,1
item_03262,cleft,P2,0,q01,1,0.9998352527618408,1
item_03262,cleft,P2,1,q10,0,0.9992139339447021,0
item_03263,topical,P2,0,q01,0,0.00038909391150809824,1
item_03263,topical,P2,1,q10,1,0.0007182933040894568,0
item_03265,active,P2,0,q01,1,0.9996758699417114,1
item_03265,active,P2,1,q10,0,0.9996026158332825,0
item_03266,passive,P2,0,q01,0,0.9999608993530273,0
item_03266,passive,P2,1,q10,1,0.9999758005142212,1
item_03267,cleft,P2,0,q01,1,0.9996997117996216,1
item_03267,cleft,P2,1,q10,0,0.998699426651001,0
item_03268,topical,P2,0,q01,0,0.001368065015412867,1
item_03268,topical,P2,1,q10,1,0.00293787382543087,0
item_03270,active,P2,0,q01,1,0.9998422861099243,1
item_03270,active,P2,1,q10,0,0.999743640422821,0
item_03271,passive,P2,0,q01,0,0.9998165965080261,0
item_03271,passive,P2,1,q10,1,0.9999011754989624,1
item_03272,cleft,P2,0,q01,1,0.9996992349624634,1
item_03272,cleft,P2,1,q10,0,0.9983172416687012,0
item_03273,topical,P2,0,q01,0,0.0003294490452390164,1
item_03273,topical,P2,1,q10,1,0.0006342923152260482,0
item_03275,active,P2,0,q01,1,0.9998749494552612,1
item_03275,active,P2,1,q10,0,0.9998666048049927,0
item_03276,passive,P2,0,q01,0,0.9998144507408142,0
item_03276,passive,P2,1,q10,1,0.9999076128005981,1
item_03277,cleft,P2,0,q01,1,0.9998062252998352,1
item_03277,cleft,P2,1,q10,0,0.9993870258331299,0
item_03278,topical,P2,0,q01,0,0.0003987487289123237,1
item_03278,topical,P2,1,q10,1,0.000668358348775655,0
item_03280,active,P2,0,q01,1,0.9996843338012695,1
item_03280,active,P2,1,q10,0,0.9997261166572571,0
item_03281,passive,P2,0,q01,0,0.9993993043899536,0
item_03281,passive,P2,1,q10,1,0.9994093179702759,1
item_03282,cleft,P2,0,q01,1,0.9990956783294678,1
item_03282,cleft,P2,1,q10,0,0.9973238706588745,0
item_03283,topical,P2,0,q01,0,0.00017776583263184875,1
item_03283,topical,P2,1,q10,1,0.00014000858936924487,0
item_03285,active,P2,0,q01,1,0.9999048709869385,1
item_03285,active,P2,1,q10,0,0.9998332262039185,0
item_03286,passive,P2,0,q01,0,0.9998080134391785,0
item_03286,passive,P2,1,q10,1,0.9999028444290161,1
item_03287,cleft,P2,0,q01,1,0.999823272228241,1
item_03287,cleft,P2,1,q10,0,0.9990780353546143,0
item_03288,topical,P2,0,q01,0,0.00034138455521315336,1
item_03288,topical,P2,1,q10,1,0.0006307833828032017,0
item_03290,active,P2,0,q01,1,0.9997517466545105,1
item_03290,active,P2,1,q10,0,0.9997771382331848,0
item_03291,passive,P2,0,q01,0,0.9996271133422852,0
item_03291,passive,P2,1,q10,1,0.9997690320014954,1
item_03292,cleft,P2,0,q01,1,0.997523844242096,1
item_03292,cleft,P2,1,q10,0,0.992443859577179,0
item_03293,topical,P2,0,q01,0,0.00018795418145600706,1
item_03293,topical,P2,1,q10,1,0.00028333935188129544,0
item_03295,active,P2,0,q01,1,0.9998999834060669,1
item_03295,active,P2,1,q10,0,0.9998548030853271,0
item_03296,passive,P2,0,q01,0,0.9992561936378479,0
item_03296,passive,P2,1,q10,1,0.9995737671852112,1
item_03297,cleft,P2,0,q01,1,0.9994773268699646,1
item_03297,cleft,P2,1,q10,0,0.9974008798599243,0
item_03298,topical,P2,0,q01,0,0.00011172424274263903,1
item_03298,topical,P2,1,q10,1,0.00019763471209444106,0
item_03300,active,P2,0,q01,1,0.0881420150399208,0
item_03300,active,P2,1,q10,0,0.05843634530901909,1
item_03301,passive,P2,0,q01,0,0.9996325969696045,0
item_03301,passive,P2,1,q10,1,0.9997544884681702,1
item_03302,cleft,P2,0,q01,1,0.2835701107978821,0
item_03302,cleft,P2,1,q10,0,0.15644052624702454,1
item_03303,topical,P2,0,q01,0,0.0002509928890503943,1
item_03303,topical,P2,1,q10,1,0.000280365435173735,0
item_03305,active,P2,0,q01,1,0.9998303651809692,1
item_03305,active,P2,1,q10,0,0.9998797178268433,0
item_03306,passive,P2,0,q01,0,0.9994317889213562,0
item_03306,passive,P2,1,q10,1,0.9995705485343933,1
item_03307,cleft,P2,0,q01,1,0.9984048008918762,1
item_03307,cleft,P2,1,q10,0,0.9971784353256226,0
item_03308,topical,P2,0,q01,0,0.00018734637706074864,1
item_03308,topical,P2,1,q10,1,0.00018547424406278878,0
item_03310,active,P2,0,q01,1,0.999864935874939,1
item_03310,active,P2,1,q10,0,0.999880313873291,0
item_03311,passive,P2,0,q01,0,0.9996585845947266,0
item_03311,passive,P2,1,q10,1,0.9997856020927429,1
item_03312,cleft,P2,0,q01,1,0.9995359182357788,1
item_03312,cleft,P2,1,q10,0,0.9986401200294495,0
item_03313,topical,P2,0,q01,0,0.00023526747827418149,1
item_03313,topical,P2,1,q10,1,0.0003135967708658427,0
item_03315,active,P2,0,q01,1,0.9998170733451843,1
item_03315,active,P2,1,q10,0,0.999874472618103,0
item_03316,passive,P2,0,q01,0,0.9996046423912048,0
item_03316,passive,P2,1,q10,1,0.9997556805610657,1
item_03317,cleft,P2,0,q01,1,0.9985435009002686,1
item_03317,cleft,P2,1,q10,0,0.9971206784248352,0
item_03318,topical,P2,0,q01,0,0.0002796777116600424,1
item_03318,topical,P2,1,q10,1,0.0003249178407713771,0
item_03320,active,P2,0,q01,1,0.9999221563339233,1
item_03320,active,P2,1,q10,0,0.9999345541000366,0
item_03321,passive,P2,0,q01,0,0.9995761513710022,0
item_03321,passive,P2,1,q10,1,0.9996005892753601,1
item_03322,cleft,P2,0,q01,1,0.9996834993362427,1
item_03322,cleft,P2,1,q10,0,0.9991694688796997,0
item_03323,topical,P2,0,q01,0,0.00017645384650677443,1
item_03323,topical,P2,1,q10,1,0.00018776180513668805,0
item_03325,active,P2,0,q01,1,0.9996906518936157,1
item_03325,active,P2,1,q10,0,0.9997709393501282,0
item_03326,passive,P2,0,q01,0,0.9998910427093506,0
item_03326,passive,P2,1,q10,1,0.9999053478240967,1
item_03327,cleft,P2,0,q01,1,0.9994230270385742,1
item_03327,cleft,P2,1,q10,0,0.99909508228302,0
item_03328,topical,P2,0,q01,0,0.0007755861734040082,1
item_03328,topical,P2,1,q10,1,0.0007348809740506113,0
item_03330,active,P2,0,q01,1,0.9997803568840027,1
item_03330,active,P2,1,q10,0,0.999842643737793,0
item_03331,passive,P2,0,q01,0,0.9989307522773743,0
item_03331,passive,P2,1,q10,1,0.9990083575248718,1
item_03332,cleft,P2,0,q01,1,0.9979719519615173,1
item_03332,cleft,P2,1,q10,0,0.9953141212463379,0
item_03333,topical,P2,0,q01,0,6.039255458745174e-05,1
item_03333,topical,P2,1,q10,1,5.869623782928102e-05,0
item_03335,active,P2,0,q01,1,0.999845027923584,1
item_03335,active,P2,1,q10,0,0.9998268485069275,0
item_03336,passive,P2,0,q01,0,0.999893069267273,0
item_03336,passive,P2,1,q10,1,0.9999425411224365,1
item_03337,cleft,P2,0,q01,1,0.9998273253440857,1
item_03337,cleft,P2,1,q10,0,0.9992642998695374,0
item_03338,topical,P2,0,q01,0,0.0008041457622312009,1
item_03338,topical,P2,1,q10,1,0.0012042794842272997,0
item_03340,active,P2,0,q01,1,0.9999033212661743,1
item_03340,active,P2,1,q10,0,0.9998483657836914,0
item_03341,passive,P2,0,q01,0,0.9995111227035522,0
item_03341,passive,P2,1,q10,1,0.9997050166130066,1
item_03342,cleft,P2,0,q01,1,0.9995947480201721,1
item_03342,cleft,P2,1,q10,0,0.9978502988815308,0
item_03343,topical,P2,0,q01,0,0.00018581356562208384,1
item_03343,topical,P2,1,q10,1,0.0003019080322701484,0
item_03345,active,P2,0,q01,1,0.9996525049209595,1
item_03345,active,P2,1,q10,0,0.9996789693832397,0
item_03346,passive,P2,0,q01,0,0.9999040365219116,0
item_03346,passive,P2,1,q10,1,0.9998966455459595,1
item_03347,cleft,P2,0,q01,1,0.9995777010917664,1
item_03347,cleft,P2,1,q10,0,0.9986668825149536,0
item_03348,topical,P2,0,q01,0,0.0005560804274864495,1
item_03348,topical,P2,1,q10,1,0.0007203917484730482,0
item_03350,active,P2,0,q01,1,0.9995155334472656,1
item_03350,active,P2,1,q10,0,0.9994833469390869,0
item_03351,passive,P2,0,q01,0,0.9994818568229675,0
item_03351,passive,P2,1,q10,1,0.9997432827949524,1
item_03352,cleft,P2,0,q01,1,0.9971612691879272,1
item_03352,cleft,P2,1,q10,0,0.9893192648887634,0
item_03353,topical,P2,0,q01,0,0.00017642154125496745,1
item_03353,topical,P2,1,q10,1,0.00025395461125299335,0
item_03355,active,P2,0,q01,1,0.9992731213569641,1
item_03355,active,P2,1,q10,0,0.9995562434196472,0
item_03356,passive,P2,0,q01,0,0.9995896220207214,0
item_03356,passive,P2,1,q10,1,0.9996844530105591,1
item_03357,cleft,P2,0,q01,1,0.9956173896789551,1
item_03357,cleft,P2,1,q10,0,0.991075873374939,0
item_03358,topical,P2,0,q01,0,0.00023521293769590557,1
item_03358,topical,P2,1,q10,1,0.00021852606732863933,0
item_03360,active,P2,0,q01,1,0.9993528723716736,1
item_03360,active,P2,1,q10,0,0.9994408488273621,0
item_03361,passive,P2,0,q01,0,0.9997459053993225,0
item_03361,passive,P2,1,q10,1,0.9998358488082886,1
item_03362,cleft,P2,0,q01,1,0.9970173835754395,1
item_03362,cleft,P2,1,q10,0,0.9924964904785156,0
item_03363,topical,P2,0,q01,0,0.000295541511150077,1
item_03363,topical,P2,1,q10,1,0.00041289866203442216,0
item_03365,active,P2,0,q01,1,0.9996206760406494,1
item_03365,active,P2,1,q10,0,0.9994877576828003,0
item_03366,passive,P2,0,q01,0,0.9996449947357178,0
item_03366,passive,P2,1,q10,1,0.9997918009757996,1
item_03367,cleft,P2,0,q01,1,0.9988304972648621,1
item_03367,cleft,P2,1,q10,0,0.9936610460281372,0
item_03368,topical,P2,0,q01,0,0.00017107592429965734,1
item_03368,topical,P2,1,q10,1,0.00031315814703702927,0
item_03370,active,P2,0,q01,1,0.9998668432235718,1
item_03370,active,P2,1,q10,0,0.9997394680976868,0
item_03371,passive,P2,0,q01,0,0.9992470741271973,0
item_03371,passive,P2,1,q10,1,0.999698281288147,1
item_03372,cleft,P2,0,q01,1,0.9995672106742859,1
item_03372,cleft,P2,1,q10,0,0.9975735545158386,0
item_03373,topical,P2,0,q01,0,9.528426744509488e-05,1
item_03373,topical,P2,1,q10,1,0.00021830220066476613,0
item_03375,active,P2,0,q01,1,0.9998642206192017,1
item_03375,active,P2,1,q10,0,0.9998989105224609,0
item_03376,passive,P2,0,q01,0,0.9994895458221436,0
item_03376,passive,P2,1,q10,1,0.9996102452278137,1
item_03377,cleft,P2,0,q01,1,0.999594509601593,1
item_03377,cleft,P2,1,q10,0,0.9988064765930176,0
item_03378,topical,P2,0,q01,0,0.0001284683239646256,1
item_03378,topical,P2,1,q10,1,0.0001724210596876219,0
item_03380,active,P2,0,q01,1,0.9997424483299255,1
item_03380,active,P2,1,q10,0,0.9996784925460815,0
item_03381,passive,P2,0,q01,0,0.9997969269752502,0
item_03381,passive,P2,1,q10,1,0.9998912811279297,1
item_03382,cleft,P2,0,q01,1,0.9994698166847229,1
item_03382,cleft,P2,1,q10,0,0.9976974129676819,0
item_03383,topical,P2,0,q01,0,0.0003045285411644727,1
item_03383,topical,P2,1,q10,1,0.0006011904333718121,0
item_03385,active,P2,0,q01,1,0.9998409748077393,1
item_03385,active,P2,1,q10,0,0.9998838901519775,0
item_03386,passive,P2,0,q01,0,0.9995304346084595,0
item_03386,passive,P2,1,q10,1,0.9996113181114197,1
item_03387,cleft,P2,0,q01,1,0.9993225336074829,1
item_03387,cleft,P2,1,q10,0,0.9984499216079712,0
item_03388,topical,P2,0,q01,0,0.00018344441195949912,1
item_03388,topical,P2,1,q10,1,0.0001903804950416088,0
item_03390,active,P2,0,q01,1,0.9993855953216553,1
item_03390,active,P2,1,q10,0,0.9993755221366882,0
item_03391,passive,P2,0,q01,0,0.9996718168258667,0
item_03391,passive,P2,1,q10,1,0.9997971653938293,1
item_03392,cleft,P2,0,q01,1,0.9973762035369873,1
item_03392,cleft,P2,1,q10,0,0.9920318126678467,0
item_03393,topical,P2,0,q01,0,0.00027305548428557813,1
item_03393,topical,P2,1,q10,1,0.00042384598054923117,0
item_03395,active,P2,0,q01,1,0.9998034834861755,1
item_03395,active,P2,1,q10,0,0.9997956156730652,0
item_03396,passive,P2,0,q01,0,0.9993752837181091,0
item_03396,passive,P2,1,q10,1,0.9995977282524109,1
item_03397,cleft,P2,0,q01,1,0.99951171875,1
item_03397,cleft,P2,1,q10,0,0.9983417987823486,0
item_03398,topical,P2,0,q01,0,0.00012180201156297699,1
item_03398,topical,P2,1,q10,1,0.00015942699974402785,0
