id,form,split,slot_u,pair,y,p_correct,pred
item_01900,active,P2,0,q01,1,0.9993565678596497,1
item_01900,active,P2,1,q10,0,0.9994425177574158,0
item_01901,passive,P2,0,q01,0,0.9995375871658325,0
item_01901,passive,P2,1,q10,1,0.9994434714317322,1
item_01902,cleft,P2,0,q01,1,0.996980607509613,1
item_01902,cleft,P2,1,q10,0,0.9972938895225525,0
item_01903,topical,P2,0,q01,0,0.9802283644676208,0
item_01903,topical,P2,1,q10,1,0.969924807548523,1
item_01905,active,P2,0,q01,1,0.9992338418960571,1
item_01905,active,P2,1,q10,0,0.9988340735435486,0
item_01906,passive,P2,0,q01,0,0.9992333650588989,0
item_01906,passive,P2,1,q10,1,0.9993884563446045,1
item_01907,cleft,P2,0,q01,1,0.9976276755332947,1
item_01907,cleft,P2,1,q10,0,0.9967126846313477,0
item_01908,topical,P2,0,q01,0,0.9860730171203613,0
item_01908,topical,P2,1,q10,1,0.9888750314712524,1
item_01910,active,P2,0,q01,1,0.9991565942764282,1
item_01910,active,P2,1,q10,0,0.9990320205688477,0
item_01911,passive,P2,0,q01,0,0.9994732737541199,0
item_01911,passive,P2,1,q10,1,0.9994674324989319,1
item_01912,cleft,P2,0,q01,1,0.9954357743263245,1
item_01912,cleft,P2,1,q10,0,0.9915101528167725,0
item_01913,topical,P2,0,q01,0,0.7559114694595337,0
item_01913,topical,P2,1,q10,1,0.7651516199111938,1
item_01915,active,P2,0,q01,1,0.9992120265960693,1
item_01915,active,P2,1,q10,0,0.999125063419342,0
item_01916,passive,P2,0,q01,0,0.9991673231124878,0
item_01916,passive,P2,1,q10,1,0.9993082284927368,1
item_01917,cleft,P2,0,q01,1,0.9965032339096069,1
item_01917,cleft,P2,1,q10,0,0.9946735501289368,0
item_01918,topical,P2,0,q01,0,0.9874184131622314,0
item_01918,topical,P2,1,q10,1,0.9895316362380981,1
item_01920,active,P2,0,q01,1,0.9991781115531921,1
item_01920,active,P2,1,q10,0,0.9992606043815613,0
item_01921,passive,P2,0,q01,0,0.9994925260543823,0
item_01921,passive,P2,1,q10,1,0.9994637370109558,1
item_01922,cleft,P2,0,q01,1,0.9964501857757568,1
item_01922,cleft,P2,1,q10,0,0.9957751631736755,0
item_01923,topical,P2,0,q01,0,0.9552517533302307,0
item_01923,topical,P2,1,q10,1,0.9410293698310852,1
item_01925,active,P2,0,q01,1,0.999272882938385,1
item_01925,active,P2,1,q10,0,0.9994969367980957,0
item_01926,passive,P2,0,q01,0,0.9994927644729614,0
item_01926,passive,P2,1,q10,1,0.9993700385093689,1
item_01927,cleft,P2,0,q01,1,0.9954819679260254,1
item_01927,cleft,P2,1,q10,0,0.9972512125968933,0
item_01928,topical,P2,0,q01,0,0.9189633131027222,0
item_01928,topical,P2,1,q10,1,0.8326303362846375,1
item_01930,active,P2,0,q01,1,0.9994069337844849,1
item_01930,active,P2,1,q10,0,0.999334990978241,0
item_01931,passive,P2,0,q01,0,0.9993516802787781,0
item_01931,passive,P2,1,q10,1,0.9994034767150879,1
item_01932,cleft,P2,0,q01,1,0.9974806904792786,1
item_01932,cleft,P2,1,q10,0,0.9969543218612671,0
item_01933,topical,P2,0,q01,0,0.9922472238540649,0
item_01933,topical,P2,1,q10,1,0.9923586249351501,1
item_01935,active,P2,0,q01,1,0.9994055032730103,1
item_01935,active,P2,1,q10,0,0.9994878768920898,0
item_01936,passive,P2,0,q01,0,0.9994589686393738,0
item_01936,passive,P2,1,q10,1,0.9994863271713257,1
item_01937,cleft,P2,0,q01,1,0.9978456497192383,1
item_01937,cleft,P2,1,q10,0,0.9980308413505554,0
item_01938,topical,P2,0,q01,0,0.992687463760376,0
item_01938,topical,P2,1,q10,1,0.9908447861671448,1
item_01940,active,P2,0,q01,1,0.9993802309036255,1
item_01940,active,P2,1,q10,0,0.999420166015625,0
item_01941,passive,P2,0,q01,0,0.9994229078292847,0
item_01941,passive,P2,1,q10,1,0.9994864463806152,1
item_01942,cleft,P2,0,q01,1,0.9987265467643738,1
item_01942,cleft,P2,1,q10,0,0.9985301494598389,0
item_01943,topical,P2,0,q01,0,0.9945584535598755,0
item_01943,topical,P2,1,q10,1,0.9937068819999695,1
item_01945,active,P2,0,q01,1,0.9991796612739563,1
item_01945,active,P2,1,q10,0,0.9990491271018982,0
item_01946,passive,P2,0,q01,0,0.9990845918655396,0
item_01946,passive,P2,1,q10,1,0.9993312358856201,1
item_01947,cleft,P2,0,q01,1,0.9967071413993835,1
item_01947,cleft,P2,1,q10,0,0.9962100982666016,0
item_01948,topical,P2,0,q01,0,0.5082516670227051,0
item_01948,topical,P2,1,q10,1,0.5475876927375793,1
item_01950,active,P2,0,q01,1,0.9994539618492126,1
item_01950,active,P2,1,q10,0,0.9994193315505981,0
item_01951,passive,P2,0,q01,0,0.9994353652000427,0
item_01951,passive,P2,1,q10,1,0.9995611310005188,1
item_01952,cleft,P2,0,q01,1,0.9981302618980408,1
item_01952,cleft,P2,1,q10,0,0.9976119995117188,0
item_01953,topical,P2,0,q01,0,0.9113929271697998,0
item_01953,topical,P2,1,q10,1,0.909536600112915,1
item_01955,active,P2,0,q01,1,0.999482274055481,1
item_01955,active,P2,1,q10,0,0.9995201826095581,0
item_01956,passive,P2,0,q01,0,0.9994916915893555,0
item_01956,passive,P2,1,q10,1,0.9994879961013794,1
item_01957,cleft,P2,0,q01,1,0.9975861310958862,1
item_01957,cleft,P2,1,q10,0,0.9975888729095459,0
item_01958,topical,P2,0,q01,0,0.5155125260353088,0
item_01958,topical,P2,1,q10,1,0.4728451669216156,0
item_01960,active,P2,0,q01,1,0.9994295239448547,1
item_01960,active,P2,1,q10,0,0.9993144273757935,0
item_01961,passive,P2,0,q01,0,0.9993330836296082,0
item_01961,passive,P2,1,q10,1,0.999424934387207,1
item_01962,cleft,P2,0,q01,1,0.9979255199432373,1
item_01962,cleft,P2,1,q10,0,0.9974047541618347,0
item_01963,topical,P2,0,q01,0,0.9117867946624756,0
item_01963,topical,P2,1,q10,1,0.9281854629516602,1
item_01965,active,P2,0,q01,1,0.999419093132019,1
item_01965,active,P2,1,q10,0,0.9994348883628845,0
item_01966,passive,P2,0,q01,0,0.9994743466377258,0
item_01966,passive,P2,1,q10,1,0.9994401335716248,1
item_01967,cleft,P2,0,q01,1,0.9983580708503723,1
item_01967,cleft,P2,1,q10,0,0.9984143972396851,0
item_01968,topical,P2,0,q01,0,0.9618812799453735,0
item_01968,topical,P2,1,q10,1,0.9466418623924255,1
item_01970,active,P2,0,q01,1,0.9992490410804749,1
item_01970,active,P2,1,q10,0,0.9989799857139587,0
item_01971,passive,P2,0,q01,0,0.9994018077850342,0
item_01971,passive,P2,1,q10,1,0.9994134902954102,1
item_01972,cleft,P2,0,q01,1,0.9953722357749939,1
item_01972,cleft,P2,1,q10,0,0.9926840662956238,0
item_01973,topical,P2,0,q01,0,0.9400245547294617,0
item_01973,topical,P2,1,q10,1,0.9327945113182068,1
item_01975,active,P2,0,q01,1,0.9989113807678223,1
item_01975,active,P2,1,q10,0,0.9991994500160217,0
item_01976,passive,P2,0,q01,0,0.9994961023330688,0
item_01976,passive,P2,1,q10,1,0.9992961883544922,1
item_01977,cleft,P2,0,q01,1,0.9943663477897644,1
item_01977,cleft,P2,1,q10,0,0.9947264790534973,0
item_01978,topical,P2,0,q01,0,0.8133078217506409,0
item_01978,topical,P2,1,q10,1,0.7571122646331787,1
item_01980,active,P2,0,q01,1,0.9993595480918884,1
item_01980,active,P2,1,q10,0,0.9994714856147766,0
item_01981,passive,P2,0,q01,0,0.9995834231376648,0
item_01981,passive,P2,1,q10,1,0.9994988441467285,1
item_01982,cleft,P2,0,q01,1,0.9982218146324158,1
item_01982,cleft,P2,1,q10,0,0.9983609318733215,0
item_01983,topical,P2,0,q01,0,0.9962688684463501,0
item_01983,topical,P2,1,q10,1,0.9957491159439087,1
item_01985,active,P2,0,q01,1,0.9994034767150879,1
item_01985,active,P2,1,q10,0,0.9993430972099304,0
item_01986,passive,P2,0,q01,0,0.9989641904830933,0
item_01986,passive,P2,1,q10,1,0.9991575479507446,1
item_01987,cleft,P2,0,q01,1,0.9977962970733643,1
item_01987,cleft,P2,1,q10,0,0.9980208873748779,0
item_01988,topical,P2,0,q01,0,0.985607385635376,0
item_01988,topical,P2,1,q10,1,0.9833986759185791,1
item_01990,active,P2,0,q01,1,0.9995520710945129,1
item_01990,active,P2,1,q10,0,0.9994589686393738,0
item_01991,passive,P2,0,q01,0,0.9994602799415588,0
item_01991,passive,P2,1,q10,1,0.9994763731956482,1
item_01992,cleft,P2,0,q01,1,0.9979612827301025,1
item_01992,cleft,P2,1,q10,0,0.9973559379577637,0
item_01993,topical,P2,0,q01,0,0.6730131506919861,0
item_01993,topical,P2,1,q10,1,0.7889484763145447,1
item_01995,active,P2,0,q01,1,0.9993865489959717,1
item_01995,active,P2,1,q10,0,0.9994500279426575,0
item_01996,passive,P2,0,q01,0,0.9994059801101685,0
item_01996,passive,P2,1,q10,1,0.9994403719902039,1
item_01997,cleft,P2,0,q01,1,0.9975343942642212,1
item_01997,cleft,P2,1,q10,0,0.9975627660751343,0
item_01998,topical,P2,0,q01,0,0.9856331944465637,0
item_01998,topical,P2,1,q10,1,0.9741204380989075,1
item_02000,active,P2,0,q01,1,0.9990594983100891,1
item_02000,active,P2,1,q10,0,0.9988491535186768,0
item_02001,passive,P2,0,q01,0,0.9990952014923096,0
item_02001,passive,P2,1,q10,1,0.9992449283599854,1
item_02002,cleft,P2,0,q01,1,0.9960154891014099,1
item_02002,cleft,P2,1,q10,0,0.9939593076705933,0
item_02003,topical,P2,0,q01,0,0.9719100594520569,0
item_02003,topical,P2,1,q10,1,0.9701943397521973,1
item_02005,active,P2,0,q01,1,0.9990764856338501,1
item_02005,active,P2,1,q10,0,0.998600423336029,0
item_02006,passive,P2,0,q01,0,0.9992477893829346,0
item_02006,passive,P2,1,q10,1,0.99934321641922,1
item_02007,cleft,P2,0,q01,1,0.9963321089744568,1
item_02007,cleft,P2,1,q10,0,0.992186427116394,0
item_02008,topical,P2,0,q01,0,0.9554135203361511,0
item_02008,topical,P2,1,q10,1,0.9715322852134705,1
item_02010,active,P2,0,q01,1,0.9991330504417419,1
item_02010,active,P2,1,q10,0,0.9991357922554016,0
item_02011,passive,P2,0,q01,0,0.999464213848114,0
item_02011,passive,P2,1,q10,1,0.999406099319458,1
item_02012,cleft,P2,0,q01,1,0.9971416592597961,1
item_02012,cleft,P2,1,q10,0,0.9973641037940979,0
item_02013,topical,P2,0,q01,0,0.9727916121482849,0
item_02013,topical,P2,1,q10,1,0.9595856070518494,1
item_02015,active,P2,0,q01,1,0.9994468092918396,1
item_02015,active,P2,1,q10,0,0.9995276927947998,0
item_02016,passive,P2,0,q01,0,0.9995392560958862,0
item_02016,passive,P2,1,q10,1,0.9994321465492249,1
item_02017,cleft,P2,0,q01,1,0.9979408383369446,1
item_02017,cleft,P2,1,q10,0,0.9983178377151489,0
item_02018,topical,P2,0,q01,0,0.9199771285057068,0
item_02018,topical,P2,1,q10,1,0.8469631671905518,1
item_02020,active,P2,0,q01,1,0.999402642250061,1
item_02020,active,P2,1,q10,0,0.9993877410888672,0
item_02021,passive,P2,0,q01,0,0.9993667006492615,0
item_02021,passive,P2,1,q10,1,0.9993909597396851,1
item_02022,cleft,P2,0,q01,1,0.9963984489440918,1
item_02022,cleft,P2,1,q10,0,0.9959094524383545,0
item_02023,topical,P2,0,q01,0,0.4339684545993805,1
item_02023,topical,P2,1,q10,1,0.5241908431053162,1
item_02025,active,P2,0,q01,1,0.9994255304336548,1
item_02025,active,P2,1,q10,0,0.9994927644729614,0
item_02026,passive,P2,0,q01,0,0.9994532465934753,0
item_02026,passive,P2,1,q10,1,0.9994304776191711,1
item_02027,cleft,P2,0,q01,1,0.9975898265838623,1
item_02027,cleft,P2,1,q10,0,0.9977026581764221,0
item_02028,topical,P2,0,q01,0,0.8749313950538635,0
item_02028,topical,P2,1,q10,1,0.8196040987968445,1
item_02030,active,P2,0,q01,1,0.999332845211029,1
item_02030,active,P2,1,q10,0,0.9994530081748962,0
item_02031,passive,P2,0,q01,0,0.9993901252746582,0
item_02031,passive,P2,1,q10,1,0.9992701411247253,1
item_02032,cleft,P2,0,q01,1,0.9978339076042175,1
item_02032,cleft,P2,1,q10,0,0.9978989362716675,0
item_02033,topical,P2,0,q01,0,0.9546022415161133,0
item_02033,topical,P2,1,q10,1,0.9561762809753418,1
item_02035,active,P2,0,q01,1,0.999504804611206,1
item_02035,active,P2,1,q10,0,0.9993736147880554,0
item_02036,passive,P2,0,q01,0,0.9993676543235779,0
item_02036,passive,P2,1,q10,1,0.9995170831680298,1
item_02037,cleft,P2,0,q01,1,0.9987807869911194,1
item_02037,cleft,P2,1,q10,0,0.9985313415527344,0
item_02038,topical,P2,0,q01,0,0.9787742495536804,0
item_02038,topical,P2,1,q10,1,0.9762681126594543,1
item_02040,active,P2,0,q01,1,0.9992175102233887,1
item_02040,active,P2,1,q10,0,0.9989272952079773,0
item_02041,passive,P2,0,q01,0,0.9993429780006409,0
item_02041,passive,P2,1,q10,1,0.9993680119514465,1
item_02042,cleft,P2,0,q01,1,0.9975640773773193,1
item_02042,cleft,P2,1,q10,0,0.9957841038703918,0
item_02043,topical,P2,0,q01,0,0.9709919095039368,0
item_02043,topical,P2,1,q10,1,0.9773234128952026,1
item_02045,active,P2,0,q01,1,0.9993749260902405,1
item_02045,active,P2,1,q10,0,0.9994775652885437,0
item_02046,passive,P2,0,q01,0,0.9995923638343811,0
item_02046,passive,P2,1,q10,1,0.9994826316833496,1
item_02047,cleft,P2,0,q01,1,0.9973382353782654,1
item_02047,cleft,P2,1,q10,0,0.9979931116104126,0
item_02048,topical,P2,0,q01,0,0.9905332326889038,0
item_02048,topical,P2,1,q10,1,0.977220892906189,1
item_02050,active,P2,0,q01,1,0.9987055063247681,1
item_02050,active,P2,1,q10,0,0.998228132724762,0
item_02051,passive,P2,0,q01,0,0.998607337474823,0
item_02051,passive,P2,1,q10,1,0.9989696741104126,1
item_02052,cleft,P2,0,q01,1,0.9907454252243042,1
item_02052,cleft,P2,1,q10,0,0.983031153678894,0
item_02053,topical,P2,0,q01,0,0.2552354037761688,1
item_02053,topical,P2,1,q10,1,0.2757539749145508,0
item_02055,active,P2,0,q01,1,0.9994444251060486,1
item_02055,active,P2,1,q10,0,0.9993973970413208,0
item_02056,passive,P2,0,q01,0,0.9994668364524841,0
item_02056,passive,P2,1,q10,1,0.999498724937439,1
item_02057,cleft,P2,0,q01,1,0.9976146221160889,1
item_02057,cleft,P2,1,q10,0,0.9964351654052734,0
item_02058,topical,P2,0,q01,0,0.9706393480300903,0
item_02058,topical,P2,1,q10,1,0.9402836561203003,1
item_02060,active,P2,0,q01,1,0.9994086027145386,1
item_02060,active,P2,1,q10,0,0.9993834495544434,0
item_02061,passive,P2,0,q01,0,0.9994114637374878,0
item_02061,passive,P2,1,q10,1,0.999405026435852,1
item_02062,cleft,P2,0,q01,1,0.9981719255447388,1
item_02062,cleft,P2,1,q10,0,0.998199462890625,0
item_02063,topical,P2,0,q01,0,0.9028602242469788,0
item_02063,topical,P2,1,q10,1,0.8888667821884155,1
item_02065,active,P2,0,q01,1,0.9993909597396851,1
item_02065,active,P2,1,q10,0,0.9991576671600342,0
item_02066,passive,P2,0,q01,0,0.9992038607597351,0
item_02066,passive,P2,1,q10,1,0.9992384910583496,1
item_02067,cleft,P2,0,q01,1,0.9940885305404663,1
item_02067,cleft,P2,1,q10,0,0.9914324283599854,0
item_02068,topical,P2,0,q01,0,0.6360212564468384,0
item_02068,topical,P2,1,q10,1,0.5593687295913696,1
item_02070,active,P2,0,q01,1,0.9992940425872803,1
item_02070,active,P2,1,q10,0,0.9993184804916382,0
item_02071,passive,P2,0,q01,0,0.9995143413543701,0
item_02071,passive,P2,1,q10,1,0.9994810223579407,1
item_02072,cleft,P2,0,q01,1,0.9971146583557129,1
item_02072,cleft,P2,1,q10,0,0.9966443777084351,0
item_02073,topical,P2,0,q01,0,0.919188380241394,0
item_02073,topical,P2,1,q10,1,0.9110780358314514,1
item_02075,active,P2,0,q01,1,0.9993234872817993,1
item_02075,active,P2,1,q10,0,0.9995224475860596,0
item_02076,passive,P2,0,q01,0,0.9995324611663818,0
item_02076,passive,P2,1,q10,1,0.9993392825126648,1
item_02077,cleft,P2,0,q01,1,0.9970020651817322,1
item_02077,cleft,P2,1,q10,0,0.9980225563049316,0
item_02078,topical,P2,0,q01,0,0.9864104390144348,0
item_02078,topical,P2,1,q10,1,0.9806017875671387,1
item_02080,active,P2,0,q01,1,0.9991611242294312,1
item_02080,active,P2,1,q10,0,0.9988547563552856,0
item_02081,passive,P2,0,q01,0,0.9990156888961792,0
item_02081,passive,P2,1,q10,1,0.9989694356918335,1
item_02082,cleft,P2,0,q01,1,0.9918822646141052,1
item_02082,cleft,P2,1,q10,0,0.9892826080322266,0
item_02083,topical,P2,0,q01,0,0.6806298494338989,0
item_02083,topical,P2,1,q10,1,0.7682218551635742,1
item_02085,active,P2,0,q01,1,0.9990381002426147,1
item_02085,active,P2,1,q10,0,0.9987357258796692,0
item_02086,passive,P2,0,q01,0,0.9993166923522949,0
item_02086,passive,P2,1,q10,1,0.9993640780448914,1
item_02087,cleft,P2,0,q01,1,0.9974784255027771,1
item_02087,cleft,P2,1,q10,0,0.9957987666130066,0
item_02088,topical,P2,0,q01,0,0.9827983975410461,0
item_02088,topical,P2,1,q10,1,0.9852610230445862,1
item_02090,active,P2,0,q01,1,0.999421238899231,1
item_02090,active,P2,1,q10,0,0.999569833278656,0
item_02091,passive,P2,0,q01,0,0.9995614886283875,0
item_02091,passive,P2,1,q10,1,0.9994438290596008,1
item_02092,cleft,P2,0,q01,1,0.9983723759651184,1
item_02092,cleft,P2,1,q10,0,0.9986333250999451,0
item_02093,topical,P2,0,q01,0,0.9660390615463257,0
item_02093,topical,P2,1,q10,1,0.919022262096405,1
item_02095,active,P2,0,q01,1,0.9994226694107056,1
item_02095,active,P2,1,q10,0,0.9993276596069336,0
item_02096,passive,P2,0,q01,0,0.9992827773094177,0
item_02096,passive,P2,1,q10,1,0.9993728995323181,1
item_02097,cleft,P2,0,q01,1,0.9966148734092712,1
item_02097,cleft,P2,1,q10,0,0.9959505796432495,0
item_02098,topical,P2,0,q01,0,0.990044116973877,0
item_02098,topical,P2,1,q10,1,0.9913482069969177,1
item_02100,active,P2,0,q01,1,0.9992944002151489,1
item_02100,active,P2,1,q10,0,0.9987238049507141,0
item_02101,passive,P2,0,q01,0,0.999101996421814,0
item_02101,passive,P2,1,q10,1,0.9993436932563782,1
item_02102,cleft,P2,0,q01,1,0.9967705011367798,1
item_02102,cleft,P2,1,q10,0,0.9928118586540222,0
item_02103,topical,P2,0,q01,0,0.992296040058136,0
item_02103,topical,P2,1,q10,1,0.9953291416168213,1
item_02105,active,P2,0,q01,1,0.9994057416915894,1
item_02105,active,P2,1,q10,0,0.9995332956314087,0
item_02106,passive,P2,0,q01,0,0.9995526671409607,0
item_02106,passive,P2,1,q10,1,0.9994280934333801,1
item_02107,cleft,P2,0,q01,1,0.9971242547035217,1
item_02107,cleft,P2,1,q10,0,0.9977810978889465,0
item_02108,topical,P2,0,q01,0,0.9933510422706604,0
item_02108,topical,P2,1,q10,1,0.9886099100112915,1
item_02110,active,P2,0,q01,1,0.9990212917327881,1
item_02110,active,P2,1,q10,0,0.999133288860321,0
item_02111,passive,P2,0,q01,0,0.9994900226593018,0
item_02111,passive,P2,1,q10,1,0.9993219375610352,1
item_02112,cleft,P2,0,q01,1,0.9965857267379761,1
item_02112,cleft,P2,1,q10,0,0.995171844959259,0
item_02113,topical,P2,0,q01,0,0.9150218963623047,0
item_02113,topical,P2,1,q10,1,0.8816239833831787,1
item_02115,active,P2,0,q01,1,0.9993808269500732,1
item_02115,active,P2,1,q10,0,0.9993613362312317,0
item_02116,passive,P2,0,q01,0,0.9993206262588501,0
item_02116,passive,P2,1,q10,1,0.9994016885757446,1
item_02117,cleft,P2,0,q01,1,0.9982321858406067,1
item_02117,cleft,P2,1,q10,0,0.9981392621994019,0
item_02118,topical,P2,0,q01,0,0.996703565120697,0
item_02118,topical,P2,1,q10,1,0.9960247278213501,1
item_02120,active,P2,0,q01,1,0.9993681311607361,1
item_02120,active,P2,1,q10,0,0.9995344877243042,0
item_02121,passive,P2,0,q01,0,0.999480664730072,0
item_02121,passive,P2,1,q10,1,0.999431312084198,1
item_02122,cleft,P2,0,q01,1,0.9969032406806946,1
item_02122,cleft,P2,1,q10,0,0.9978808760643005,0
item_02123,topical,P2,0,q01,0,0.966978907585144,0
item_02123,topical,P2,1,q10,1,0.9365784525871277,1
item_02125,active,P2,0,q01,1,0.9994353652000427,1
item_02125,active,P2,1,q10,0,0.999453604221344,0
item_02126,passive,P2,0,q01,0,0.9994829893112183,0
item_02126,passive,P2,1,q10,1,0.9993864297866821,1
item_02127,cleft,P2,0,q01,1,0.9982694387435913,1
item_02127,cleft,P2,1,q10,0,0.9981196522712708,0
item_02128,topical,P2,0,q01,0,0.9543979167938232,0
item_02128,topical,P2,1,q10,1,0.9484965801239014,1
item_02130,active,P2,0,q01,1,0.9993842840194702,1
item_02130,active,P2,1,q10,0,0.999478280544281,0
item_02131,passive,P2,0,q01,0,0.9995042085647583,0
item_02131,passive,P2,1,q10,1,0.9993464350700378,1
item_02132,cleft,P2,0,q01,1,0.9974932670593262,1
item_02132,cleft,P2,1,q10,0,0.9978963136672974,0
item_02133,topical,P2,0,q01,0,0.9590309262275696,0
item_02133,topical,P2,1,q10,1,0.9095110893249512,1
item_02135,active,P2,0,q01,1,0.9994720816612244,1
item_02135,active,P2,1,q10,0,0.9993770718574524,0
item_02136,passive,P2,0,q01,0,0.999458372592926,0
item_02136,passive,P2,1,q10,1,0.9994838237762451,1
item_02137,cleft,P2,0,q01,1,0.9982104301452637,1
item_02137,cleft,P2,1,q10,0,0.997819185256958,0
item_02138,topical,P2,0,q01,0,0.9925973415374756,0
item_02138,topical,P2,1,q10,1,0.9896442890167236,1
item_02140,active,P2,0,q01,1,0.9993515610694885,1
item_02140,active,P2,1,q10,0,0.9993317723274231,0
item_02141,passive,P2,0,q01,0,0.9995504021644592,0
item_02141,passive,P2,1,q10,1,0.9995099306106567,1
item_02142,cleft,P2,0,q01,1,0.998824417591095,1
item_02142,cleft,P2,1,q10,0,0.998700737953186,0
item_02143,topical,P2,0,q01,0,0.9821540117263794,0
item_02143,topical,P2,1,q10,1,0.9750901460647583,1
item_02145,active,P2,0,q01,1,0.9993675351142883,1
item_02145,active,P2,1,q10,0,0.999340832233429,0
item_02146,passive,P2,0,q01,0,0.9994344115257263,0
item_02146,passive,P2,1,q10,1,0.9993398785591125,1
item_02147,cleft,P2,0,q01,1,0.9967584013938904,1
item_02147,cleft,P2,1,q10,0,0.9961369633674622,0
item_02148,topical,P2,0,q01,0,0.993777871131897,0
item_02148,topical,P2,1,q10,1,0.9893720746040344,1
item_02150,active,P2,0,q01,1,0.999479353427887,1
item_02150,active,P2,1,q10,0,0.9994187355041504,0
item_02151,passive,P2,0,q01,0,0.999491810798645,0
item_02151,passive,P2,1,q10,1,0.9995261430740356,1
item_02152,cleft,P2,0,q01,1,0.9989261031150818,1
item_02152,cleft,P2,1,q10,0,0.9988669157028198,0
item_02153,topical,P2,0,q01,0,0.9886828064918518,0
item_02153,topical,P2,1,q10,1,0.9811179041862488,1
item_02155,active,P2,0,q01,1,0.9991579055786133,1
item_02155,active,P2,1,q10,0,0.9985069632530212,0
item_02156,passive,P2,0,q01,0,0.998665452003479,0
item_02156,passive,P2,1,q10,1,0.999235987663269,1
item_02157,cleft,P2,0,q01,1,0.9969262480735779,1
item_02157,cleft,P2,1,q10,0,0.9939059615135193,0
item_02158,topical,P2,0,q01,0,0.927661657333374,0
item_02158,topical,P2,1,q10,1,0.9691215753555298,1
item_02160,active,P2,0,q01,1,0.9993643164634705,1
item_02160,active,P2,1,q10,0,0.9994441866874695,0
item_02161,passive,P2,0,q01,0,0.9994924068450928,0
item_02161,passive,P2,1,q10,1,0.9994400143623352,1
item_02162,cleft,P2,0,q01,1,0.9972430467605591,1
item_02162,cleft,P2,1,q10,0,0.9972797632217407,0
item_02163,topical,P2,0,q01,0,0.9679638743400574,0
item_02163,topical,P2,1,q10,1,0.9541927576065063,1
item_02165,active,P2,0,q01,1,0.9994155168533325,1
item_02165,active,P2,1,q10,0,0.9995697140693665,0
item_02166,passive,P2,0,q01,0,0.99956876039505,0
item_02166,passive,P2,1,q10,1,0.9993990659713745,1
item_02167,cleft,P2,0,q01,1,0.9974445104598999,1
item_02167,cleft,P2,1,q10,0,0.9982814788818359,0
item_02168,topical,P2,0,q01,0,0.9942787885665894,0
item_02168,topical,P2,1,q10,1,0.9921355247497559,1
item_02170,active,P2,0,q01,1,0.9994627833366394,1
item_02170,active,P2,1,q10,0,0.9994218349456787,0
item_02171,passive,P2,0,q01,0,0.9994028806686401,0
item_02171,passive,P2,1,q10,1,0.9994065761566162,1
item_02172,cleft,P2,0,q01,1,0.9982317090034485,1
item_02172,cleft,P2,1,q10,0,0.9976446032524109,0
item_02173,topical,P2,0,q01,0,0.9326896667480469,0
item_02173,topical,P2,1,q10,1,0.949455976486206,1
item_02175,active,P2,0,q01,1,0.9994070529937744,1
item_02175,active,P2,1,q10,0,0.9994182586669922,0
item_02176,passive,P2,0,q01,0,0.9993817806243896,0
item_02176,passive,P2,1,q10,1,0.9990777969360352,1
item_02177,cleft,P2,0,q01,1,0.9966492056846619,1
item_02177,cleft,P2,1,q10,0,0.9965176582336426,0
item_02178,topical,P2,0,q01,0,0.8041561841964722,0
item_02178,topical,P2,1,q10,1,0.7862874269485474,1
item_02180,active,P2,0,q01,1,0.9994043111801147,1
item_02180,active,P2,1,q10,0,0.9994522929191589,0
item_02181,passive,P2,0,q01,0,0.9994410872459412,0
item_02181,passive,P2,1,q10,1,0.9994352459907532,1
item_02182,cleft,P2,0,q01,1,0.997663140296936,1
item_02182,cleft,P2,1,q10,0,0.9978005290031433,0
item_02183,topical,P2,0,q01,0,0.97162264585495,0
item_02183,topical,P2,1,q10,1,0.9637453556060791,1
item_02185,active,P2,0,q01,1,0.9994637370109558,1
item_02185,active,P2,1,q10,0,0.9995236396789551,0
item_02186,passive,P2,0,q01,0,0.9995239973068237,0
item_02186,passive,P2,1,q10,1,0.9994997978210449,1
item_02187,cleft,P2,0,q01,1,0.9985314607620239,1
item_02187,cleft,P2,1,q10,0,0.9986864924430847,0
item_02188,topical,P2,0,q01,0,0.9953582882881165,0
item_02188,topical,P2,1,q10,1,0.9934048056602478,1
item_02190,active,P2,0,q01,1,0.9993921518325806,1
item_02190,active,P2,1,q10,0,0.9994839429855347,0
item_02191,passive,P2,0,q01,0,0.9995330572128296,0
item_02191,passive,P2,1,q10,1,0.9994451403617859,1
item_02192,cleft,P2,0,q01,1,0.9982352256774902,1
item_02192,cleft,P2,1,q10,0,0.9984312653541565,0
item_02193,topical,P2,0,q01,0,0.9966711401939392,0
item_02193,topical,P2,1,q10,1,0.9950662851333618,1
item_02195,active,P2,0,q01,1,0.9994631409645081,1
item_02195,active,P2,1,q10,0,0.9995412826538086,0
item_02196,passive,P2,0,q01,0,0.9995538592338562,0
item_02196,passive,P2,1,q10,1,0.9994887113571167,1
item_02197,cleft,P2,0,q01,1,0.9974270462989807,1
item_02197,cleft,P2,1,q10,0,0.9977052807807922,0
item_02198,topical,P2,0,q01,0,0.8370408415794373,0
item_02198,topical,P2,1,q10,1,0.8275196552276611,1
item_02200,active,P2,0,q01,1,0.9990432858467102,1
item_02200,active,P2,1,q10,0,0.9988969564437866,0
item_02201,passive,P2,0,q01,0,0.9989209175109863,0
item_02201,passive,P2,1,q10,1,0.9991820454597473,1
item_02202,cleft,P2,0,q01,1,0.9956613183021545,1
item_02202,cleft,P2,1,q10,0,0.99518883228302,0
item_02203,topical,P2,0,q01,0,0.47120997309684753,1
item_02203,topical,P2,1,q10,1,0.6128953695297241,1
item_02205,active,P2,0,q01,1,0.9993170499801636,1
item_02205,active,P2,1,q10,0,0.9994953870773315,0
item_02206,passive,P2,0,q01,0,0.9995135068893433,0
item_02206,passive,P2,1,q10,1,0.9993574023246765,1
item_02207,cleft,P2,0,q01,1,0.9960544109344482,1
item_02207,cleft,P2,1,q10,0,0.9974531531333923,0
item_02208,topical,P2,0,q01,0,0.9513967633247375,0
item_02208,topical,P2,1,q10,1,0.9099748730659485,1
item_02210,active,P2,0,q01,1,0.9992038607597351,1
item_02210,active,P2,1,q10,0,0.9991162419319153,0
item_02211,passive,P2,0,q01,0,0.9991859793663025,0
item_02211,passive,P2,1,q10,1,0.9988069534301758,1
item_02212,cleft,P2,0,q01,1,0.9940681457519531,1
item_02212,cleft,P2,1,q10,0,0.9939164519309998,0
item_02213,topical,P2,0,q01,0,0.7342590093612671,0
item_02213,topical,P2,1,q10,1,0.7389914393424988,1
item_02215,active,P2,0,q01,1,0.9994142055511475,1
item_02215,active,P2,1,q10,0,0.9992522597312927,0
item_02216,passive,P2,0,q01,0,0.9993308782577515,0
item_02216,passive,P2,1,q10,1,0.9994059801101685,1
item_02217,cleft,P2,0,q01,1,0.998786985874176,1
item_02217,cleft,P2,1,q10,0,0.9984661340713501,0
item_02218,topical,P2,0,q01,0,0.9928143620491028,0
item_02218,topical,P2,1,q10,1,0.9922624826431274,1
item_02220,active,P2,0,q01,1,0.9993847608566284,1
item_02220,active,P2,1,q10,0,0.9992893934249878,0
item_02221,passive,P2,0,q01,0,0.9994876384735107,0
item_02221,passive,P2,1,q10,1,0.9994833469390869,1
item_02222,cleft,P2,0,q01,1,0.9980210065841675,1
item_02222,cleft,P2,1,q10,0,0.997724711894989,0
item_02223,topical,P2,0,q01,0,0.9924887418746948,0
item_02223,topical,P2,1,q10,1,0.9915286302566528,1
item_02225,active,P2,0,q01,1,0.9990780353546143,1
item_02225,active,P2,1,q10,0,0.9988511800765991,0
item_02226,passive,P2,0,q01,0,0.9992402791976929,0
item_02226,passive,P2,1,q10,1,0.9993658661842346,1
item_02227,cleft,P2,0,q01,1,0.9978240728378296,1
item_02227,cleft,P2,1,q10,0,0.9971191883087158,0
item_02228,topical,P2,0,q01,0,0.9922670722007751,0
item_02228,topical,P2,1,q10,1,0.9941027760505676,1
item_02230,active,P2,0,q01,1,0.9992688298225403,1
item_02230,active,P2,1,q10,0,0.999110996723175,0
item_02231,passive,P2,0,q01,0,0.9994250535964966,0
item_02231,passive,P2,1,q10,1,0.9994158744812012,1
item_02232,cleft,P2,0,q01,1,0.9965721368789673,1
item_02232,cleft,P2,1,q10,0,0.9946879148483276,0
item_02233,topical,P2,0,q01,0,0.907471239566803,0
item_02233,topical,P2,1,q10,1,0.9291802644729614,1
item_02235,active,P2,0,q01,1,0.9994090795516968,1
item_02235,active,P2,1,q10,0,0.9993292093276978,0
item_02236,passive,P2,0,q01,0,0.9992581009864807,0
item_02236,passive,P2,1,q10,1,0.9993777275085449,1
item_02237,cleft,P2,0,q01,1,0.9955012202262878,1
item_02237,cleft,P2,1,q10,0,0.9945812821388245,0
item_02238,topical,P2,0,q01,0,0.9956182241439819,0
item_02238,topical,P2,1,q10,1,0.994429886341095,1
item_02240,active,P2,0,q01,1,0.9995110034942627,1
item_02240,active,P2,1,q10,0,0.9994033575057983,0
item_02241,passive,P2,0,q01,0,0.9994565844535828,0
item_02241,passive,P2,1,q10,1,0.9995062351226807,1
item_02242,cleft,P2,0,q01,1,0.9984021782875061,1
item_02242,cleft,P2,1,q10,0,0.9975366592407227,0
item_02243,topical,P2,0,q01,0,0.9954472184181213,0
item_02243,topical,P2,1,q10,1,0.9951053857803345,1
item_02245,active,P2,0,q01,1,0.9990890026092529,1
item_02245,active,P2,1,q10,0,0.9990235567092896,0
item_02246,passive,P2,0,q01,0,0.9994169473648071,0
item_02246,passive,P2,1,q10,1,0.9994131326675415,1
item_02247,cleft,P2,0,q01,1,0.9960488677024841,1
item_02247,cleft,P2,1,q10,0,0.9933226704597473,0
item_02248,topical,P2,0,q01,0,0.7536220550537109,0
item_02248,topical,P2,1,q10,1,0.81624835729599,1
item_02250,active,P2,0,q01,1,0.9993917942047119,1
item_02250,active,P2,1,q10,0,0.9994230270385742,0
item_02251,passive,P2,0,q01,0,0.9994729161262512,0
item_02251,passive,P2,1,q10,1,0.9994015693664551,1
item_02252,cleft,P2,0,q01,1,0.9965696334838867,1
item_02252,cleft,P2,1,q10,0,0.9968210458755493,0
item_02253,topical,P2,0,q01,0,0.953197181224823,0
item_02253,topical,P2,1,q10,1,0.9317277669906616,1
item_02255,active,P2,0,q01,1,0.9993189573287964,1
item_02255,active,P2,1,q10,0,0.9994811415672302,0
item_02256,passive,P2,0,q01,0,0.9995056390762329,0
item_02256,passive,P2,1,q10,1,0.9991920590400696,1
item_02257,cleft,P2,0,q01,1,0.9966984391212463,1
item_02257,cleft,P2,1,q10,0,0.997253954410553,0
item_02258,topical,P2,0,q01,0,0.1653769612312317,1
item_02258,topical,P2,1,q10,1,0.062316909432411194,0
item_02260,active,P2,0,q01,1,0.9993507266044617,1
item_02260,active,P2,1,q10,0,0.9995198249816895,0
item_02261,passive,P2,0,q01,0,0.9995391368865967,0
item_02261,passive,P2,1,q10,1,0.9993791580200195,1
item_02262,cleft,P2,0,q01,1,0.9975589513778687,1
item_02262,cleft,P2,1,q10,0,0.9982354640960693,0
item_02263,topical,P2,0,q01,0,0.8753316402435303,0
item_02263,topical,P2,1,q10,1,0.7848184108734131,1
item_02265,active,P2,0,q01,1,0.9993876218795776,1
item_02265,active,P2,1,q10,0,0.9994161128997803,0
item_02266,passive,P2,0,q01,0,0.9995105266571045,0
item_02266,passive,P2,1,q10,1,0.9994958639144897,1
item_02267,cleft,P2,0,q01,1,0.9967080354690552,1
item_02267,cleft,P2,1,q10,0,0.9972531199455261,0
item_02268,topical,P2,0,q01,0,0.9540488123893738,0
item_02268,topical,P2,1,q10,1,0.9502668380737305,1
item_02270,active,P2,0,q01,1,0.9993866682052612,1
item_02270,active,P2,1,q10,0,0.9993523955345154,0
item_02271,passive,P2,0,q01,0,0.9994103908538818,0
item_02271,passive,P2,1,q10,1,0.999446451663971,1
item_02272,cleft,P2,0,q01,1,0.9969823956489563,1
item_02272,cleft,P2,1,q10,0,0.9966417551040649,0
item_02273,topical,P2,0,q01,0,0.9904124140739441,0
item_02273,topical,P2,1,q10,1,0.9888430833816528,1
item_02275,active,P2,0,q01,1,0.9991777539253235,1
item_02275,active,P2,1,q10,0,0.9992863535881042,0
item_02276,passive,P2,0,q01,0,0.9994614720344543,0
item_02276,passive,P2,1,q10,1,0.9994101524353027,1
item_02277,cleft,P2,0,q01,1,0.9946099519729614,1
item_02277,cleft,P2,1,q10,0,0.9955281615257263,0
item_02278,topical,P2,0,q01,0,0.9863952398300171,0
item_02278,topical,P2,1,q10,1,0.9725500345230103,1
item_02280,active,P2,0,q01,1,0.9982526898384094,1
item_02280,active,P2,1,q10,0,0.9986299276351929,0
item_02281,passive,P2,0,q01,0,0.9994990825653076,0
item_02281,passive,P2,1,q10,1,0.9994240999221802,1
item_02282,cleft,P2,0,q01,1,0.9964599013328552,1
item_02282,cleft,P2,1,q10,0,0.9970707893371582,0
item_02283,topical,P2,0,q01,0,0.9798174500465393,0
item_02283,topical,P2,1,q10,1,0.9584711194038391,1
item_02285,active,P2,0,q01,1,0.9994235038757324,1
item_02285,active,P2,1,q10,0,0.9994862079620361,0
item_02286,passive,P2,0,q01,0,0.999543309211731,0
item_02286,passive,P2,1,q10,1,0.9994753003120422,1
item_02287,cleft,P2,0,q01,1,0.9984158277511597,1
item_02287,cleft,P2,1,q10,0,0.9987170696258545,0
item_02288,topical,P2,0,q01,0,0.9390889406204224,0
item_02288,topical,P2,1,q10,1,0.8797140121459961,1
item_02290,active,P2,0,q01,1,0.9991855025291443,1
item_02290,active,P2,1,q10,0,0.9990334510803223,0
item_02291,passive,P2,0,q01,0,0.9991191029548645,0
item_02291,passive,P2,1,q10,1,0.9992904663085938,1
item_02292,cleft,P2,0,q01,1,0.9956402778625488,1
item_02292,cleft,P2,1,q10,0,0.9927944540977478,0
item_02293,topical,P2,0,q01,0,0.3309742212295532,1
item_02293,topical,P2,1,q10,1,0.40448644757270813,0
item_02295,active,P2,0,q01,1,0.9991759657859802,1
item_02295,active,P2,1,q10,0,0.9991099238395691,0
item_02296,passive,P2,0,q01,0,0.9992135763168335,0
item_02296,passive,P2,1,q10,1,0.9993740916252136,1
item_02297,cleft,P2,0,q01,1,0.9970890879631042,1
item_02297,cleft,P2,1,q10,0,0.9961554408073425,0
item_02298,topical,P2,0,q01,0,0.6597003936767578,0
item_02298,topical,P2,1,q10,1,0.7005643248558044,1
item_02300,active,P2,0,q01,1,0.9993243217468262,1
item_02300,active,P2,1,q10,0,0.9991008043289185,0
item_02301,passive,P2,0,q01,0,0.9992863535881042,0
item_02301,passive,P2,1,q10,1,0.9992832541465759,1
item_02302,cleft,P2,0,q01,1,0.9957043528556824,1
item_02302,cleft,P2,1,q10,0,0.9951393604278564,0
item_02303,topical,P2,0,q01,0,0.7368245720863342,0
item_02303,topical,P2,1,q10,1,0.7704355120658875,1
item_02305,active,P2,0,q01,1,0.9992005228996277,1
item_02305,active,P2,1,q10,0,0.9992743134498596,0
item_02306,passive,P2,0,q01,0,0.9995028972625732,0
item_02306,passive,P2,1,q10,1,0.9993440508842468,1
item_02307,cleft,P2,0,q01,1,0.9973284006118774,1
item_02307,cleft,P2,1,q10,0,0.9974138736724854,0
item_02308,topical,P2,0,q01,0,0.9929763674736023,0
item_02308,topical,P2,1,q10,1,0.9809176921844482,1
item_02310,active,P2,0,q01,1,0.9993140697479248,1
item_02310,active,P2,1,q10,0,0.9994286894798279,0
item_02311,passive,P2,0,q01,0,0.9995092153549194,0
item_02311,passive,P2,1,q10,1,0.9994779229164124,1
item_02312,cleft,P2,0,q01,1,0.9979535341262817,1
item_02312,cleft,P2,1,q10,0,0.9983226656913757,0
item_02313,topical,P2,0,q01,0,0.9911321997642517,0
item_02313,topical,P2,1,q10,1,0.9930236339569092,1
item_02315,active,P2,0,q01,1,0.999471127986908,1
item_02315,active,P2,1,q10,0,0.9994878768920898,0
item_02316,passive,P2,0,q01,0,0.9993324875831604,0
item_02316,passive,P2,1,q10,1,0.9993708729743958,1
item_02317,cleft,P2,0,q01,1,0.998016357421875,1
item_02317,cleft,P2,1,q10,0,0.9982728958129883,0
item_02318,topical,P2,0,q01,0,0.721377432346344,0
item_02318,topical,P2,1,q10,1,0.6296096444129944,1
item_02320,active,P2,0,q01,1,0.9992490410804749,1
item_02320,active,P2,1,q10,0,0.9989553689956665,0
item_02321,passive,P2,0,q01,0,0.9990571141242981,0
item_02321,passive,P2,1,q10,1,0.9994019269943237,1
item_02322,cleft,P2,0,q01,1,0.9962970614433289,1
item_02322,cleft,P2,1,q10,0,0.9937708973884583,0
item_02323,topical,P2,0,q01,0,0.6872888803482056,0
item_02323,topical,P2,1,q10,1,0.7252135872840881,1
item_02325,active,P2,0,q01,1,0.9993009567260742,1
item_02325,active,P2,1,q10,0,0.9991330504417419,0
item_02326,passive,P2,0,q01,0,0.9993957281112671,0
item_02326,passive,P2,1,q10,1,0.9994550347328186,1
item_02327,cleft,P2,0,q01,1,0.9984684586524963,1
item_02327,cleft,P2,1,q10,0,0.9978165626525879,0
item_02328,topical,P2,0,q01,0,0.9718281626701355,0
item_02328,topical,P2,1,q10,1,0.9792755842208862,1
item_02330,active,P2,0,q01,1,0.9992595314979553,1
item_02330,active,P2,1,q10,0,0.9990447163581848,0
item_02331,passive,P2,0,q01,0,0.9994237422943115,0
item_02331,passive,P2,1,q10,1,0.9994775652885437,1
item_02332,cleft,P2,0,q01,1,0.9981301426887512,1
item_02332,cleft,P2,1,q10,0,0.9973405003547668,0
item_02333,topical,P2,0,q01,0,0.9854604601860046,0
item_02333,topical,P2,1,q10,1,0.98870450258255,1
item_02335,active,P2,0,q01,1,0.99919193983078,1
item_02335,active,P2,1,q10,0,0.9989582300186157,0
item_02336,passive,P2,0,q01,0,0.9991278052330017,0
item_02336,passive,P2,1,q10,1,0.9994550347328186,1
item_02337,cleft,P2,0,q01,1,0.9962230920791626,1
item_02337,cleft,P2,1,q10,0,0.993435263633728,0
item_02338,topical,P2,0,q01,0,0.5914506316184998,0
item_02338,topical,P2,1,q10,1,0.7357210516929626,1
item_02340,active,P2,0,q01,1,0.9992809891700745,1
item_02340,active,P2,1,q10,0,0.999407172203064,0
item_02341,passive,P2,0,q01,0,0.9995326995849609,0
item_02341,passive,P2,1,q10,1,0.9993568062782288,1
item_02342,cleft,P2,0,q01,1,0.9970966577529907,1
item_02342,cleft,P2,1,q10,0,0.9975836277008057,0
item_02343,topical,P2,0,q01,0,0.9508885741233826,0
item_02343,topical,P2,1,q10,1,0.9122650027275085,1
item_02345,active,P2,0,q01,1,0.9992177486419678,1
item_02345,active,P2,1,q10,0,0.9991254210472107,0
item_02346,passive,P2,0,q01,0,0.9993946552276611,0
item_02346,passive,P2,1,q10,1,0.9993984699249268,1
item_02347,cleft,P2,0,q01,1,0.9963992834091187,1
item_02347,cleft,P2,1,q10,0,0.9943484663963318,0
item_02348,topical,P2,0,q01,0,0.6947745084762573,0
item_02348,topical,P2,1,q10,1,0.7379930019378662,1
item_02350,active,P2,0,q01,1,0.9992387294769287,1
item_02350,active,P2,1,q10,0,0.9993206262588501,0
item_02351,passive,P2,0,q01,0,0.9994889497756958,0
item_02351,passive,P2,1,q10,1,0.9994200468063354,1
item_02352,cleft,P2,0,q01,1,0.9979739785194397,1
item_02352,cleft,P2,1,q10,0,0.9984866380691528,0
item_02353,topical,P2,0,q01,0,0.9935005307197571,0
item_02353,topical,P2,1,q10,1,0.9930734038352966,1
item_02355,active,P2,0,q01,1,0.9993833303451538,1
item_02355,active,P2,1,q10,0,0.9993360638618469,0
item_02356,passive,P2,0,q01,0,0.9994390606880188,0
item_02356,passive,P2,1,q10,1,0.9994843006134033,1
item_02357,cleft,P2,0,q01,1,0.9985843896865845,1
item_02357,cleft,P2,1,q10,0,0.9982855916023254,0
item_02358,topical,P2,0,q01,0,0.9911110997200012,0
item_02358,topical,P2,1,q10,1,0.9885255694389343,1
item_02360,active,P2,0,q01,1,0.9994015693664551,1
item_02360,active,P2,1,q10,0,0.9995377063751221,0
item_02361,passive,P2,0,q01,0,0.9995287656784058,0
item_02361,passive,P2,1,q10,1,0.999397873878479,1
item_02362,cleft,P2,0,q01,1,0.9983317255973816,1
item_02362,cleft,P2,1,q10,0,0.9987223744392395,0
item_02363,topical,P2,0,q01,0,0.9500613808631897,0
item_02363,topical,P2,1,q10,1,0.9147871136665344,1
item_02365,active,P2,0,q01,1,0.9991338849067688,1
item_02365,active,P2,1,q10,0,0.9989244341850281,0
item_02366,passive,P2,0,q01,0,0.9993426203727722,0
item_02366,passive,P2,1,q10,1,0.9993535876274109,1
item_02367,cleft,P2,0,q01,1,0.9966656565666199,1
item_02367,cleft,P2,1,q10,0,0.9964244961738586,0
item_02368,topical,P2,0,q01,0,0.9731544852256775,0
item_02368,topical,P2,1,q10,1,0.967301607131958,1
item_02370,active,P2,0,q01,1,0.9989399313926697,1
item_02370,active,P2,1,q10,0,0.9991305470466614,0
item_02371,passive,P2,0,q01,0,0.9994876384735107,0
item_02371,passive,P2,1,q10,1,0.999350368976593,1
item_02372,cleft,P2,0,q01,1,0.9968656897544861,1
item_02372,cleft,P2,1,q10,0,0.9974141120910645,0
item_02373,topical,P2,0,q01,0,0.9493823051452637,0
item_02373,topical,P2,1,q10,1,0.9318695664405823,1
item_02375,active,P2,0,q01,1,0.9994947910308838,1
item_02375,active,P2,1,q10,0,0.9993816614151001,0
item_02376,passive,P2,0,q01,0,0.9994134902954102,0
item_02376,passive,P2,1,q10,1,0.999455988407135,1
item_02377,cleft,P2,0,q01,1,0.9988282322883606,1
item_02377,cleft,P2,1,q10,0,0.9982002973556519,0
item_02378,topical,P2,0,q01,0,0.9851740002632141,0
item_02378,topical,P2,1,q10,1,0.9910739064216614,1
item_02380,active,P2,0,q01,1,0.9994920492172241,1
item_02380,active,P2,1,q10,0,0.9994140863418579,0
item_02381,passive,P2,0,q01,0,0.9994268417358398,0
item_02381,passive,P2,1,q10,1,0.9995090961456299,1
item_02382,cleft,P2,0,q01,1,0.9975723624229431,1
item_02382,cleft,P2,1,q10,0,0.9966726303100586,0
item_02383,topical,P2,0,q01,0,0.8690482974052429,0
item_02383,topical,P2,1,q10,1,0.8725314140319824,1
item_02385,active,P2,0,q01,1,0.9994643330574036,1
item_02385,active,P2,1,q10,0,0.9994539618492126,0
item_02386,passive,P2,0,q01,0,0.9994664788246155,0
item_02386,passive,P2,1,q10,1,0.9994195699691772,1
item_02387,cleft,P2,0,q01,1,0.9984279870986938,1
item_02387,cleft,P2,1,q10,0,0.9983878135681152,0
item_02388,topical,P2,0,q01,0,0.9001595973968506,0
item_02388,topical,P2,1,q10,1,0.7854103446006775,1
item_02390,active,P2,0,q01,1,0.9991680383682251,1
item_02390,active,P2,1,q10,0,0.9993745684623718,0
item_02391,passive,P2,0,q01,0,0.9994668364524841,0
item_02391,passive,P2,1,q10,1,0.999347984790802,1
item_02392,cleft,P2,0,q01,1,0.993389368057251,1
item_02392,cleft,P2,1,q10,0,0.9959381818771362,0
item_02393,topical,P2,0,q01,0,0.8440369963645935,0
item_02393,topical,P2,1,q10,1,0.7314664721488953,1
item_02395,active,P2,0,q01,1,0.9994996786117554,1
item_02395,active,P2,1,q10,0,0.999472439289093,0
item_02396,passive,P2,0,q01,0,0.9994134902954102,0
item_02396,passive,P2,1,q10,1,0.9993889331817627,1
item_02397,cleft,P2,0,q01,1,0.9988092184066772,1
item_02397,cleft,P2,1,q10,0,0.9987364411354065,0
item_02398,topical,P2,0,q01,0,0.9720321297645569,0
item_02398,topical,P2,1,q10,1,0.9672215580940247,1
item_02400,active,P2,0,q01,1,0.9992477893829346,1
item_02400,active,P2,1,q10,0,0.999233603477478,0
item_02401,passive,P2,0,q01,0,0.9995135068893433,0
item_02401,passive,P2,1,q10,1,0.9994032382965088,1
item_02402,cleft,P2,0,q01,1,0.9971489310264587,1
item_02402,cleft,P2,1,q10,0,0.9969306588172913,0
item_02403,topical,P2,0,q01,0,0.9864354729652405,0
item_02403,topical,P2,1,q10,1,0.9744817614555359,1
item_02405,active,P2,0,q01,1,0.999096155166626,1
item_02405,active,P2,1,q10,0,0.9989006519317627,0
item_02406,passive,P2,0,q01,0,0.9992448091506958,0
item_02406,passive,P2,1,q10,1,0.9992714524269104,1
item_02407,cleft,P2,0,q01,1,0.9966721534729004,1
item_02407,cleft,P2,1,q10,0,0.9954034090042114,0
item_02408,topical,P2,0,q01,0,0.981728732585907,0
item_02408,topical,P2,1,q10,1,0.9856716394424438,1
item_02410,active,P2,0,q01,1,0.9994949102401733,1
item_02410,active,P2,1,q10,0,0.9994342923164368,0
item_02411,passive,P2,0,q01,0,0.9994584918022156,0
item_02411,passive,P2,1,q10,1,0.9995090961456299,1
item_02412,cleft,P2,0,q01,1,0.9976296424865723,1
item_02412,cleft,P2,1,q10,0,0.9965013265609741,0
item_02413,topical,P2,0,q01,0,0.982306182384491,0
item_02413,topical,P2,1,q10,1,0.9688102006912231,1
item_02415,active,P2,0,q01,1,0.9994552731513977,1
item_02415,active,P2,1,q10,0,0.9993725419044495,0
item_02416,passive,P2,0,q01,0,0.9994621872901917,0
item_02416,passive,P2,1,q10,1,0.999424934387207,1
item_02417,cleft,P2,0,q01,1,0.9978494644165039,1
item_02417,cleft,P2,1,q10,0,0.9969513416290283,0
item_02418,topical,P2,0,q01,0,0.9879686832427979,0
item_02418,topical,P2,1,q10,1,0.9832382202148438,1
item_02420,active,P2,0,q01,1,0.9993294477462769,1
item_02420,active,P2,1,q10,0,0.9993608593940735,0
item_02421,passive,P2,0,q01,0,0.9993281364440918,0
item_02421,passive,P2,1,q10,1,0.9992967844009399,1
item_02422,cleft,P2,0,q01,1,0.9965921640396118,1
item_02422,cleft,P2,1,q10,0,0.9967604279518127,0
item_02423,topical,P2,0,q01,0,0.9685415625572205,0
item_02423,topical,P2,1,q10,1,0.946913480758667,1
item_02425,active,P2,0,q01,1,0.9991198182106018,1
item_02425,active,P2,1,q10,0,0.9993676543235779,0
item_02426,passive,P2,0,q01,0,0.9995513558387756,0
item_02426,passive,P2,1,q10,1,0.9993106126785278,1
item_02427,cleft,P2,0,q01,1,0.9971133470535278,1
item_02427,cleft,P2,1,q10,0,0.9979782700538635,0
item_02428,topical,P2,0,q01,0,0.9936927556991577,0
item_02428,topical,P2,1,q10,1,0.9887159466743469,1
item_02430,active,P2,0,q01,1,0.9993451237678528,1
item_02430,active,P2,1,q10,0,0.9995325803756714,0
item_02431,passive,P2,0,q01,0,0.9995243549346924,0
item_02431,passive,P2,1,q10,1,0.9992884397506714,1
item_02432,cleft,P2,0,q01,1,0.9975094795227051,1
item_02432,cleft,P2,1,q10,0,0.998292863368988,0
item_02433,topical,P2,0,q01,0,0.9775269031524658,0
item_02433,topical,P2,1,q10,1,0.9572070240974426,1
item_02435,active,P2,0,q01,1,0.9992751479148865,1
item_02435,active,P2,1,q10,0,0.9992673993110657,0
item_02436,passive,P2,0,q01,0,0.999407172203064,0
item_02436,passive,P2,1,q10,1,0.9994113445281982,1
item_02437,cleft,P2,0,q01,1,0.9973825812339783,1
item_02437,cleft,P2,1,q10,0,0.9970970153808594,0
item_02438,topical,P2,0,q01,0,0.9344204068183899,0
item_02438,topical,P2,1,q10,1,0.935349702835083,1
item_02440,active,P2,0,q01,1,0.9990133047103882,1
item_02440,active,P2,1,q10,0,0.9988489151000977,0
item_02441,passive,P2,0,q01,0,0.9991796612739563,0
item_02441,passive,P2,1,q10,1,0.999295711517334,1
item_02442,cleft,P2,0,q01,1,0.9951609969139099,1
item_02442,cleft,P2,1,q10,0,0.99261075258255,0
item_02443,topical,P2,0,q01,0,0.29953843355178833,1
item_02443,topical,P2,1,q10,1,0.34504789113998413,0
item_02445,active,P2,0,q01,1,0.9993127584457397,1
item_02445,active,P2,1,q10,0,0.9994444251060486,0
item_02446,passive,P2,0,q01,0,0.9994540810585022,0
item_02446,passive,P2,1,q10,1,0.9993941783905029,1
item_02447,cleft,P2,0,q01,1,0.9970138072967529,1
item_02447,cleft,P2,1,q10,0,0.9977543950080872,0
item_02448,topical,P2,0,q01,0,0.9240756630897522,0
item_02448,topical,P2,1,q10,1,0.8894065618515015,1
item_02450,active,P2,0,q01,1,0.9993752837181091,1
item_02450,active,P2,1,q10,0,0.9995176792144775,0
item_02451,passive,P2,0,q01,0,0.9995883107185364,0
item_02451,passive,P2,1,q10,1,0.9993188381195068,1
item_02452,cleft,P2,0,q01,1,0.9973769187927246,1
item_02452,cleft,P2,1,q10,0,0.9980182647705078,0
item_02453,topical,P2,0,q01,0,0.8655003905296326,0
item_02453,topical,P2,1,q10,1,0.7535229921340942,1
item_02455,active,P2,0,q01,1,0.9995378255844116,1
item_02455,active,P2,1,q10,0,0.9993851184844971,0
item_02456,passive,P2,0,q01,0,0.9994776844978333,0
item_02456,passive,P2,1,q10,1,0.9995566010475159,1
item_02457,cleft,P2,0,q01,1,0.998623251914978,1
item_02457,cleft,P2,1,q10,0,0.9977378845214844,0
item_02458,topical,P2,0,q01,0,0.863193690776825,0
item_02458,topical,P2,1,q10,1,0.8681025505065918,1
item_02460,active,P2,0,q01,1,0.9995068311691284,1
item_02460,active,P2,1,q10,0,0.999283492565155,0
item_02461,passive,P2,0,q01,0,0.9992430210113525,0
item_02461,passive,P2,1,q10,1,0.9995570778846741,1
item_02462,cleft,P2,0,q01,1,0.998256504535675,1
item_02462,cleft,P2,1,q10,0,0.9969706535339355,0
item_02463,topical,P2,0,q01,0,0.9640244245529175,0
item_02463,topical,P2,1,q10,1,0.9795107245445251,1
item_02465,active,P2,0,q01,1,0.9993966817855835,1
item_02465,active,P2,1,q10,0,0.9994609951972961,0
item_02466,passive,P2,0,q01,0,0.9995100498199463,0
item_02466,passive,P2,1,q10,1,0.9993677735328674,1
item_02467,cleft,P2,0,q01,1,0.9978125095367432,1
item_02467,cleft,P2,1,q10,0,0.9980827569961548,0
item_02468,topical,P2,0,q01,0,0.9538220167160034,0
item_02468,topical,P2,1,q10,1,0.9063031673431396,1
item_02470,active,P2,0,q01,1,0.9990411400794983,1
item_02470,active,P2,1,q10,0,0.9984326958656311,0
item_02471,passive,P2,0,q01,0,0.9989504218101501,0
item_02471,passive,P2,1,q10,1,0.9993257522583008,1
item_02472,cleft,P2,0,q01,1,0.99718177318573,1
item_02472,cleft,P2,1,q10,0,0.9946911931037903,0
item_02473,topical,P2,0,q01,0,0.993389368057251,0
item_02473,topical,P2,1,q10,1,0.9950996041297913,1
item_02475,active,P2,0,q01,1,0.999430239200592,1
item_02475,active,P2,1,q10,0,0.9995297193527222,0
item_02476,passive,P2,0,q01,0,0.99957674741745,0
item_02476,passive,P2,1,q10,1,0.9995067119598389,1
item_02477,cleft,P2,0,q01,1,0.9982627034187317,1
item_02477,cleft,P2,1,q10,0,0.9984245300292969,0
item_02478,topical,P2,0,q01,0,0.9914610385894775,0
item_02478,topical,P2,1,q10,1,0.9909332990646362,1
item_02480,active,P2,0,q01,1,0.9991297125816345,1
item_02480,active,P2,1,q10,0,0.9992355108261108,0
item_02481,passive,P2,0,q01,0,0.9995018243789673,0
item_02481,passive,P2,1,q10,1,0.999354898929596,1
item_02482,cleft,P2,0,q01,1,0.9963974356651306,1
item_02482,cleft,P2,1,q10,0,0.9965817332267761,0
item_02483,topical,P2,0,q01,0,0.9437702894210815,0
item_02483,topical,P2,1,q10,1,0.8840504288673401,1
item_02485,active,P2,0,q01,1,0.9990519881248474,1
item_02485,active,P2,1,q10,0,0.9988497495651245,0
item_02486,passive,P2,0,q01,0,0.999147891998291,0
item_02486,passive,P2,1,q10,1,0.9990400671958923,1
item_02487,cleft,P2,0,q01,1,0.9929013848304749,1
item_02487,cleft,P2,1,q10,0,0.990290105342865,0
item_02488,topical,P2,0,q01,0,0.7806001901626587,0
item_02488,topical,P2,1,q10,1,0.8069314956665039,1
item_02490,active,P2,0,q01,1,0.9995317459106445,1
item_02490,active,P2,1,q10,0,0.999349057674408,0
item_02491,passive,P2,0,q01,0,0.9994500279426575,0
item_02491,passive,P2,1,q10,1,0.9994850158691406,1
item_02492,cleft,P2,0,q01,1,0.9988792538642883,1
item_02492,cleft,P2,1,q10,0,0.9982372522354126,0
item_02493,topical,P2,0,q01,0,0.9649282097816467,0
item_02493,topical,P2,1,q10,1,0.9687677025794983,1
item_02495,active,P2,0,q01,1,0.9992140531539917,1
item_02495,active,P2,1,q10,0,0.9992817044258118,0
item_02496,passive,P2,0,q01,0,0.9994956254959106,0
item_02496,passive,P2,1,q10,1,0.9993102550506592,1
item_02497,cleft,P2,0,q01,1,0.9963866472244263,1
item_02497,cleft,P2,1,q10,0,0.9955924153327942,0
item_02498,topical,P2,0,q01,0,0.8125429153442383,0
item_02498,topical,P2,1,q10,1,0.7373908758163452,1
item_02500,active,P2,0,q01,1,0.9995028972625732,1
item_02500,active,P2,1,q10,0,0.9994932413101196,0
item_02501,passive,P2,0,q01,0,0.9994854927062988,0
item_02501,passive,P2,1,q10,1,0.9994994401931763,1
item_02502,cleft,P2,0,q01,1,0.9982730150222778,1
item_02502,cleft,P2,1,q10,0,0.9976751208305359,0
item_02503,topical,P2,0,q01,0,0.9639672636985779,0
item_02503,topical,P2,1,q10,1,0.9374421238899231,1
item_02505,active,P2,0,q01,1,0.9994526505470276,1
item_02505,active,P2,1,q10,0,0.9993859529495239,0
item_02506,passive,P2,0,q01,0,0.9994171857833862,0
item_02506,passive,P2,1,q10,1,0.9994551539421082,1
item_02507,cleft,P2,0,q01,1,0.998609185218811,1
item_02507,cleft,P2,1,q10,0,0.9981368780136108,0
item_02508,topical,P2,0,q01,0,0.9671990275382996,0
item_02508,topical,P2,1,q10,1,0.9790796041488647,1
item_02510,active,P2,0,q01,1,0.9994152784347534,1
item_02510,active,P2,1,q10,0,0.9994857311248779,0
item_02511,passive,P2,0,q01,0,0.9995282888412476,0
item_02511,passive,P2,1,q10,1,0.9993718266487122,1
item_02512,cleft,P2,0,q01,1,0.9981595873832703,1
item_02512,cleft,P2,1,q10,0,0.9984297156333923,0
item_02513,topical,P2,0,q01,0,0.9899696707725525,0
item_02513,topical,P2,1,q10,1,0.9751553535461426,1
item_02515,active,P2,0,q01,1,0.9995114803314209,1
item_02515,active,P2,1,q10,0,0.9994428753852844,0
item_02516,passive,P2,0,q01,0,0.9994866847991943,0
item_02516,passive,P2,1,q10,1,0.9995298385620117,1
item_02517,cleft,P2,0,q01,1,0.9981160163879395,1
item_02517,cleft,P2,1,q10,0,0.9974818825721741,0
item_02518,topical,P2,0,q01,0,0.787756085395813,0
item_02518,topical,P2,1,q10,1,0.8123525381088257,1
item_02520,active,P2,0,q01,1,0.999215841293335,1
item_02520,active,P2,1,q10,0,0.9990041851997375,0
item_02521,passive,P2,0,q01,0,0.9992340803146362,0
item_02521,passive,P2,1,q10,1,0.9993614554405212,1
item_02522,cleft,P2,0,q01,1,0.9977074861526489,1
item_02522,cleft,P2,1,q10,0,0.9956479668617249,0
item_02523,topical,P2,0,q01,0,0.986548125743866,0
item_02523,topical,P2,1,q10,1,0.9909117221832275,1
item_02525,active,P2,0,q01,1,0.9992783665657043,1
item_02525,active,P2,1,q10,0,0.9991948008537292,0
item_02526,passive,P2,0,q01,0,0.9993630051612854,0
item_02526,passive,P2,1,q10,1,0.9993484616279602,1
item_02527,cleft,P2,0,q01,1,0.9951333403587341,1
item_02527,cleft,P2,1,q10,0,0.9948734641075134,0
item_02528,topical,P2,0,q01,0,0.976702094078064,0
item_02528,topical,P2,1,q10,1,0.9796205163002014,1
item_02530,active,P2,0,q01,1,0.9992871880531311,1
item_02530,active,P2,1,q10,0,0.9994125366210938,0
item_02531,passive,P2,0,q01,0,0.9995642304420471,0
item_02531,passive,P2,1,q10,1,0.9994614720344543,1
item_02532,cleft,P2,0,q01,1,0.9974531531333923,1
item_02532,cleft,P2,1,q10,0,0.9982221722602844,0
item_02533,topical,P2,0,q01,0,0.9919347763061523,0
item_02533,topical,P2,1,q10,1,0.9850571751594543,1
item_02535,active,P2,0,q01,1,0.9993357062339783,1
item_02535,active,P2,1,q10,0,0.9992659687995911,0
item_02536,passive,P2,0,q01,0,0.9993926286697388,0
item_02536,passive,P2,1,q10,1,0.999402642250061,1
item_02537,cleft,P2,0,q01,1,0.9982807636260986,1
item_02537,cleft,P2,1,q10,0,0.9981070756912231,0
item_02538,topical,P2,0,q01,0,0.9973981380462646,0
item_02538,topical,P2,1,q10,1,0.9962067604064941,1
item_02540,active,P2,0,q01,1,0.9994669556617737,1
item_02540,active,P2,1,q10,0,0.9995032548904419,0
item_02541,passive,P2,0,q01,0,0.9995193481445312,0
item_02541,passive,P2,1,q10,1,0.9993727803230286,1
item_02542,cleft,P2,0,q01,1,0.9984325766563416,1
item_02542,cleft,P2,1,q10,0,0.9983975291252136,0
item_02543,topical,P2,0,q01,0,0.9492360949516296,0
item_02543,topical,P2,1,q10,1,0.9124253988265991,1
item_02545,active,P2,0,q01,1,0.9993434548377991,1
item_02545,active,P2,1,q10,0,0.999464213848114,0
item_02546,passive,P2,0,q01,0,0.9994957447052002,0
item_02546,passive,P2,1,q10,1,0.9994039535522461,1
item_02547,cleft,P2,0,q01,1,0.995596706867218,1
item_02547,cleft,P2,1,q10,0,0.99687260389328,0
item_02548,topical,P2,0,q01,0,0.929243266582489,0
item_02548,topical,P2,1,q10,1,0.8596808910369873,1
item_02550,active,P2,0,q01,1,0.9990811347961426,1
item_02550,active,P2,1,q10,0,0.99946528673172,0
item_02551,passive,P2,0,q01,0,0.9995337724685669,0
item_02551,passive,P2,1,q10,1,0.9991859793663025,1
item_02552,cleft,P2,0,q01,1,0.9942439198493958,1
item_02552,cleft,P2,1,q10,0,0.9969326257705688,0
item_02553,topical,P2,0,q01,0,0.9950266480445862,0
item_02553,topical,P2,1,q10,1,0.9870395064353943,1
item_02555,active,P2,0,q01,1,0.9994978904724121,1
item_02555,active,P2,1,q10,0,0.999422550201416,0
item_02556,passive,P2,0,q01,0,0.9993597865104675,0
item_02556,passive,P2,1,q10,1,0.9994742274284363,1
item_02557,cleft,P2,0,q01,1,0.9956353306770325,1
item_02557,cleft,P2,1,q10,0,0.9939099550247192,0
item_02558,topical,P2,0,q01,0,0.8194884061813354,0
item_02558,topical,P2,1,q10,1,0.8875415921211243,1
item_02560,active,P2,0,q01,1,0.9994176626205444,1
item_02560,active,P2,1,q10,0,0.9994899034500122,0
item_02561,passive,P2,0,q01,0,0.999517560005188,0
item_02561,passive,P2,1,q10,1,0.9993888139724731,1
item_02562,cleft,P2,0,q01,1,0.9977595806121826,1
item_02562,cleft,P2,1,q10,0,0.9980613589286804,0
item_02563,topical,P2,0,q01,0,0.9627780318260193,0
item_02563,topical,P2,1,q10,1,0.9134505987167358,1
item_02565,active,P2,0,q01,1,0.9995296001434326,1
item_02565,active,P2,1,q10,0,0.9994305968284607,0
item_02566,passive,P2,0,q01,0,0.9995118379592896,0
item_02566,passive,P2,1,q10,1,0.9995170831680298,1
item_02567,cleft,P2,0,q01,1,0.9981233477592468,1
item_02567,cleft,P2,1,q10,0,0.997574508190155,0
item_02568,topical,P2,0,q01,0,0.9747220277786255,0
item_02568,topical,P2,1,q10,1,0.9701041579246521,1
item_02570,active,P2,0,q01,1,0.9990822076797485,1
item_02570,active,P2,1,q10,0,0.9990134239196777,0
item_02571,passive,P2,0,q01,0,0.9994543194770813,0
item_02571,passive,P2,1,q10,1,0.9994459748268127,1
item_02572,cleft,P2,0,q01,1,0.9958375692367554,1
item_02572,cleft,P2,1,q10,0,0.9938178658485413,0
item_02573,topical,P2,0,q01,0,0.9468587636947632,0
item_02573,topical,P2,1,q10,1,0.9484611749649048,1
item_02575,active,P2,0,q01,1,0.9992583394050598,1
item_02575,active,P2,1,q10,0,0.9993459582328796,0
item_02576,passive,P2,0,q01,0,0.9993751645088196,0
item_02576,passive,P2,1,q10,1,0.9992967844009399,1
item_02577,cleft,P2,0,q01,1,0.9939739108085632,1
item_02577,cleft,P2,1,q10,0,0.9955577254295349,0
item_02578,topical,P2,0,q01,0,0.7114900946617126,0
item_02578,topical,P2,1,q10,1,0.6757816076278687,1
item_02580,active,P2,0,q01,1,0.9992165565490723,1
item_02580,active,P2,1,q10,0,0.9994192123413086,0
item_02581,passive,P2,0,q01,0,0.999530553817749,0
item_02581,passive,P2,1,q10,1,0.999382734298706,1
item_02582,cleft,P2,0,q01,1,0.9956615567207336,1
item_02582,cleft,P2,1,q10,0,0.9970942735671997,0
item_02583,topical,P2,0,q01,0,0.9800314903259277,0
item_02583,topical,P2,1,q10,1,0.9702494740486145,1
item_02585,active,P2,0,q01,1,0.9992058873176575,1
item_02585,active,P2,1,q10,0,0.999176561832428,0
item_02586,passive,P2,0,q01,0,0.9993295669555664,0
item_02586,passive,P2,1,q10,1,0.9992682337760925,1
item_02587,cleft,P2,0,q01,1,0.9942275285720825,1
item_02587,cleft,P2,1,q10,0,0.9928426742553711,0
item_02588,topical,P2,0,q01,0,0.9319954514503479,0
item_02588,topical,P2,1,q10,1,0.9118794798851013,1
item_02590,active,P2,0,q01,1,0.9993340373039246,1
item_02590,active,P2,1,q10,0,0.999396800994873,0
item_02591,passive,P2,0,q01,0,0.9995518326759338,0
item_02591,passive,P2,1,q10,1,0.9993873834609985,1
item_02592,cleft,P2,0,q01,1,0.997999370098114,1
item_02592,cleft,P2,1,q10,0,0.9983595013618469,0
item_02593,topical,P2,0,q01,0,0.9768160581588745,0
item_02593,topical,P2,1,q10,1,0.9486091136932373,1
item_02595,active,P2,0,q01,1,0.9993696808815002,1
item_02595,active,P2,1,q10,0,0.9994981288909912,0
item_02596,passive,P2,0,q01,0,0.999517560005188,0
item_02596,passive,P2,1,q10,1,0.9994600415229797,1
item_02597,cleft,P2,0,q01,1,0.9965181350708008,1
item_02597,cleft,P2,1,q10,0,0.997779905796051,0
item_02598,topical,P2,0,q01,0,0.9011353850364685,0
item_02598,topical,P2,1,q10,1,0.8368331789970398,1
item_02600,active,P2,0,q01,1,0.9993758797645569,1
item_02600,active,P2,1,q10,0,0.9993895292282104,0
item_02601,passive,P2,0,q01,0,0.9994850158691406,0
item_02601,passive,P2,1,q10,1,0.9993706345558167,1
item_02602,cleft,P2,0,q01,1,0.9970472455024719,1
item_02602,cleft,P2,1,q10,0,0.9970472455024719,0
item_02603,topical,P2,0,q01,0,0.6627849340438843,0
item_02603,topical,P2,1,q10,1,0.5804982781410217,1
item_02605,active,P2,0,q01,1,0.9994392991065979,1
item_02605,active,P2,1,q10,0,0.9994402527809143,0
item_02606,passive,P2,0,q01,0,0.9994747042655945,0
item_02606,passive,P2,1,q10,1,0.9993972778320312,1
item_02607,cleft,P2,0,q01,1,0.9986273050308228,1
item_02607,cleft,P2,1,q10,0,0.9984619617462158,0
item_02608,topical,P2,0,q01,0,0.9766007661819458,0
item_02608,topical,P2,1,q10,1,0.9781590700149536,1
item_02610,active,P2,0,q01,1,0.999259889125824,1
item_02610,active,P2,1,q10,0,0.9992166757583618,0
item_02611,passive,P2,0,q01,0,0.99952232837677,0
item_02611,passive,P2,1,q10,1,0.9994279742240906,1
item_02612,cleft,P2,0,q01,1,0.9965460896492004,1
item_02612,cleft,P2,1,q10,0,0.9944254159927368,0
item_02613,topical,P2,0,q01,0,0.8979890942573547,0
item_02613,topical,P2,1,q10,1,0.8183698058128357,1
item_02615,active,P2,0,q01,1,0.9992014765739441,1
item_02615,active,P2,1,q10,0,0.9994528889656067,0
item_02616,passive,P2,0,q01,0,0.9995716214179993,0
item_02616,passive,P2,1,q10,1,0.9994142055511475,1
item_02617,cleft,P2,0,q01,1,0.9977317452430725,1
item_02617,cleft,P2,1,q10,0,0.9985961318016052,0
item_02618,topical,P2,0,q01,0,0.9958330988883972,0
item_02618,topical,P2,1,q10,1,0.9940150380134583,1
item_02620,active,P2,0,q01,1,0.9992561936378479,1
item_02620,active,P2,1,q10,0,0.9993763566017151,0
item_02621,passive,P2,0,q01,0,0.9995119571685791,0
item_02621,passive,P2,1,q10,1,0.9994493126869202,1
item_02622,cleft,P2,0,q01,1,0.9975554943084717,1
item_02622,cleft,P2,1,q10,0,0.9975678324699402,0
item_02623,topical,P2,0,q01,0,0.9889847040176392,0
item_02623,topical,P2,1,q10,1,0.9872657060623169,1
item_02625,active,P2,0,q01,1,0.9994938373565674,1
item_02625,active,P2,1,q10,0,0.9995031356811523,0
item_02626,passive,P2,0,q01,0,0.9995296001434326,0
item_02626,passive,P2,1,q10,1,0.9995050430297852,1
item_02627,cleft,P2,0,q01,1,0.9982615113258362,1
item_02627,cleft,P2,1,q10,0,0.9984109401702881,0
item_02628,topical,P2,0,q01,0,0.9140714406967163,0
item_02628,topical,P2,1,q10,1,0.8579582571983337,1
item_02630,active,P2,0,q01,1,0.9993846416473389,1
item_02630,active,P2,1,q10,0,0.9995079040527344,0
item_02631,passive,P2,0,q01,0,0.9995386600494385,0
item_02631,passive,P2,1,q10,1,0.9993963241577148,1
item_02632,cleft,P2,0,q01,1,0.9980311989784241,1
item_02632,cleft,P2,1,q10,0,0.9981830716133118,0
item_02633,topical,P2,0,q01,0,0.9877604246139526,0
item_02633,topical,P2,1,q10,1,0.9728637337684631,1
item_02635,active,P2,0,q01,1,0.9992984533309937,1
item_02635,active,P2,1,q10,0,0.9990986585617065,0
item_02636,passive,P2,0,q01,0,0.9993676543235779,0
item_02636,passive,P2,1,q10,1,0.9994366765022278,1
item_02637,cleft,P2,0,q01,1,0.9978650212287903,1
item_02637,cleft,P2,1,q10,0,0.9975488781929016,0
item_02638,topical,P2,0,q01,0,0.9939352869987488,0
item_02638,topical,P2,1,q10,1,0.9944474697113037,1
item_02640,active,P2,0,q01,1,0.999079704284668,1
item_02640,active,P2,1,q10,0,0.9984616041183472,0
item_02641,passive,P2,0,q01,0,0.9989134073257446,0
item_02641,passive,P2,1,q10,1,0.9992749094963074,1
item_02642,cleft,P2,0,q01,1,0.9978222846984863,1
item_02642,cleft,P2,1,q10,0,0.9961909055709839,0
item_02643,topical,P2,0,q01,0,0.9936000108718872,0
item_02643,topical,P2,1,q10,1,0.9953092932701111,1
item_02645,active,P2,0,q01,1,0.9992733597755432,1
item_02645,active,P2,1,q10,0,0.9994688630104065,0
item_02646,passive,P2,0,q01,0,0.9994927644729614,0
item_02646,passive,P2,1,q10,1,0.9993652701377869,1
item_02647,cleft,P2,0,q01,1,0.9953575730323792,1
item_02647,cleft,P2,1,q10,0,0.997255265712738,0
item_02648,topical,P2,0,q01,0,0.8768404126167297,0
item_02648,topical,P2,1,q10,1,0.8550107479095459,1
item_02650,active,P2,0,q01,1,0.9988833069801331,1
item_02650,active,P2,1,q10,0,0.9987597465515137,0
item_02651,passive,P2,0,q01,0,0.9986642599105835,0
item_02651,passive,P2,1,q10,1,0.9982739686965942,1
item_02652,cleft,P2,0,q01,1,0.9910886287689209,1
item_02652,cleft,P2,1,q10,0,0.9921824336051941,0
item_02653,topical,P2,0,q01,0,0.852758526802063,0
item_02653,topical,P2,1,q10,1,0.835092306137085,1
item_02655,active,P2,0,q01,1,0.9992656111717224,1
item_02655,active,P2,1,q10,0,0.9988460540771484,0
item_02656,passive,P2,0,q01,0,0.9993948936462402,0
item_02656,passive,P2,1,q10,1,0.9994729161262512,1
item_02657,cleft,P2,0,q01,1,0.9969966411590576,1
item_02657,cleft,P2,1,q10,0,0.9933127760887146,0
item_02658,topical,P2,0,q01,0,0.9651228189468384,0
item_02658,topical,P2,1,q10,1,0.9676688313484192,1
item_02660,active,P2,0,q01,1,0.9994795918464661,1
item_02660,active,P2,1,q10,0,0.9995166063308716,0
item_02661,passive,P2,0,q01,0,0.9995256662368774,0
item_02661,passive,P2,1,q10,1,0.9994922876358032,1
item_02662,cleft,P2,0,q01,1,0.9979403614997864,1
item_02662,cleft,P2,1,q10,0,0.9980870485305786,0
item_02663,topical,P2,0,q01,0,0.12611378729343414,1
item_02663,topical,P2,1,q10,1,0.12553413212299347,0
item_02665,active,P2,0,q01,1,0.9993378520011902,1
item_02665,active,P2,1,q10,0,0.9993137121200562,0
item_02666,passive,P2,0,q01,0,0.9993877410888672,0
item_02666,passive,P2,1,q10,1,0.9989882111549377,1
item_02667,cleft,P2,0,q01,1,0.9957503080368042,1
item_02667,cleft,P2,1,q10,0,0.9957215785980225,0
item_02668,topical,P2,0,q01,0,0.9255938529968262,0
item_02668,topical,P2,1,q10,1,0.8735470175743103,1
item_02670,active,P2,0,q01,1,0.9994101524353027,1
item_02670,active,P2,1,q10,0,0.9992352724075317,0
item_02671,passive,P2,0,q01,0,0.9994217157363892,0
item_02671,passive,P2,1,q10,1,0.999459445476532,1
item_02672,cleft,P2,0,q01,1,0.9978551268577576,1
item_02672,cleft,P2,1,q10,0,0.997610330581665,0
item_02673,topical,P2,0,q01,0,0.9954943656921387,0
item_02673,topical,P2,1,q10,1,0.994616687297821,1
item_02675,active,P2,0,q01,1,0.999276340007782,1
item_02675,active,P2,1,q10,0,0.9989756345748901,0
item_02676,passive,P2,0,q01,0,0.999326229095459,0
item_02676,passive,P2,1,q10,1,0.9994658827781677,1
item_02677,cleft,P2,0,q01,1,0.9977496266365051,1
item_02677,cleft,P2,1,q10,0,0.9962840676307678,0
item_02678,topical,P2,0,q01,0,0.987779974937439,0
item_02678,topical,P2,1,q10,1,0.9875527620315552,1
item_02680,active,P2,0,q01,1,0.9992741942405701,1
item_02680,active,P2,1,q10,0,0.9992640614509583,0
item_02681,passive,P2,0,q01,0,0.9993883371353149,0
item_02681,passive,P2,1,q10,1,0.9993299245834351,1
item_02682,cleft,P2,0,q01,1,0.9978092312812805,1
item_02682,cleft,P2,1,q10,0,0.9974128603935242,0
item_02683,topical,P2,0,q01,0,0.9935099482536316,0
item_02683,topical,P2,1,q10,1,0.9894221425056458,1
item_02685,active,P2,0,q01,1,0.9988837838172913,1
item_02685,active,P2,1,q10,0,0.9989445805549622,0
item_02686,passive,P2,0,q01,0,0.9993643164634705,0
item_02686,passive,P2,1,q10,1,0.9992464780807495,1
item_02687,cleft,P2,0,q01,1,0.9947474598884583,1
item_02687,cleft,P2,1,q10,0,0.9927802681922913,0
item_02688,topical,P2,0,q01,0,0.9251492619514465,0
item_02688,topical,P2,1,q10,1,0.930510938167572,1
item_02690,active,P2,0,q01,1,0.9994008541107178,1
item_02690,active,P2,1,q10,0,0.9994329810142517,0
item_02691,passive,P2,0,q01,0,0.9994871616363525,0
item_02691,passive,P2,1,q10,1,0.9994366765022278,1
item_02692,cleft,P2,0,q01,1,0.9977443218231201,1
item_02692,cleft,P2,1,q10,0,0.9973371624946594,0
item_02693,topical,P2,0,q01,0,0.9699572920799255,0
item_02693,topical,P2,1,q10,1,0.9660254716873169,1
item_02695,active,P2,0,q01,1,0.9994072914123535,1
item_02695,active,P2,1,q10,0,0.9994463324546814,0
item_02696,passive,P2,0,q01,0,0.9993927478790283,0
item_02696,passive,P2,1,q10,1,0.999360978603363,1
item_02697,cleft,P2,0,q01,1,0.9967387318611145,1
item_02697,cleft,P2,1,q10,0,0.9967641830444336,0
item_02698,topical,P2,0,q01,0,0.9964340925216675,0
item_02698,topical,P2,1,q10,1,0.9925054907798767,1
item_02700,active,P2,0,q01,1,0.9993470311164856,1
item_02700,active,P2,1,q10,0,0.9992801547050476,0
item_02701,passive,P2,0,q01,0,0.9993419051170349,0
item_02701,passive,P2,1,q10,1,0.9993745684623718,1
item_02702,cleft,P2,0,q01,1,0.9976586103439331,1
item_02702,cleft,P2,1,q10,0,0.9965231418609619,0
item_02703,topical,P2,0,q01,0,0.3193041682243347,1
item_02703,topical,P2,1,q10,1,0.3558632731437683,0
item_02705,active,P2,0,q01,1,0.9993865489959717,1
item_02705,active,P2,1,q10,0,0.9994762539863586,0
item_02706,passive,P2,0,q01,0,0.99947589635849,0
item_02706,passive,P2,1,q10,1,0.9994171857833862,1
item_02707,cleft,P2,0,q01,1,0.9980849027633667,1
item_02707,cleft,P2,1,q10,0,0.9976136684417725,0
item_02708,topical,P2,0,q01,0,0.995718777179718,0
item_02708,topical,P2,1,q10,1,0.993599534034729,1
item_02710,active,P2,0,q01,1,0.9985020160675049,1
item_02710,active,P2,1,q10,0,0.998184859752655,0
item_02711,passive,P2,0,q01,0,0.9990839958190918,0
item_02711,passive,P2,1,q10,1,0.9991051554679871,1
item_02712,cleft,P2,0,q01,1,0.9919684529304504,1
item_02712,cleft,P2,1,q10,0,0.988745391368866,0
item_02713,topical,P2,0,q01,0,0.9863530397415161,0
item_02713,topical,P2,1,q10,1,0.9864891171455383,1
item_02715,active,P2,0,q01,1,0.9994052648544312,1
item_02715,active,P2,1,q10,0,0.9992275238037109,0
item_02716,passive,P2,0,q01,0,0.9993902444839478,0
item_02716,passive,P2,1,q10,1,0.999472439289093,1
item_02717,cleft,P2,0,q01,1,0.9984022974967957,1
item_02717,cleft,P2,1,q10,0,0.9981221556663513,0
item_02718,topical,P2,0,q01,0,0.9968835711479187,0
item_02718,topical,P2,1,q10,1,0.9960378408432007,1
item_02720,active,P2,0,q01,1,0.9994896650314331,1
item_02720,active,P2,1,q10,0,0.9992259740829468,0
item_02721,passive,P2,0,q01,0,0.9992749094963074,0
item_02721,passive,P2,1,q10,1,0.9995120763778687,1
item_02722,cleft,P2,0,q01,1,0.9984388947486877,1
item_02722,cleft,P2,1,q10,0,0.9974689483642578,0
item_02723,topical,P2,0,q01,0,0.9883466362953186,0
item_02723,topical,P2,1,q10,1,0.9919512271881104,1
item_02725,active,P2,0,q01,1,0.9994725584983826,1
item_02725,active,P2,1,q10,0,0.9994087219238281,0
item_02726,passive,P2,0,q01,0,0.9994173049926758,0
item_02726,passive,P2,1,q10,1,0.9995317459106445,1
item_02727,cleft,P2,0,q01,1,0.9974510073661804,1
item_02727,cleft,P2,1,q10,0,0.9965458512306213,0
item_02728,topical,P2,0,q01,0,0.9828434586524963,0
item_02728,topical,P2,1,q10,1,0.9812573194503784,1
item_02730,active,P2,0,q01,1,0.999470055103302,1
item_02730,active,P2,1,q10,0,0.9994891881942749,0
item_02731,passive,P2,0,q01,0,0.9994731545448303,0
item_02731,passive,P2,1,q10,1,0.9994996786117554,1
item_02732,cleft,P2,0,q01,1,0.9983047246932983,1
item_02732,cleft,P2,1,q10,0,0.998415470123291,0
item_02733,topical,P2,0,q01,0,0.9959558844566345,0
item_02733,topical,P2,1,q10,1,0.9943903088569641,1
item_02735,active,P2,0,q01,1,0.9994698166847229,1
item_02735,active,P2,1,q10,0,0.9993588328361511,0
item_02736,passive,P2,0,q01,0,0.999479353427887,0
item_02736,passive,P2,1,q10,1,0.9995172023773193,1
item_02737,cleft,P2,0,q01,1,0.9983755350112915,1
item_02737,cleft,P2,1,q10,0,0.9979410767555237,0
item_02738,topical,P2,0,q01,0,0.9798620939254761,0
item_02738,topical,P2,1,q10,1,0.9803456664085388,1
item_02740,active,P2,0,q01,1,0.9992192983627319,1
item_02740,active,P2,1,q10,0,0.9991449117660522,0
item_02741,passive,P2,0,q01,0,0.9993858337402344,0
item_02741,passive,P2,1,q10,1,0.9994373917579651,1
item_02742,cleft,P2,0,q01,1,0.9976468682289124,1
item_02742,cleft,P2,1,q10,0,0.9966210126876831,0
item_02743,topical,P2,0,q01,0,0.987492561340332,0
item_02743,topical,P2,1,q10,1,0.9895167946815491,1
item_02745,active,P2,0,q01,1,0.9994089603424072,1
item_02745,active,P2,1,q10,0,0.9992825388908386,0
item_02746,passive,P2,0,q01,0,0.9993658661842346,0
item_02746,passive,P2,1,q10,1,0.999380350112915,1
item_02747,cleft,P2,0,q01,1,0.9980668425559998,1
item_02747,cleft,P2,1,q10,0,0.9976644515991211,0
item_02748,topical,P2,0,q01,0,0.9814324975013733,0
item_02748,topical,P2,1,q10,1,0.9845595955848694,1
item_02750,active,P2,0,q01,1,0.9994394183158875,1
item_02750,active,P2,1,q10,0,0.999319314956665,0
item_02751,passive,P2,0,q01,0,0.9994595646858215,0
item_02751,passive,P2,1,q10,1,0.9995080232620239,1
item_02752,cleft,P2,0,q01,1,0.9983819723129272,1
item_02752,cleft,P2,1,q10,0,0.9978073239326477,0
item_02753,topical,P2,0,q01,0,0.9433173537254333,0
item_02753,topical,P2,1,q10,1,0.9271507859230042,1
item_02755,active,P2,0,q01,1,0.9987797141075134,1
item_02755,active,P2,1,q10,0,0.9985443353652954,0
item_02756,passive,P2,0,q01,0,0.9990575909614563,0
item_02756,passive,P2,1,q10,1,0.9992314577102661,1
item_02757,cleft,P2,0,q01,1,0.9955863952636719,1
item_02757,cleft,P2,1,q10,0,0.9946012496948242,0
item_02758,topical,P2,0,q01,0,0.6014084815979004,0
item_02758,topical,P2,1,q10,1,0.5541894435882568,1
item_02760,active,P2,0,q01,1,0.9993076324462891,1
item_02760,active,P2,1,q10,0,0.9993000030517578,0
item_02761,passive,P2,0,q01,0,0.9995088577270508,0
item_02761,passive,P2,1,q10,1,0.9994134902954102,1
item_02762,cleft,P2,0,q01,1,0.9965915679931641,1
item_02762,cleft,P2,1,q10,0,0.9956734776496887,0
item_02763,topical,P2,0,q01,0,0.913194477558136,0
item_02763,topical,P2,1,q10,1,0.887553870677948,1
item_02765,active,P2,0,q01,1,0.9993370175361633,1
item_02765,active,P2,1,q10,0,0.9994491934776306,0
item_02766,passive,P2,0,q01,0,0.9995366334915161,0
item_02766,passive,P2,1,q10,1,0.9992958307266235,1
item_02767,cleft,P2,0,q01,1,0.9975826740264893,1
item_02767,cleft,P2,1,q10,0,0.9981966614723206,0
item_02768,topical,P2,0,q01,0,0.9839932918548584,0
item_02768,topical,P2,1,q10,1,0.969906210899353,1
item_02770,active,P2,0,q01,1,0.9994046688079834,1
item_02770,active,P2,1,q10,0,0.9994506239891052,0
item_02771,passive,P2,0,q01,0,0.999442994594574,0
item_02771,passive,P2,1,q10,1,0.9993938207626343,1
item_02772,cleft,P2,0,q01,1,0.9986763596534729,1
item_02772,cleft,P2,1,q10,0,0.9988683462142944,0
item_02773,topical,P2,0,q01,0,0.993312656879425,0
item_02773,topical,P2,1,q10,1,0.9895942211151123,1
item_02775,active,P2,0,q01,1,0.999417781829834,1
item_02775,active,P2,1,q10,0,0.9994775652885437,0
item_02776,passive,P2,0,q01,0,0.9995030164718628,0
item_02776,passive,P2,1,q10,1,0.9994862079620361,1
item_02777,cleft,P2,0,q01,1,0.9984971284866333,1
item_02777,cleft,P2,1,q10,0,0.998573899269104,0
item_02778,topical,P2,0,q01,0,0.9935899972915649,0
item_02778,topical,P2,1,q10,1,0.9919791221618652,1
item_02780,active,P2,0,q01,1,0.9991795420646667,1
item_02780,active,P2,1,q10,0,0.99919193983078,0
item_02781,passive,P2,0,q01,0,0.999542236328125,0
item_02781,passive,P2,1,q10,1,0.9994322657585144,1
item_02782,cleft,P2,0,q01,1,0.9970121383666992,1
item_02782,cleft,P2,1,q10,0,0.9971684813499451,0
item_02783,topical,P2,0,q01,0,0.9852516651153564,0
item_02783,topical,P2,1,q10,1,0.9716269373893738,1
item_02785,active,P2,0,q01,1,0.9993126392364502,1
item_02785,active,P2,1,q10,0,0.9992153644561768,0
item_02786,passive,P2,0,q01,0,0.9995023012161255,0
item_02786,passive,P2,1,q10,1,0.9994674324989319,1
item_02787,cleft,P2,0,q01,1,0.998023271560669,1
item_02787,cleft,P2,1,q10,0,0.9977922439575195,0
item_02788,topical,P2,0,q01,0,0.9871498346328735,0
item_02788,topical,P2,1,q10,1,0.9814963936805725,1
item_02790,active,P2,0,q01,1,0.9992430210113525,1
item_02790,active,P2,1,q10,0,0.9994945526123047,0
item_02791,passive,P2,0,q01,0,0.9995381832122803,0
item_02791,passive,P2,1,q10,1,0.9993813037872314,1
item_02792,cleft,P2,0,q01,1,0.9972208738327026,1
item_02792,cleft,P2,1,q10,0,0.9985522627830505,0
item_02793,topical,P2,0,q01,0,0.9902637004852295,0
item_02793,topical,P2,1,q10,1,0.9844678044319153,1
item_02795,active,P2,0,q01,1,0.9994553923606873,1
item_02795,active,P2,1,q10,0,0.999518871307373,0
item_02796,passive,P2,0,q01,0,0.9995856881141663,0
item_02796,passive,P2,1,q10,1,0.9994792342185974,1
item_02797,cleft,P2,0,q01,1,0.9984612464904785,1
item_02797,cleft,P2,1,q10,0,0.9986041188240051,0
item_02798,topical,P2,0,q01,0,0.9918758869171143,0
item_02798,topical,P2,1,q10,1,0.987086296081543,1
item_02800,active,P2,0,q01,1,0.9994544386863708,1
item_02800,active,P2,1,q10,0,0.9994899034500122,0
item_02801,passive,P2,0,q01,0,0.9995515942573547,0
item_02801,passive,P2,1,q10,1,0.9994785189628601,1
item_02802,cleft,P2,0,q01,1,0.9983273148536682,1
item_02802,cleft,P2,1,q10,0,0.9985211491584778,0
item_02803,topical,P2,0,q01,0,0.9673113226890564,0
item_02803,topical,P2,1,q10,1,0.9484832882881165,1
item_02805,active,P2,0,q01,1,0.9993705153465271,1
item_02805,active,P2,1,q10,0,0.9992412328720093,0
item_02806,passive,P2,0,q01,0,0.9992161989212036,0
item_02806,passive,P2,1,q10,1,0.9991714954376221,1
item_02807,cleft,P2,0,q01,1,0.995928943157196,1
item_02807,cleft,P2,1,q10,0,0.9953709244728088,0
item_02808,topical,P2,0,q01,0,0.9712983965873718,0
item_02808,topical,P2,1,q10,1,0.9768220782279968,1
item_02810,active,P2,0,q01,1,0.999351441860199,1
item_02810,active,P2,1,q10,0,0.9993721842765808,0
item_02811,passive,P2,0,q01,0,0.9993743300437927,0
item_02811,passive,P2,1,q10,1,0.9990822076797485,1
item_02812,cleft,P2,0,q01,1,0.9946141839027405,1
item_02812,cleft,P2,1,q10,0,0.9954174757003784,0
item_02813,topical,P2,0,q01,0,0.8203290700912476,0
item_02813,topical,P2,1,q10,1,0.6567012071609497,1
item_02815,active,P2,0,q01,1,0.9990525841712952,1
item_02815,active,P2,1,q10,0,0.9987491369247437,0
item_02816,passive,P2,0,q01,0,0.9991592168807983,0
item_02816,passive,P2,1,q10,1,0.9992258548736572,1
item_02817,cleft,P2,0,q01,1,0.9943650960922241,1
item_02817,cleft,P2,1,q10,0,0.9908378720283508,0
item_02818,topical,P2,0,q01,0,0.749945878982544,0
item_02818,topical,P2,1,q10,1,0.705078125,1
item_02820,active,P2,0,q01,1,0.9994526505470276,1
item_02820,active,P2,1,q10,0,0.9993786811828613,0
item_02821,passive,P2,0,q01,0,0.9993985891342163,0
item_02821,passive,P2,1,q10,1,0.9994716048240662,1
item_02822,cleft,P2,0,q01,1,0.9977350234985352,1
item_02822,cleft,P2,1,q10,0,0.9969898462295532,0
item_02823,topical,P2,0,q01,0,0.9668430685997009,0
item_02823,topical,P2,1,q10,1,0.9675475358963013,1
item_02825,active,P2,0,q01,1,0.9994695782661438,1
item_02825,active,P2,1,q10,0,0.9993044137954712,0
item_02826,passive,P2,0,q01,0,0.9994543194770813,0
item_02826,passive,P2,1,q10,1,0.9995235204696655,1
item_02827,cleft,P2,0,q01,1,0.9987313151359558,1
item_02827,cleft,P2,1,q10,0,0.9982482194900513,0
item_02828,topical,P2,0,q01,0,0.9960522651672363,0
item_02828,topical,P2,1,q10,1,0.9957937002182007,1
item_02830,active,P2,0,q01,1,0.9991016387939453,1
item_02830,active,P2,1,q10,0,0.9992604851722717,0
item_02831,passive,P2,0,q01,0,0.9995525479316711,0
item_02831,passive,P2,1,q10,1,0.9994383454322815,1
item_02832,cleft,P2,0,q01,1,0.995755672454834,1
item_02832,cleft,P2,1,q10,0,0.9956396818161011,0
item_02833,topical,P2,0,q01,0,0.9593285918235779,0
item_02833,topical,P2,1,q10,1,0.9188516139984131,1
item_02835,active,P2,0,q01,1,0.9994227886199951,1
item_02835,active,P2,1,q10,0,0.9994481205940247,0
item_02836,passive,P2,0,q01,0,0.9994165897369385,0
item_02836,passive,P2,1,q10,1,0.9994282126426697,1
item_02837,cleft,P2,0,q01,1,0.9980689883232117,1
item_02837,cleft,P2,1,q10,0,0.998184859752655,0
item_02838,topical,P2,0,q01,0,0.9845389723777771,0
item_02838,topical,P2,1,q10,1,0.9792455434799194,1
item_02840,active,P2,0,q01,1,0.9994854927062988,1
item_02840,active,P2,1,q10,0,0.9994379878044128,0
item_02841,passive,P2,0,q01,0,0.9994742274284363,0
item_02841,passive,P2,1,q10,1,0.9995730519294739,1
item_02842,cleft,P2,0,q01,1,0.9973244667053223,1
item_02842,cleft,P2,1,q10,0,0.9963005781173706,0
item_02843,topical,P2,0,q01,0,0.43771234154701233,1
item_02843,topical,P2,1,q10,1,0.48327410221099854,0
item_02845,active,P2,0,q01,1,0.9993951320648193,1
item_02845,active,P2,1,q10,0,0.9990493655204773,0
item_02846,passive,P2,0,q01,0,0.9992628693580627,0
item_02846,passive,P2,1,q10,1,0.9995145797729492,1
item_02847,cleft,P2,0,q01,1,0.9965977072715759,1
item_02847,cleft,P2,1,q10,0,0.9931060671806335,0
item_02848,topical,P2,0,q01,0,0.6446651816368103,0
item_02848,topical,P2,1,q10,1,0.7021133899688721,1
item_02850,active,P2,0,q01,1,0.9993847608566284,1
item_02850,active,P2,1,q10,0,0.9993739724159241,0
item_02851,passive,P2,0,q01,0,0.9994552731513977,0
item_02851,passive,P2,1,q10,1,0.9994550347328186,1
item_02852,cleft,P2,0,q01,1,0.998640239238739,1
item_02852,cleft,P2,1,q10,0,0.9986138343811035,0
item_02853,topical,P2,0,q01,0,0.9955874681472778,0
item_02853,topical,P2,1,q10,1,0.9932184815406799,1
item_02855,active,P2,0,q01,1,0.9991759657859802,1
item_02855,active,P2,1,q10,0,0.9990039467811584,0
item_02856,passive,P2,0,q01,0,0.9993932247161865,0
item_02856,passive,P2,1,q10,1,0.9993911981582642,1
item_02857,cleft,P2,0,q01,1,0.9948598146438599,1
item_02857,cleft,P2,1,q10,0,0.9919893145561218,0
item_02858,topical,P2,0,q01,0,0.836284875869751,0
item_02858,topical,P2,1,q10,1,0.8630971908569336,1
item_02860,active,P2,0,q01,1,0.9994552731513977,1
item_02860,active,P2,1,q10,0,0.999275267124176,0
item_02861,passive,P2,0,q01,0,0.9993926286697388,0
item_02861,passive,P2,1,q10,1,0.9995154142379761,1
item_02862,cleft,P2,0,q01,1,0.9985969662666321,1
item_02862,cleft,P2,1,q10,0,0.997393012046814,0
item_02863,topical,P2,0,q01,0,0.9667254090309143,0
item_02863,topical,P2,1,q10,1,0.9679555892944336,1
item_02865,active,P2,0,q01,1,0.999367892742157,1
item_02865,active,P2,1,q10,0,0.9993717074394226,0
item_02866,passive,P2,0,q01,0,0.9994707703590393,0
item_02866,passive,P2,1,q10,1,0.9994599223136902,1
item_02867,cleft,P2,0,q01,1,0.9971261620521545,1
item_02867,cleft,P2,1,q10,0,0.9964312314987183,0
item_02868,topical,P2,0,q01,0,0.9649311900138855,0
item_02868,topical,P2,1,q10,1,0.9584226608276367,1
item_02870,active,P2,0,q01,1,0.99871826171875,1
item_02870,active,P2,1,q10,0,0.998755931854248,0
item_02871,passive,P2,0,q01,0,0.9992984533309937,0
item_02871,passive,P2,1,q10,1,0.9992325305938721,1
item_02872,cleft,P2,0,q01,1,0.9913966059684753,1
item_02872,cleft,P2,1,q10,0,0.9884500503540039,0
item_02873,topical,P2,0,q01,0,0.780146062374115,0
item_02873,topical,P2,1,q10,1,0.8305301666259766,1
item_02875,active,P2,0,q01,1,0.9994775652885437,1
item_02875,active,P2,1,q10,0,0.9995243549346924,0
item_02876,passive,P2,0,q01,0,0.9995555281639099,0
item_02876,passive,P2,1,q10,1,0.9994820952415466,1
item_02877,cleft,P2,0,q01,1,0.9980839490890503,1
item_02877,cleft,P2,1,q10,0,0.9981562495231628,0
item_02878,topical,P2,0,q01,0,0.9888004064559937,0
item_02878,topical,P2,1,q10,1,0.985638439655304,1
item_02880,active,P2,0,q01,1,0.9994242191314697,1
item_02880,active,P2,1,q10,0,0.9995317459106445,0
item_02881,passive,P2,0,q01,0,0.9995723366737366,0
item_02881,passive,P2,1,q10,1,0.9994408488273621,1
item_02882,cleft,P2,0,q01,1,0.9987879395484924,1
item_02882,cleft,P2,1,q10,0,0.9991264939308167,0
item_02883,topical,P2,0,q01,0,0.990597665309906,0
item_02883,topical,P2,1,q10,1,0.976677417755127,1
item_02885,active,P2,0,q01,1,0.9990540146827698,1
item_02885,active,P2,1,q10,0,0.9990262985229492,0
item_02886,passive,P2,0,q01,0,0.9995098114013672,0
item_02886,passive,P2,1,q10,1,0.9995296001434326,1
item_02887,cleft,P2,0,q01,1,0.9972039461135864,1
item_02887,cleft,P2,1,q10,0,0.9960718154907227,0
item_02888,topical,P2,0,q01,0,0.9934632778167725,0
item_02888,topical,P2,1,q10,1,0.9920874238014221,1
item_02890,active,P2,0,q01,1,0.9995006322860718,1
item_02890,active,P2,1,q10,0,0.9994524121284485,0
item_02891,passive,P2,0,q01,0,0.9994834661483765,0
item_02891,passive,P2,1,q10,1,0.9994483590126038,1
item_02892,cleft,P2,0,q01,1,0.9973132014274597,1
item_02892,cleft,P2,1,q10,0,0.9970165491104126,0
item_02893,topical,P2,0,q01,0,0.17181912064552307,1
item_02893,topical,P2,1,q10,1,0.21474198997020721,0
item_02895,active,P2,0,q01,1,0.999392032623291,1
item_02895,active,P2,1,q10,0,0.9994188547134399,0
item_02896,passive,P2,0,q01,0,0.9994749426841736,0
item_02896,passive,P2,1,q10,1,0.9994263648986816,1
item_02897,cleft,P2,0,q01,1,0.9982025623321533,1
item_02897,cleft,P2,1,q10,0,0.998187243938446,0
item_02898,topical,P2,0,q01,0,0.996980607509613,0
item_02898,topical,P2,1,q10,1,0.9960527420043945,1
item_02900,active,P2,0,q01,1,0.9991976618766785,1
item_02900,active,P2,1,q10,0,0.9993652701377869,0
item_02901,passive,P2,0,q01,0,0.9994789958000183,0
item_02901,passive,P2,1,q10,1,0.9993314743041992,1
item_02902,cleft,P2,0,q01,1,0.9969047904014587,1
item_02902,cleft,P2,1,q10,0,0.9976143836975098,0
item_02903,topical,P2,0,q01,0,0.9763110280036926,0
item_02903,topical,P2,1,q10,1,0.9498992562294006,1
item_02905,active,P2,0,q01,1,0.999467670917511,1
item_02905,active,P2,1,q10,0,0.999447762966156,0
item_02906,passive,P2,0,q01,0,0.9994251728057861,0
item_02906,passive,P2,1,q10,1,0.9994832277297974,1
item_02907,cleft,P2,0,q01,1,0.9975860118865967,1
item_02907,cleft,P2,1,q10,0,0.9968360662460327,0
item_02908,topical,P2,0,q01,0,0.9948855042457581,0
item_02908,topical,P2,1,q10,1,0.9943816065788269,1
item_02910,active,P2,0,q01,1,0.9994192123413086,1
item_02910,active,P2,1,q10,0,0.9994434714317322,0
item_02911,passive,P2,0,q01,0,0.9994937181472778,0
item_02911,passive,P2,1,q10,1,0.9994592070579529,1
item_02912,cleft,P2,0,q01,1,0.998007595539093,1
item_02912,cleft,P2,1,q10,0,0.9983910322189331,0
item_02913,topical,P2,0,q01,0,0.9751302599906921,0
item_02913,topical,P2,1,q10,1,0.9502450227737427,1
item_02915,active,P2,0,q01,1,0.9994779229164124,1
item_02915,active,P2,1,q10,0,0.9994219541549683,0
item_02916,passive,P2,0,q01,0,0.9994688630104065,0
item_02916,passive,P2,1,q10,1,0.9994930028915405,1
item_02917,cleft,P2,0,q01,1,0.9983488321304321,1
item_02917,cleft,P2,1,q10,0,0.9972156286239624,0
item_02918,topical,P2,0,q01,0,0.9543984532356262,0
item_02918,topical,P2,1,q10,1,0.9640752673149109,1
item_02920,active,P2,0,q01,1,0.9993042945861816,1
item_02920,active,P2,1,q10,0,0.999481737613678,0
item_02921,passive,P2,0,q01,0,0.9994699358940125,0
item_02921,passive,P2,1,q10,1,0.9992885589599609,1
item_02922,cleft,P2,0,q01,1,0.9971908926963806,1
item_02922,cleft,P2,1,q10,0,0.9984086155891418,0
item_02923,topical,P2,0,q01,0,0.9918034076690674,0
item_02923,topical,P2,1,q10,1,0.9884172081947327,1
item_02925,active,P2,0,q01,1,0.9994432330131531,1
item_02925,active,P2,1,q10,0,0.9995515942573547,0
item_02926,passive,P2,0,q01,0,0.9995471835136414,0
item_02926,passive,P2,1,q10,1,0.999431312084198,1
item_02927,cleft,P2,0,q01,1,0.9982818365097046,1
item_02927,cleft,P2,1,q10,0,0.9983823299407959,0
item_02928,topical,P2,0,q01,0,0.9844607710838318,0
item_02928,topical,P2,1,q10,1,0.9650527238845825,1
item_02930,active,P2,0,q01,1,0.999396800994873,1
item_02930,active,P2,1,q10,0,0.9993545413017273,0
item_02931,passive,P2,0,q01,0,0.999423623085022,0
item_02931,passive,P2,1,q10,1,0.9994958639144897,1
item_02932,cleft,P2,0,q01,1,0.9975584745407104,1
item_02932,cleft,P2,1,q10,0,0.9968273043632507,0
item_02933,topical,P2,0,q01,0,0.829692542552948,0
item_02933,topical,P2,1,q10,1,0.7966126799583435,1
item_02935,active,P2,0,q01,1,0.9993960857391357,1
item_02935,active,P2,1,q10,0,0.99950110912323,0
item_02936,passive,P2,0,q01,0,0.9994018077850342,0
item_02936,passive,P2,1,q10,1,0.9993007183074951,1
item_02937,cleft,P2,0,q01,1,0.9964295029640198,1
item_02937,cleft,P2,1,q10,0,0.996728777885437,0
item_02938,topical,P2,0,q01,0,0.1767565757036209,1
item_02938,topical,P2,1,q10,1,0.13426534831523895,0
item_02940,active,P2,0,q01,1,0.9994373917579651,1
item_02940,active,P2,1,q10,0,0.9995043277740479,0
item_02941,passive,P2,0,q01,0,0.9994903802871704,0
item_02941,passive,P2,1,q10,1,0.9994493126869202,1
item_02942,cleft,P2,0,q01,1,0.998210072517395,1
item_02942,cleft,P2,1,q10,0,0.9982044696807861,0
item_02943,topical,P2,0,q01,0,0.9866982698440552,0
item_02943,topical,P2,1,q10,1,0.9815168380737305,1
item_02945,active,P2,0,q01,1,0.9994990825653076,1
item_02945,active,P2,1,q10,0,0.9995061159133911,0
item_02946,passive,P2,0,q01,0,0.999518871307373,0
item_02946,passive,P2,1,q10,1,0.9994865655899048,1
item_02947,cleft,P2,0,q01,1,0.9985721111297607,1
item_02947,cleft,P2,1,q10,0,0.9983273148536682,0
item_02948,topical,P2,0,q01,0,0.8923390507698059,0
item_02948,topical,P2,1,q10,1,0.8420678973197937,1
item_02950,active,P2,0,q01,1,0.9994427561759949,1
item_02950,active,P2,1,q10,0,0.9993330836296082,0
item_02951,passive,P2,0,q01,0,0.9993258714675903,0
item_02951,passive,P2,1,q10,1,0.9994195699691772,1
item_02952,cleft,P2,0,q01,1,0.9981387853622437,1
item_02952,cleft,P2,1,q10,0,0.998379111289978,0
item_02953,topical,P2,0,q01,0,0.979550302028656,0
item_02953,topical,P2,1,q10,1,0.9667123556137085,1
item_02955,active,P2,0,q01,1,0.9994786381721497,1
item_02955,active,P2,1,q10,0,0.9993975162506104,0
item_02956,passive,P2,0,q01,0,0.9994018077850342,0
item_02956,passive,P2,1,q10,1,0.9994070529937744,1
item_02957,cleft,P2,0,q01,1,0.9982417821884155,1
item_02957,cleft,P2,1,q10,0,0.9981391429901123,0
item_02958,topical,P2,0,q01,0,0.9749222993850708,0
item_02958,topical,P2,1,q10,1,0.969290018081665,1
item_02960,active,P2,0,q01,1,0.9985463619232178,1
item_02960,active,P2,1,q10,0,0.9975510239601135,0
item_02961,passive,P2,0,q01,0,0.9981830716133118,0
item_02961,passive,P2,1,q10,1,0.9987748265266418,1
item_02962,cleft,P2,0,q01,1,0.9899589419364929,1
item_02962,cleft,P2,1,q10,0,0.9824076294898987,0
item_02963,topical,P2,0,q01,0,0.5692986845970154,0
item_02963,topical,P2,1,q10,1,0.6891865730285645,1
item_02965,active,P2,0,q01,1,0.9992096424102783,1
item_02965,active,P2,1,q10,0,0.9994282126426697,0
item_02966,passive,P2,0,q01,0,0.9995131492614746,0
item_02966,passive,P2,1,q10,1,0.9993428587913513,1
item_02967,cleft,P2,0,q01,1,0.9971091151237488,1
item_02967,cleft,P2,1,q10,0,0.9982750415802002,0
item_02968,topical,P2,0,q01,0,0.9869071245193481,0
item_02968,topical,P2,1,q10,1,0.9863271713256836,1
item_02970,active,P2,0,q01,1,0.9990266561508179,1
item_02970,active,P2,1,q10,0,0.9987488985061646,0
item_02971,passive,P2,0,q01,0,0.999148964881897,0
item_02971,passive,P2,1,q10,1,0.9991446733474731,1
item_02972,cleft,P2,0,q01,1,0.9942494630813599,1
item_02972,cleft,P2,1,q10,0,0.9923079013824463,0
item_02973,topical,P2,0,q01,0,0.6579195261001587,0
item_02973,topical,P2,1,q10,1,0.7243709564208984,1
item_02975,active,P2,0,q01,1,0.9994519352912903,1
item_02975,active,P2,1,q10,0,0.9994230270385742,0
item_02976,passive,P2,0,q01,0,0.9994716048240662,0
item_02976,passive,P2,1,q10,1,0.9994431138038635,1
item_02977,cleft,P2,0,q01,1,0.9982929825782776,1
item_02977,cleft,P2,1,q10,0,0.998103141784668,0
item_02978,topical,P2,0,q01,0,0.9663659334182739,0
item_02978,topical,P2,1,q10,1,0.9480156302452087,1
item_02980,active,P2,0,q01,1,0.9990478157997131,1
item_02980,active,P2,1,q10,0,0.9989805817604065,0
item_02981,passive,P2,0,q01,0,0.9991880059242249,0
item_02981,passive,P2,1,q10,1,0.9993525147438049,1
item_02982,cleft,P2,0,q01,1,0.9960505366325378,1
item_02982,cleft,P2,1,q10,0,0.9953315854072571,0
item_02983,topical,P2,0,q01,0,0.8168915510177612,0
item_02983,topical,P2,1,q10,1,0.8901418447494507,1
item_02985,active,P2,0,q01,1,0.9993465542793274,1
item_02985,active,P2,1,q10,0,0.999451220035553,0
item_02986,passive,P2,0,q01,0,0.9994949102401733,0
item_02986,passive,P2,1,q10,1,0.999478280544281,1
item_02987,cleft,P2,0,q01,1,0.9980975985527039,1
item_02987,cleft,P2,1,q10,0,0.9979547262191772,0
item_02988,topical,P2,0,q01,0,0.9231469035148621,0
item_02988,topical,P2,1,q10,1,0.8850091695785522,1
item_02990,active,P2,0,q01,1,0.9993011951446533,1
item_02990,active,P2,1,q10,0,0.9993813037872314,0
item_02991,passive,P2,0,q01,0,0.9994744658470154,0
item_02991,passive,P2,1,q10,1,0.9994332194328308,1
item_02992,cleft,P2,0,q01,1,0.9969015121459961,1
item_02992,cleft,P2,1,q10,0,0.9973350167274475,0
item_02993,topical,P2,0,q01,0,0.9810583591461182,0
item_02993,topical,P2,1,q10,1,0.971791684627533,1
item_02995,active,P2,0,q01,1,0.9994706511497498,1
item_02995,active,P2,1,q10,0,0.9993195533752441,0
item_02996,passive,P2,0,q01,0,0.9994086027145386,0
item_02996,passive,P2,1,q10,1,0.999548614025116,1
item_02997,cleft,P2,0,q01,1,0.9976321458816528,1
item_02997,cleft,P2,1,q10,0,0.9955971837043762,0
item_02998,topical,P2,0,q01,0,0.9957526922225952,0
item_02998,topical,P2,1,q10,1,0.9949711561203003,1
item_03000,active,P2,0,q01,1,0.9993810653686523,1
item_03000,active,P2,1,q10,0,0.9994476437568665,0
item_03001,passive,P2,0,q01,0,0.9994226694107056,0
item_03001,passive,P2,1,q10,1,0.999357283115387,1
item_03002,cleft,P2,0,q01,1,0.9979311227798462,1
item_03002,cleft,P2,1,q10,0,0.997899055480957,0
item_03003,topical,P2,0,q01,0,0.9946586489677429,0
item_03003,topical,P2,1,q10,1,0.9933079481124878,1
item_03005,active,P2,0,q01,1,0.9994342923164368,1
item_03005,active,P2,1,q10,0,0.9994465708732605,0
item_03006,passive,P2,0,q01,0,0.9994924068450928,0
item_03006,passive,P2,1,q10,1,0.9994850158691406,1
item_03007,cleft,P2,0,q01,1,0.9984349608421326,1
item_03007,cleft,P2,1,q10,0,0.9981504082679749,0
item_03008,topical,P2,0,q01,0,0.9836815595626831,0
item_03008,topical,P2,1,q10,1,0.9781287312507629,1
item_03010,active,P2,0,q01,1,0.998696506023407,1
item_03010,active,P2,1,q10,0,0.9991044402122498,0
item_03011,passive,P2,0,q01,0,0.999488353729248,0
item_03011,passive,P2,1,q10,1,0.9991199374198914,1
item_03012,cleft,P2,0,q01,1,0.9954675436019897,1
item_03012,cleft,P2,1,q10,0,0.9959452748298645,0
item_03013,topical,P2,0,q01,0,0.9409239292144775,0
item_03013,topical,P2,1,q10,1,0.8529437780380249,1
item_03015,active,P2,0,q01,1,0.999519944190979,1
item_03015,active,P2,1,q10,0,0.9993579983711243,0
item_03016,passive,P2,0,q01,0,0.9994056224822998,0
item_03016,passive,P2,1,q10,1,0.9995102882385254,1
item_03017,cleft,P2,0,q01,1,0.9974424839019775,1
item_03017,cleft,P2,1,q10,0,0.9954155683517456,0
item_03018,topical,P2,0,q01,0,0.9908828139305115,0
item_03018,topical,P2,1,q10,1,0.9908033609390259,1
item_03020,active,P2,0,q01,1,0.9994435906410217,1
item_03020,active,P2,1,q10,0,0.9991685152053833,0
item_03021,passive,P2,0,q01,0,0.9990818500518799,0
item_03021,passive,P2,1,q10,1,0.9992201328277588,1
item_03022,cleft,P2,0,q01,1,0.9967032074928284,1
item_03022,cleft,P2,1,q10,0,0.9932772517204285,0
item_03023,topical,P2,0,q01,0,0.9149259328842163,0
item_03023,topical,P2,1,q10,1,0.9423649907112122,1
item_03025,active,P2,0,q01,1,0.9994350075721741,1
item_03025,active,P2,1,q10,0,0.9992233514785767,0
item_03026,passive,P2,0,q01,0,0.9993159770965576,0
item_03026,passive,P2,1,q10,1,0.9993966817855835,1
item_03027,cleft,P2,0,q01,1,0.997488260269165,1
item_03027,cleft,P2,1,q10,0,0.9966776371002197,0
item_03028,topical,P2,0,q01,0,0.984818160533905,0
item_03028,topical,P2,1,q10,1,0.9887142777442932,1
item_03030,active,P2,0,q01,1,0.9994738698005676,1
item_03030,active,P2,1,q10,0,0.9994893074035645,0
item_03031,passive,P2,0,q01,0,0.9995449185371399,0
item_03031,passive,P2,1,q10,1,0.9994939565658569,1
item_03032,cleft,P2,0,q01,1,0.9979107975959778,1
item_03032,cleft,P2,1,q10,0,0.9979263544082642,0
item_03033,topical,P2,0,q01,0,0.8079580068588257,0
item_03033,topical,P2,1,q10,1,0.7268303632736206,1
item_03035,active,P2,0,q01,1,0.9991375207901001,1
item_03035,active,P2,1,q10,0,0.9988011121749878,0
item_03036,passive,P2,0,q01,0,0.9991586208343506,0
item_03036,passive,P2,1,q10,1,0.9993473887443542,1
item_03037,cleft,P2,0,q01,1,0.9959918856620789,1
item_03037,cleft,P2,1,q10,0,0.9923381209373474,0
item_03038,topical,P2,0,q01,0,0.5454468131065369,0
item_03038,topical,P2,1,q10,1,0.7205864787101746,1
item_03040,active,P2,0,q01,1,0.9991785883903503,1
item_03040,active,P2,1,q10,0,0.9993689656257629,0
item_03041,passive,P2,0,q01,0,0.9995569586753845,0
item_03041,passive,P2,1,q10,1,0.9994422793388367,1
item_03042,cleft,P2,0,q01,1,0.9966151118278503,1
item_03042,cleft,P2,1,q10,0,0.9975467324256897,0
item_03043,topical,P2,0,q01,0,0.9784564971923828,0
item_03043,topical,P2,1,q10,1,0.9392812252044678,1
item_03045,active,P2,0,q01,1,0.9994860887527466,1
item_03045,active,P2,1,q10,0,0.9994601607322693,0
item_03046,passive,P2,0,q01,0,0.9994564652442932,0
item_03046,passive,P2,1,q10,1,0.9995598196983337,1
item_03047,cleft,P2,0,q01,1,0.997785210609436,1
item_03047,cleft,P2,1,q10,0,0.9972389936447144,0
item_03048,topical,P2,0,q01,0,0.9622030258178711,0
item_03048,topical,P2,1,q10,1,0.9600003957748413,1
item_03050,active,P2,0,q01,1,0.9993158578872681,1
item_03050,active,P2,1,q10,0,0.9992432594299316,0
item_03051,passive,P2,0,q01,0,0.9994680285453796,0
item_03051,passive,P2,1,q10,1,0.9995212554931641,1
item_03052,cleft,P2,0,q01,1,0.9981313347816467,1
item_03052,cleft,P2,1,q10,0,0.9972314238548279,0
item_03053,topical,P2,0,q01,0,0.971315860748291,0
item_03053,topical,P2,1,q10,1,0.9696689248085022,1
item_03055,active,P2,0,q01,1,0.9993370175361633,1
item_03055,active,P2,1,q10,0,0.9991484880447388,0
item_03056,passive,P2,0,q01,0,0.9994258880615234,0
item_03056,passive,P2,1,q10,1,0.9994392991065979,1
item_03057,cleft,P2,0,q01,1,0.9973666071891785,1
item_03057,cleft,P2,1,q10,0,0.9972431659698486,0
item_03058,topical,P2,0,q01,0,0.9861853718757629,0
item_03058,topical,P2,1,q10,1,0.9833015203475952,1
item_03060,active,P2,0,q01,1,0.998583197593689,1
item_03060,active,P2,1,q10,0,0.9989758729934692,0
item_03061,passive,P2,0,q01,0,0.9995200634002686,0
item_03061,passive,P2,1,q10,1,0.9992737174034119,1
item_03062,cleft,P2,0,q01,1,0.996569037437439,1
item_03062,cleft,P2,1,q10,0,0.9970918893814087,0
item_03063,topical,P2,0,q01,0,0.8519028425216675,0
item_03063,topical,P2,1,q10,1,0.6930310130119324,1
item_03065,active,P2,0,q01,1,0.9994682669639587,1
item_03065,active,P2,1,q10,0,0.9995185136795044,0
item_03066,passive,P2,0,q01,0,0.9995261430740356,0
item_03066,passive,P2,1,q10,1,0.9994848966598511,1
item_03067,cleft,P2,0,q01,1,0.9986825585365295,1
item_03067,cleft,P2,1,q10,0,0.9985672235488892,0
item_03068,topical,P2,0,q01,0,0.9688509702682495,0
item_03068,topical,P2,1,q10,1,0.9576469659805298,1
item_03070,active,P2,0,q01,1,0.9990814924240112,1
item_03070,active,P2,1,q10,0,0.9990741014480591,0
item_03071,passive,P2,0,q01,0,0.9994082450866699,0
item_03071,passive,P2,1,q10,1,0.9992700219154358,1
item_03072,cleft,P2,0,q01,1,0.9962257146835327,1
item_03072,cleft,P2,1,q10,0,0.9965496063232422,0
item_03073,topical,P2,0,q01,0,0.9938458800315857,0
item_03073,topical,P2,1,q10,1,0.9905295968055725,1
item_03075,active,P2,0,q01,1,0.9994869232177734,1
item_03075,active,P2,1,q10,0,0.9993665814399719,0
item_03076,passive,P2,0,q01,0,0.9994087219238281,0
item_03076,passive,P2,1,q10,1,0.999479353427887,1
item_03077,cleft,P2,0,q01,1,0.9985975623130798,1
item_03077,cleft,P2,1,q10,0,0.9984295964241028,0
item_03078,topical,P2,0,q01,0,0.9915135502815247,0
item_03078,topical,P2,1,q10,1,0.9867923259735107,1
item_03080,active,P2,0,q01,1,0.9993342757225037,1
item_03080,active,P2,1,q10,0,0.9993429780006409,0
item_03081,passive,P2,0,q01,0,0.9994032382965088,0
item_03081,passive,P2,1,q10,1,0.9993444085121155,1
item_03082,cleft,P2,0,q01,1,0.9971376657485962,1
item_03082,cleft,P2,1,q10,0,0.996263325214386,0
item_03083,topical,P2,0,q01,0,0.9773073196411133,0
item_03083,topical,P2,1,q10,1,0.9751636981964111,1
item_03085,active,P2,0,q01,1,0.9989181756973267,1
item_03085,active,P2,1,q10,0,0.9987412095069885,0
item_03086,passive,P2,0,q01,0,0.998883068561554,0
item_03086,passive,P2,1,q10,1,0.9982349872589111,1
item_03087,cleft,P2,0,q01,1,0.990544319152832,1
item_03087,cleft,P2,1,q10,0,0.9904237389564514,0
item_03088,topical,P2,0,q01,0,0.751846969127655,0
item_03088,topical,P2,1,q10,1,0.7405993938446045,1
item_03090,active,P2,0,q01,1,0.9993332028388977,1
item_03090,active,P2,1,q10,0,0.9991693496704102,0
item_03091,passive,P2,0,q01,0,0.9995250701904297,0
item_03091,passive,P2,1,q10,1,0.999500036239624,1
item_03092,cleft,P2,0,q01,1,0.9975346326828003,1
item_03092,cleft,P2,1,q10,0,0.997132420539856,0
item_03093,topical,P2,0,q01,0,0.9950852990150452,0
item_03093,topical,P2,1,q10,1,0.9924913048744202,1
item_03095,active,P2,0,q01,1,0.999535322189331,1
item_03095,active,P2,1,q10,0,0.9994609951972961,0
item_03096,passive,P2,0,q01,0,0.9994578957557678,0
item_03096,passive,P2,1,q10,1,0.999512791633606,1
item_03097,cleft,P2,0,q01,1,0.9985899329185486,1
item_03097,cleft,P2,1,q10,0,0.9982141256332397,0
item_03098,topical,P2,0,q01,0,0.9894596338272095,0
item_03098,topical,P2,1,q10,1,0.9943636655807495,1
item_03100,active,P2,0,q01,1,0.9991084933280945,1
item_03100,active,P2,1,q10,0,0.999091386795044,0
item_03101,passive,P2,0,q01,0,0.9994068145751953,0
item_03101,passive,P2,1,q10,1,0.9993526339530945,1
item_03102,cleft,P2,0,q01,1,0.997065007686615,1
item_03102,cleft,P2,1,q10,0,0.9963376522064209,0
item_03103,topical,P2,0,q01,0,0.9043518900871277,0
item_03103,topical,P2,1,q10,1,0.8677812814712524,1
item_03105,active,P2,0,q01,1,0.9991545677185059,1
item_03105,active,P2,1,q10,0,0.998583197593689,0
item_03106,passive,P2,0,q01,0,0.9991557598114014,0
item_03106,passive,P2,1,q10,1,0.999036431312561,1
item_03107,cleft,P2,0,q01,1,0.9952595829963684,1
item_03107,cleft,P2,1,q10,0,0.9931117296218872,0
item_03108,topical,P2,0,q01,0,0.9304192662239075,0
item_03108,topical,P2,1,q10,1,0.9310821890830994,1
item_03110,active,P2,0,q01,1,0.9994853734970093,1
item_03110,active,P2,1,q10,0,0.9994558691978455,0
item_03111,passive,P2,0,q01,0,0.999491810798645,0
item_03111,passive,P2,1,q10,1,0.9994766116142273,1
item_03112,cleft,P2,0,q01,1,0.9981947541236877,1
item_03112,cleft,P2,1,q10,0,0.9983204007148743,0
item_03113,topical,P2,0,q01,0,0.9708068370819092,0
item_03113,topical,P2,1,q10,1,0.9649773836135864,1
item_03115,active,P2,0,q01,1,0.9992116689682007,1
item_03115,active,P2,1,q10,0,0.9994644522666931,0
item_03116,passive,P2,0,q01,0,0.9996126294136047,0
item_03116,passive,P2,1,q10,1,0.9994068145751953,1
item_03117,cleft,P2,0,q01,1,0.9978612065315247,1
item_03117,cleft,P2,1,q10,0,0.9986234903335571,0
item_03118,topical,P2,0,q01,0,0.9871288537979126,0
item_03118,topical,P2,1,q10,1,0.9711054563522339,1
item_03120,active,P2,0,q01,1,0.9994426369667053,1
item_03120,active,P2,1,q10,0,0.9994462132453918,0
item_03121,passive,P2,0,q01,0,0.9995325803756714,0
item_03121,passive,P2,1,q10,1,0.9994733929634094,1
item_03122,cleft,P2,0,q01,1,0.9980570673942566,1
item_03122,cleft,P2,1,q10,0,0.9981210827827454,0
item_03123,topical,P2,0,q01,0,0.9920129179954529,0
item_03123,topical,P2,1,q10,1,0.9896560907363892,1
item_03125,active,P2,0,q01,1,0.999403715133667,1
item_03125,active,P2,1,q10,0,0.9993649125099182,0
item_03126,passive,P2,0,q01,0,0.9993917942047119,0
item_03126,passive,P2,1,q10,1,0.9993953704833984,1
item_03127,cleft,P2,0,q01,1,0.9982656836509705,1
item_03127,cleft,P2,1,q10,0,0.9979844093322754,0
item_03128,topical,P2,0,q01,0,0.6980159282684326,0
item_03128,topical,P2,1,q10,1,0.598419725894928,1
item_03130,active,P2,0,q01,1,0.9990072846412659,1
item_03130,active,P2,1,q10,0,0.9985712766647339,0
item_03131,passive,P2,0,q01,0,0.9987700581550598,0
item_03131,passive,P2,1,q10,1,0.9988055229187012,1
item_03132,cleft,P2,0,q01,1,0.9907235503196716,1
item_03132,cleft,P2,1,q10,0,0.9847301840782166,0
item_03133,topical,P2,0,q01,0,0.5367045402526855,0
item_03133,topical,P2,1,q10,1,0.6859058141708374,1
item_03135,active,P2,0,q01,1,0.9992625117301941,1
item_03135,active,P2,1,q10,0,0.9994705319404602,0
item_03136,passive,P2,0,q01,0,0.999567449092865,0
item_03136,passive,P2,1,q10,1,0.9994127750396729,1
item_03137,cleft,P2,0,q01,1,0.9973586201667786,1
item_03137,cleft,P2,1,q10,0,0.9982240796089172,0
item_03138,topical,P2,0,q01,0,0.9938650727272034,0
item_03138,topical,P2,1,q10,1,0.989212155342102,1
item_03140,active,P2,0,q01,1,0.9995328187942505,1
item_03140,active,P2,1,q10,0,0.9995170831680298,0
item_03141,passive,P2,0,q01,0,0.9994945526123047,0
item_03141,passive,P2,1,q10,1,0.999565064907074,1
item_03142,cleft,P2,0,q01,1,0.9981252551078796,1
item_03142,cleft,P2,1,q10,0,0.997689962387085,0
item_03143,topical,P2,0,q01,0,0.9547601938247681,0
item_03143,topical,P2,1,q10,1,0.9465391039848328,1
item_03145,active,P2,0,q01,1,0.9994458556175232,1
item_03145,active,P2,1,q10,0,0.9994284510612488,0
item_03146,passive,P2,0,q01,0,0.9994389414787292,0
item_03146,passive,P2,1,q10,1,0.9994795918464661,1
item_03147,cleft,P2,0,q01,1,0.9981328845024109,1
item_03147,cleft,P2,1,q10,0,0.9978222846984863,0
item_03148,topical,P2,0,q01,0,0.9921750426292419,0
item_03148,topical,P2,1,q10,1,0.9903807044029236,1
item_03150,active,P2,0,q01,1,0.999473512172699,1
item_03150,active,P2,1,q10,0,0.9994350075721741,0
item_03151,passive,P2,0,q01,0,0.9994007349014282,0
item_03151,passive,P2,1,q10,1,0.9993664622306824,1
item_03152,cleft,P2,0,q01,1,0.9967645406723022,1
item_03152,cleft,P2,1,q10,0,0.9966951608657837,0
item_03153,topical,P2,0,q01,0,0.9896094799041748,0
item_03153,topical,P2,1,q10,1,0.9877804517745972,1
item_03155,active,P2,0,q01,1,0.9991747736930847,1
item_03155,active,P2,1,q10,0,0.9994480013847351,0
item_03156,passive,P2,0,q01,0,0.9995359182357788,0
item_03156,passive,P2,1,q10,1,0.9993320107460022,1
item_03157,cleft,P2,0,q01,1,0.9966713786125183,1
item_03157,cleft,P2,1,q10,0,0.9980216026306152,0
item_03158,topical,P2,0,q01,0,0.9895796179771423,0
item_03158,topical,P2,1,q10,1,0.9816774725914001,1
item_03160,active,P2,0,q01,1,0.9991745352745056,1
item_03160,active,P2,1,q10,0,0.9993582367897034,0
item_03161,passive,P2,0,q01,0,0.9994914531707764,0
item_03161,passive,P2,1,q10,1,0.9993158578872681,1
item_03162,cleft,P2,0,q01,1,0.9966122508049011,1
item_03162,cleft,P2,1,q10,0,0.9974086880683899,0
item_03163,topical,P2,0,q01,0,0.9961295127868652,0
item_03163,topical,P2,1,q10,1,0.9944161176681519,1
item_03165,active,P2,0,q01,1,0.9994657635688782,1
item_03165,active,P2,1,q10,0,0.9993664622306824,0
item_03166,passive,P2,0,q01,0,0.9994539618492126,0
item_03166,passive,P2,1,q10,1,0.99950110912323,1
item_03167,cleft,P2,0,q01,1,0.9984452128410339,1
item_03167,cleft,P2,1,q10,0,0.9979134202003479,0
item_03168,topical,P2,0,q01,0,0.9956737160682678,0
item_03168,topical,P2,1,q10,1,0.9946080446243286,1
item_03170,active,P2,0,q01,1,0.9991088509559631,1
item_03170,active,P2,1,q10,0,0.9991567134857178,0
item_03171,passive,P2,0,q01,0,0.9994818568229675,0
item_03171,passive,P2,1,q10,1,0.9994352459907532,1
item_03172,cleft,P2,0,q01,1,0.997107207775116,1
item_03172,cleft,P2,1,q10,0,0.9973948001861572,0
item_03173,topical,P2,0,q01,0,0.9490346312522888,0
item_03173,topical,P2,1,q10,1,0.9339226484298706,1
item_03175,active,P2,0,q01,1,0.9994029998779297,1
item_03175,active,P2,1,q10,0,0.9993715882301331,0
item_03176,passive,P2,0,q01,0,0.9993649125099182,0
item_03176,passive,P2,1,q10,1,0.9993909597396851,1
item_03177,cleft,P2,0,q01,1,0.9972460269927979,1
item_03177,cleft,P2,1,q10,0,0.9965684413909912,0
item_03178,topical,P2,0,q01,0,0.9169736504554749,0
item_03178,topical,P2,1,q10,1,0.926010012626648,1
item_03180,active,P2,0,q01,1,0.9994097948074341,1
item_03180,active,P2,1,q10,0,0.99933260679245,0
item_03181,passive,P2,0,q01,0,0.9993448853492737,0
item_03181,passive,P2,1,q10,1,0.9994261264801025,1
item_03182,cleft,P2,0,q01,1,0.9976880550384521,1
item_03182,cleft,P2,1,q10,0,0.9972814321517944,0
item_03183,topical,P2,0,q01,0,0.8211802840232849,0
item_03183,topical,P2,1,q10,1,0.8141487240791321,1
item_03185,active,P2,0,q01,1,0.9994958639144897,1
item_03185,active,P2,1,q10,0,0.9993785619735718,0
item_03186,passive,P2,0,q01,0,0.9995248317718506,0
item_03186,passive,P2,1,q10,1,0.9995105266571045,1
item_03187,cleft,P2,0,q01,1,0.9986440539360046,1
item_03187,cleft,P2,1,q10,0,0.9980961680412292,0
item_03188,topical,P2,0,q01,0,0.8656548857688904,0
item_03188,topical,P2,1,q10,1,0.8861210942268372,1
item_03190,active,P2,0,q01,1,0.9992172718048096,1
item_03190,active,P2,1,q10,0,0.9992241859436035,0
item_03191,passive,P2,0,q01,0,0.9994755387306213,0
item_03191,passive,P2,1,q10,1,0.9994059801101685,1
item_03192,cleft,P2,0,q01,1,0.996855616569519,1
item_03192,cleft,P2,1,q10,0,0.9969267249107361,0
item_03193,topical,P2,0,q01,0,0.9745397567749023,0
item_03193,topical,P2,1,q10,1,0.9572511315345764,1
item_03195,active,P2,0,q01,1,0.9991397857666016,1
item_03195,active,P2,1,q10,0,0.9987842440605164,0
item_03196,passive,P2,0,q01,0,0.9986560344696045,0
item_03196,passive,P2,1,q10,1,0.9991815686225891,1
item_03197,cleft,P2,0,q01,1,0.9955833554267883,1
item_03197,cleft,P2,1,q10,0,0.9931319355964661,0
item_03198,topical,P2,0,q01,0,0.9229163527488708,0
item_03198,topical,P2,1,q10,1,0.9549440741539001,1
item_03200,active,P2,0,q01,1,0.9992396831512451,1
item_03200,active,P2,1,q10,0,0.9989390969276428,0
item_03201,passive,P2,0,q01,0,0.9989745616912842,0
item_03201,passive,P2,1,q10,1,0.9988844990730286,1
item_03202,cleft,P2,0,q01,1,0.991998016834259,1
item_03202,cleft,P2,1,q10,0,0.9902637004852295,0
item_03203,topical,P2,0,q01,0,0.6718660593032837,0
item_03203,topical,P2,1,q10,1,0.7829115390777588,1
item_03205,active,P2,0,q01,1,0.9991071820259094,1
item_03205,active,P2,1,q10,0,0.9993577599525452,0
item_03206,passive,P2,0,q01,0,0.9995216131210327,0
item_03206,passive,P2,1,q10,1,0.9993590712547302,1
item_03207,cleft,P2,0,q01,1,0.9942770600318909,1
item_03207,cleft,P2,1,q10,0,0.9968124032020569,0
item_03208,topical,P2,0,q01,0,0.9925587177276611,0
item_03208,topical,P2,1,q10,1,0.9832066297531128,1
item_03210,active,P2,0,q01,1,0.9994943141937256,1
item_03210,active,P2,1,q10,0,0.9994951486587524,0
item_03211,passive,P2,0,q01,0,0.9995300769805908,0
item_03211,passive,P2,1,q10,1,0.9994819760322571,1
item_03212,cleft,P2,0,q01,1,0.9987093210220337,1
item_03212,cleft,P2,1,q10,0,0.9985910058021545,0
item_03213,topical,P2,0,q01,0,0.9823477268218994,0
item_03213,topical,P2,1,q10,1,0.9697954058647156,1
item_03215,active,P2,0,q01,1,0.9990745782852173,1
item_03215,active,P2,1,q10,0,0.9991720914840698,0
item_03216,passive,P2,0,q01,0,0.9994589686393738,0
item_03216,passive,P2,1,q10,1,0.9993106126785278,1
item_03217,cleft,P2,0,q01,1,0.9960762858390808,1
item_03217,cleft,P2,1,q10,0,0.9949341416358948,0
item_03218,topical,P2,0,q01,0,0.9036166071891785,0
item_03218,topical,P2,1,q10,1,0.8699759244918823,1
item_03220,active,P2,0,q01,1,0.9992802739143372,1
item_03220,active,P2,1,q10,0,0.9994196891784668,0
item_03221,passive,P2,0,q01,0,0.9994862079620361,0
item_03221,passive,P2,1,q10,1,0.999413251876831,1
item_03222,cleft,P2,0,q01,1,0.994061291217804,1
item_03222,cleft,P2,1,q10,0,0.9956474900245667,0
item_03223,topical,P2,0,q01,0,0.9818077683448792,0
item_03223,topical,P2,1,q10,1,0.9683696627616882,1
item_03225,active,P2,0,q01,1,0.9989973902702332,1
item_03225,active,P2,1,q10,0,0.9989393353462219,0
item_03226,passive,P2,0,q01,0,0.9991496801376343,0
item_03226,passive,P2,1,q10,1,0.9991564750671387,1
item_03227,cleft,P2,0,q01,1,0.9971387386322021,1
item_03227,cleft,P2,1,q10,0,0.9964112639427185,0
item_03228,topical,P2,0,q01,0,0.8899610042572021,0
item_03228,topical,P2,1,q10,1,0.9156979322433472,1
item_03230,active,P2,0,q01,1,0.9990191459655762,1
item_03230,active,P2,1,q10,0,0.9992284774780273,0
item_03231,passive,P2,0,q01,0,0.9994969367980957,0
item_03231,passive,P2,1,q10,1,0.999377429485321,1
item_03232,cleft,P2,0,q01,1,0.995535135269165,1
item_03232,cleft,P2,1,q10,0,0.9952200055122375,0
item_03233,topical,P2,0,q01,0,0.8168492317199707,0
item_03233,topical,P2,1,q10,1,0.8045160174369812,1
item_03235,active,P2,0,q01,1,0.9991766810417175,1
item_03235,active,P2,1,q10,0,0.9991470575332642,0
item_03236,passive,P2,0,q01,0,0.9993489384651184,0
item_03236,passive,P2,1,q10,1,0.9993672966957092,1
item_03237,cleft,P2,0,q01,1,0.9959445595741272,1
item_03237,cleft,P2,1,q10,0,0.9952349066734314,0
item_03238,topical,P2,0,q01,0,0.9552499651908875,0
item_03238,topical,P2,1,q10,1,0.95909583568573,1
item_03240,active,P2,0,q01,1,0.9994451403617859,1
item_03240,active,P2,1,q10,0,0.9994509816169739,0
item_03241,passive,P2,0,q01,0,0.9994578957557678,0
item_03241,passive,P2,1,q10,1,0.9993564486503601,1
item_03242,cleft,P2,0,q01,1,0.9982746839523315,1
item_03242,cleft,P2,1,q10,0,0.9983009696006775,0
item_03243,topical,P2,0,q01,0,0.9912249445915222,0
item_03243,topical,P2,1,q10,1,0.9836779832839966,1
item_03245,active,P2,0,q01,1,0.9994140863418579,1
item_03245,active,P2,1,q10,0,0.9992281198501587,0
item_03246,passive,P2,0,q01,0,0.9993366599082947,0
item_03246,passive,P2,1,q10,1,0.9994507431983948,1
item_03247,cleft,P2,0,q01,1,0.9977053999900818,1
item_03247,cleft,P2,1,q10,0,0.9966467022895813,0
item_03248,topical,P2,0,q01,0,0.9812906384468079,0
item_03248,topical,P2,1,q10,1,0.973990261554718,1
item_03250,active,P2,0,q01,1,0.999387264251709,1
item_03250,active,P2,1,q10,0,0.9994838237762451,0
item_03251,passive,P2,0,q01,0,0.9995154142379761,0
item_03251,passive,P2,1,q10,1,0.9994872808456421,1
item_03252,cleft,P2,0,q01,1,0.99834144115448,1
item_03252,cleft,P2,1,q10,0,0.998275637626648,0
item_03253,topical,P2,0,q01,0,0.9950128197669983,0
item_03253,topical,P2,1,q10,1,0.9908818006515503,1
item_03255,active,P2,0,q01,1,0.999462902545929,1
item_03255,active,P2,1,q10,0,0.9994999170303345,0
item_03256,passive,P2,0,q01,0,0.9994100332260132,0
item_03256,passive,P2,1,q10,1,0.9994151592254639,1
item_03257,cleft,P2,0,q01,1,0.9970007538795471,1
item_03257,cleft,P2,1,q10,0,0.9970608353614807,0
item_03258,topical,P2,0,q01,0,0.36600029468536377,1
item_03258,topical,P2,1,q10,1,0.32191067934036255,0
item_03260,active,P2,0,q01,1,0.9993355870246887,1
item_03260,active,P2,1,q10,0,0.9993185997009277,0
item_03261,passive,P2,0,q01,0,0.9993695616722107,0
item_03261,passive,P2,1,q10,1,0.9993793964385986,1
item_03262,cleft,P2,0,q01,1,0.9951862692832947,1
item_03262,cleft,P2,1,q10,0,0.994789719581604,0
item_03263,topical,P2,0,q01,0,0.9918763637542725,0
item_03263,topical,P2,1,q10,1,0.9869120121002197,1
item_03265,active,P2,0,q01,1,0.9994596838951111,1
item_03265,active,P2,1,q10,0,0.9995012283325195,0
item_03266,passive,P2,0,q01,0,0.9995682835578918,0
item_03266,passive,P2,1,q10,1,0.9994975328445435,1
item_03267,cleft,P2,0,q01,1,0.9987928867340088,1
item_03267,cleft,P2,1,q10,0,0.9990002512931824,0
item_03268,topical,P2,0,q01,0,0.9888163805007935,0
item_03268,topical,P2,1,q10,1,0.9788358807563782,1
item_03270,active,P2,0,q01,1,0.999281108379364,1
item_03270,active,P2,1,q10,0,0.9993195533752441,0
item_03271,passive,P2,0,q01,0,0.9994144439697266,0
item_03271,passive,P2,1,q10,1,0.9993826150894165,1
item_03272,cleft,P2,0,q01,1,0.995678722858429,1
item_03272,cleft,P2,1,q10,0,0.9957095384597778,0
item_03273,topical,P2,0,q01,0,0.9317964911460876,0
item_03273,topical,P2,1,q10,1,0.918217658996582,1
item_03275,active,P2,0,q01,1,0.9994723200798035,1
item_03275,active,P2,1,q10,0,0.9993525147438049,0
item_03276,passive,P2,0,q01,0,0.9994263648986816,0
item_03276,passive,P2,1,q10,1,0.9995490908622742,1
item_03277,cleft,P2,0,q01,1,0.9981702566146851,1
item_03277,cleft,P2,1,q10,0,0.9966965913772583,0
item_03278,topical,P2,0,q01,0,0.9942335486412048,0
item_03278,topical,P2,1,q10,1,0.9953551292419434,1
item_03280,active,P2,0,q01,1,0.9993206262588501,1
item_03280,active,P2,1,q10,0,0.9992311000823975,0
item_03281,passive,P2,0,q01,0,0.9992683529853821,0
item_03281,passive,P2,1,q10,1,0.9994187355041504,1
item_03282,cleft,P2,0,q01,1,0.9968840479850769,1
item_03282,cleft,P2,1,q10,0,0.9962643980979919,0
item_03283,topical,P2,0,q01,0,0.9713746905326843,0
item_03283,topical,P2,1,q10,1,0.9702122211456299,1
item_03285,active,P2,0,q01,1,0.9995068311691284,1
item_03285,active,P2,1,q10,0,0.9992996454238892,0
item_03286,passive,P2,0,q01,0,0.9992590546607971,0
item_03286,passive,P2,1,q10,1,0.9994932413101196,1
item_03287,cleft,P2,0,q01,1,0.998649537563324,1
item_03287,cleft,P2,1,q10,0,0.9978978633880615,0
item_03288,topical,P2,0,q01,0,0.9761304259300232,0
item_03288,topical,P2,1,q10,1,0.9848852157592773,1
item_03290,active,P2,0,q01,1,0.9993621706962585,1
item_03290,active,P2,1,q10,0,0.9994875192642212,0
item_03291,passive,P2,0,q01,0,0.9994426369667053,0
item_03291,passive,P2,1,q10,1,0.9993403553962708,1
item_03292,cleft,P2,0,q01,1,0.9978887438774109,1
item_03292,cleft,P2,1,q10,0,0.9981583952903748,0
item_03293,topical,P2,0,q01,0,0.9912827014923096,0
item_03293,topical,P2,1,q10,1,0.9903608560562134,1
item_03295,active,P2,0,q01,1,0.9991015195846558,1
item_03295,active,P2,1,q10,0,0.9991253018379211,0
item_03296,passive,P2,0,q01,0,0.9993612170219421,0
item_03296,passive,P2,1,q10,1,0.9992444515228271,1
item_03297,cleft,P2,0,q01,1,0.9965392351150513,1
item_03297,cleft,P2,1,q10,0,0.9973391890525818,0
item_03298,topical,P2,0,q01,0,0.9959920048713684,0
item_03298,topical,P2,1,q10,1,0.993312656879425,1
item_03300,active,P2,0,q01,1,0.9986572265625,1
item_03300,active,P2,1,q10,0,0.9979426264762878,0
item_03301,passive,P2,0,q01,0,0.9985395669937134,0
item_03301,passive,P2,1,q10,1,0.9988102912902832,1
item_03302,cleft,P2,0,q01,1,0.990035891532898,1
item_03302,cleft,P2,1,q10,0,0.9848082065582275,0
item_03303,topical,P2,0,q01,0,0.4767947793006897,1
item_03303,topical,P2,1,q10,1,0.5772785544395447,1
item_03305,active,P2,0,q01,1,0.9993564486503601,1
item_03305,active,P2,1,q10,0,0.999442994594574,0
item_03306,passive,P2,0,q01,0,0.9995489716529846,0
item_03306,passive,P2,1,q10,1,0.9994889497756958,1
item_03307,cleft,P2,0,q01,1,0.9983805418014526,1
item_03307,cleft,P2,1,q10,0,0.9984278678894043,0
item_03308,topical,P2,0,q01,0,0.9607819318771362,0
item_03308,topical,P2,1,q10,1,0.9504256844520569,1
item_03310,active,P2,0,q01,1,0.9994712471961975,1
item_03310,active,P2,1,q10,0,0.9995098114013672,0
item_03311,passive,P2,0,q01,0,0.9994906187057495,0
item_03311,passive,P2,1,q10,1,0.9994738698005676,1
item_03312,cleft,P2,0,q01,1,0.997473418712616,1
item_03312,cleft,P2,1,q10,0,0.9978055357933044,0
item_03313,topical,P2,0,q01,0,0.9143468141555786,0
item_03313,topical,P2,1,q10,1,0.9041785001754761,1
item_03315,active,P2,0,q01,1,0.9994379878044128,1
item_03315,active,P2,1,q10,0,0.9994688630104065,0
item_03316,passive,P2,0,q01,0,0.9995429515838623,0
item_03316,passive,P2,1,q10,1,0.9994879961013794,1
item_03317,cleft,P2,0,q01,1,0.997960090637207,1
item_03317,cleft,P2,1,q10,0,0.99769526720047,0
item_03318,topical,P2,0,q01,0,0.99006187915802,0
item_03318,topical,P2,1,q10,1,0.9869159460067749,1
item_03320,active,P2,0,q01,1,0.9993569254875183,1
item_03320,active,P2,1,q10,0,0.999483585357666,0
item_03321,passive,P2,0,q01,0,0.9994683861732483,0
item_03321,passive,P2,1,q10,1,0.9992675185203552,1
item_03322,cleft,P2,0,q01,1,0.9972388744354248,1
item_03322,cleft,P2,1,q10,0,0.9975662231445312,0
item_03323,topical,P2,0,q01,0,0.8716309070587158,0
item_03323,topical,P2,1,q10,1,0.8217694759368896,1
item_03325,active,P2,0,q01,1,0.9992747902870178,1
item_03325,active,P2,1,q10,0,0.9992204904556274,0
item_03326,passive,P2,0,q01,0,0.999298095703125,0
item_03326,passive,P2,1,q10,1,0.9991776347160339,1
item_03327,cleft,P2,0,q01,1,0.9945358037948608,1
item_03327,cleft,P2,1,q10,0,0.9920493960380554,0
item_03328,topical,P2,0,q01,0,0.8761451840400696,0
item_03328,topical,P2,1,q10,1,0.9002780318260193,1
item_03330,active,P2,0,q01,1,0.9986679553985596,1
item_03330,active,P2,1,q10,0,0.9989245533943176,0
item_03331,passive,P2,0,q01,0,0.99950110912323,0
item_03331,passive,P2,1,q10,1,0.9992908239364624,1
item_03332,cleft,P2,0,q01,1,0.9962701797485352,1
item_03332,cleft,P2,1,q10,0,0.996830403804779,0
item_03333,topical,P2,0,q01,0,0.9608414769172668,0
item_03333,topical,P2,1,q10,1,0.8921241760253906,1
item_03335,active,P2,0,q01,1,0.9992520213127136,1
item_03335,active,P2,1,q10,0,0.9990977048873901,0
item_03336,passive,P2,0,q01,0,0.9993703961372375,0
item_03336,passive,P2,1,q10,1,0.9994435906410217,1
item_03337,cleft,P2,0,q01,1,0.9974631071090698,1
item_03337,cleft,P2,1,q10,0,0.9962406158447266,0
item_03338,topical,P2,0,q01,0,0.9872433543205261,0
item_03338,topical,P2,1,q10,1,0.9882248640060425,1
item_03340,active,P2,0,q01,1,0.9994404911994934,1
item_03340,active,P2,1,q10,0,0.999536395072937,0
item_03341,passive,P2,0,q01,0,0.999569833278656,0
item_03341,passive,P2,1,q10,1,0.9994320273399353,1
item_03342,cleft,P2,0,q01,1,0.9979996085166931,1
item_03342,cleft,P2,1,q10,0,0.9983123540878296,0
item_03343,topical,P2,0,q01,0,0.927595317363739,0
item_03343,topical,P2,1,q10,1,0.885504961013794,1
item_03345,active,P2,0,q01,1,0.9992413520812988,1
item_03345,active,P2,1,q10,0,0.9992160797119141,0
item_03346,passive,P2,0,q01,0,0.9995256662368774,0
item_03346,passive,P2,1,q10,1,0.999398946762085,1
item_03347,cleft,P2,0,q01,1,0.9966607093811035,1
item_03347,cleft,P2,1,q10,0,0.9957866072654724,0
item_03348,topical,P2,0,q01,0,0.8989328145980835,0
item_03348,topical,P2,1,q10,1,0.7991642355918884,1
item_03350,active,P2,0,q01,1,0.9993845224380493,1
item_03350,active,P2,1,q10,0,0.9994127750396729,0
item_03351,passive,P2,0,q01,0,0.9993104934692383,0
item_03351,passive,P2,1,q10,1,0.9994284510612488,1
item_03352,cleft,P2,0,q01,1,0.9978961944580078,1
item_03352,cleft,P2,1,q10,0,0.9975797533988953,0
item_03353,topical,P2,0,q01,0,0.9905588626861572,0
item_03353,topical,P2,1,q10,1,0.9890424609184265,1
item_03355,active,P2,0,q01,1,0.9993038177490234,1
item_03355,active,P2,1,q10,0,0.9991281628608704,0
item_03356,passive,P2,0,q01,0,0.9992819428443909,0
item_03356,passive,P2,1,q10,1,0.9993864297866821,1
item_03357,cleft,P2,0,q01,1,0.9971267580986023,1
item_03357,cleft,P2,1,q10,0,0.995274543762207,0
item_03358,topical,P2,0,q01,0,0.9482647776603699,0
item_03358,topical,P2,1,q10,1,0.9496412873268127,1
item_03360,active,P2,0,q01,1,0.9992722868919373,1
item_03360,active,P2,1,q10,0,0.9992750287055969,0
item_03361,passive,P2,0,q01,0,0.9995032548904419,0
item_03361,passive,P2,1,q10,1,0.9995160102844238,1
item_03362,cleft,P2,0,q01,1,0.9966806769371033,1
item_03362,cleft,P2,1,q10,0,0.9950817823410034,0
item_03363,topical,P2,0,q01,0,0.867454469203949,0
item_03363,topical,P2,1,q10,1,0.9027312994003296,1
item_03365,active,P2,0,q01,1,0.9994896650314331,1
item_03365,active,P2,1,q10,0,0.9994537234306335,0
item_03366,passive,P2,0,q01,0,0.9992276430130005,0
item_03366,passive,P2,1,q10,1,0.9994014501571655,1
item_03367,cleft,P2,0,q01,1,0.9980760812759399,1
item_03367,cleft,P2,1,q10,0,0.9979591369628906,0
item_03368,topical,P2,0,q01,0,0.8878457546234131,0
item_03368,topical,P2,1,q10,1,0.9006887674331665,1
item_03370,active,P2,0,q01,1,0.9994091987609863,1
item_03370,active,P2,1,q10,0,0.9993029832839966,0
item_03371,passive,P2,0,q01,0,0.999309778213501,0
item_03371,passive,P2,1,q10,1,0.999438464641571,1
item_03372,cleft,P2,0,q01,1,0.998927652835846,1
item_03372,cleft,P2,1,q10,0,0.9987163543701172,0
item_03373,topical,P2,0,q01,0,0.9955847859382629,0
item_03373,topical,P2,1,q10,1,0.9962003827095032,1
item_03375,active,P2,0,q01,1,0.9994292855262756,1
item_03375,active,P2,1,q10,0,0.9994682669639587,0
item_03376,passive,P2,0,q01,0,0.9994112253189087,0
item_03376,passive,P2,1,q10,1,0.9994142055511475,1
item_03377,cleft,P2,0,q01,1,0.9970532655715942,1
item_03377,cleft,P2,1,q10,0,0.9972092509269714,0
item_03378,topical,P2,0,q01,0,0.7863242030143738,0
item_03378,topical,P2,1,q10,1,0.8194878101348877,1
item_03380,active,P2,0,q01,1,0.9994398951530457,1
item_03380,active,P2,1,q10,0,0.9993423819541931,0
item_03381,passive,P2,0,q01,0,0.9991574287414551,0
item_03381,passive,P2,1,q10,1,0.9993731379508972,1
item_03382,cleft,P2,0,q01,1,0.9983248114585876,1
item_03382,cleft,P2,1,q10,0,0.9981234669685364,0
item_03383,topical,P2,0,q01,0,0.9466527104377747,0
item_03383,topical,P2,1,q10,1,0.9547433257102966,1
item_03385,active,P2,0,q01,1,0.9993919134140015,1
item_03385,active,P2,1,q10,0,0.9994994401931763,0
item_03386,passive,P2,0,q01,0,0.9995136260986328,0
item_03386,passive,P2,1,q10,1,0.9992903470993042,1
item_03387,cleft,P2,0,q01,1,0.9974332451820374,1
item_03387,cleft,P2,1,q10,0,0.997857391834259,0
item_03388,topical,P2,0,q01,0,0.9892480969429016,0
item_03388,topical,P2,1,q10,1,0.9852986335754395,1
item_03390,active,P2,0,q01,1,0.9993602633476257,1
item_03390,active,P2,1,q10,0,0.9994774460792542,0
item_03391,passive,P2,0,q01,0,0.9995357990264893,0
item_03391,passive,P2,1,q10,1,0.9995065927505493,1
item_03392,cleft,P2,0,q01,1,0.9970623850822449,1
item_03392,cleft,P2,1,q10,0,0.9975321292877197,0
item_03393,topical,P2,0,q01,0,0.9498990774154663,0
item_03393,topical,P2,1,q10,1,0.9269825220108032,1
item_03395,active,P2,0,q01,1,0.9992689490318298,1
item_03395,active,P2,1,q10,0,0.9987878203392029,0
item_03396,passive,P2,0,q01,0,0.9993670582771301,0
item_03396,passive,P2,1,q10,1,0.9994955062866211,1
item_03397,cleft,P2,0,q01,1,0.9969170093536377,1
item_03397,cleft,P2,1,q10,0,0.9940213561058044,0
item_03398,topical,P2,0,q01,0,0.9571569561958313,0
item_03398,topical,P2,1,q10,1,0.973282516002655,1
