id,form,split,slot_u,pair,y,p_correct,pred
item_01900,active,P2,0,q01,1,0.9996151924133301,1
item_01900,active,P2,1,q10,0,0.9999146461486816,0
item_01901,passive,P2,0,q01,0,0.9999594688415527,0
item_01901,passive,P2,1,q10,1,0.9999836683273315,1
item_01902,cleft,P2,0,q01,1,0.997560977935791,1
item_01902,cleft,P2,1,q10,0,0.996701180934906,0
item_01903,topical,P2,0,q01,0,0.09671537578105927,1
item_01903,topical,P2,1,q10,1,0.06559821963310242,0
item_01905,active,P2,0,q01,1,0.9959394931793213,1
item_01905,active,P2,1,q10,0,0.9989508390426636,0
item_01906,passive,P2,0,q01,0,0.9999767541885376,0
item_01906,passive,P2,1,q10,1,0.9999948740005493,1
item_01907,cleft,P2,0,q01,1,0.8789882063865662,1
item_01907,cleft,P2,1,q10,0,0.954291820526123,0
item_01908,topical,P2,0,q01,0,0.027585361152887344,1
item_01908,topical,P2,1,q10,1,0.08193744719028473,0
item_01910,active,P2,0,q01,1,0.9527973532676697,1
item_01910,active,P2,1,q10,0,0.9980706572532654,0
item_01911,passive,P2,0,q01,0,0.9998270869255066,0
item_01911,passive,P2,1,q10,1,0.9999942779541016,1
item_01912,cleft,P2,0,q01,1,0.5961175560951233,1
item_01912,cleft,P2,1,q10,0,0.9781374931335449,0
item_01913,topical,P2,0,q01,0,0.033569905906915665,1
item_01913,topical,P2,1,q10,1,0.08891981095075607,0
item_01915,active,P2,0,q01,1,0.9973031282424927,1
item_01915,active,P2,1,q10,0,0.999855637550354,0
item_01916,passive,P2,0,q01,0,0.9987745881080627,0
item_01916,passive,P2,1,q10,1,0.9999302625656128,1
item_01917,cleft,P2,0,q01,1,0.865831196308136,1
item_01917,cleft,P2,1,q10,0,0.966389536857605,0
item_01918,topical,P2,0,q01,0,0.19613894820213318,1
item_01918,topical,P2,1,q10,1,0.036449793726205826,0
item_01920,active,P2,0,q01,1,0.9551734328269958,1
item_01920,active,P2,1,q10,0,0.9993882179260254,0
item_01921,passive,P2,0,q01,0,0.9999401569366455,0
item_01921,passive,P2,1,q10,1,0.9999760389328003,1
item_01922,cleft,P2,0,q01,1,0.7668132781982422,1
item_01922,cleft,P2,1,q10,0,0.9812902808189392,0
item_01923,topical,P2,0,q01,0,0.16342775523662567,1
item_01923,topical,P2,1,q10,1,0.046747658401727676,0
item_01925,active,P2,0,q01,1,0.9994239807128906,1
item_01925,active,P2,1,q10,0,0.9994837045669556,0
item_01926,passive,P2,0,q01,0,0.9999538660049438,0
item_01926,passive,P2,1,q10,1,0.9999904632568359,1
item_01927,cleft,P2,0,q01,1,0.9819850325584412,1
item_01927,cleft,P2,1,q10,0,0.9685795903205872,0
item_01928,topical,P2,0,q01,0,0.07005752623081207,1
item_01928,topical,P2,1,q10,1,0.12893646955490112,0
item_01930,active,P2,0,q01,1,0.9952375888824463,1
item_01930,active,P2,1,q10,0,0.9996300935745239,0
item_01931,passive,P2,0,q01,0,0.9989797472953796,0
item_01931,passive,P2,1,q10,1,0.999983549118042,1
item_01932,cleft,P2,0,q01,1,0.7931811213493347,1
item_01932,cleft,P2,1,q10,0,0.929755687713623,0
item_01933,topical,P2,0,q01,0,0.02909473143517971,1
item_01933,topical,P2,1,q10,1,0.10048918426036835,0
item_01935,active,P2,0,q01,1,0.9946158528327942,1
item_01935,active,P2,1,q10,0,0.9998829364776611,0
item_01936,passive,P2,0,q01,0,0.9999653100967407,0
item_01936,passive,P2,1,q10,1,0.9999954700469971,1
item_01937,cleft,P2,0,q01,1,0.9816662669181824,1
item_01937,cleft,P2,1,q10,0,0.9990286827087402,0
item_01938,topical,P2,0,q01,0,0.20845331251621246,1
item_01938,topical,P2,1,q10,1,0.07754790782928467,0
item_01940,active,P2,0,q01,1,0.9889463782310486,1
item_01940,active,P2,1,q10,0,0.9995858073234558,0
item_01941,passive,P2,0,q01,0,0.9999462366104126,0
item_01941,passive,P2,1,q10,1,0.999996542930603,1
item_01942,cleft,P2,0,q01,1,0.9774331450462341,1
item_01942,cleft,P2,1,q10,0,0.991500735282898,0
item_01943,topical,P2,0,q01,0,0.18239493668079376,1
item_01943,topical,P2,1,q10,1,0.12271242588758469,0
item_01945,active,P2,0,q01,1,0.9990060925483704,1
item_01945,active,P2,1,q10,0,0.9996936321258545,0
item_01946,passive,P2,0,q01,0,0.9955607652664185,0
item_01946,passive,P2,1,q10,1,0.9991924166679382,1
item_01947,cleft,P2,0,q01,1,0.9978320002555847,1
item_01947,cleft,P2,1,q10,0,0.9997175335884094,0
item_01948,topical,P2,0,q01,0,0.827057421207428,0
item_01948,topical,P2,1,q10,1,0.0853378176689148,0
item_01950,active,P2,0,q01,1,0.992332935333252,1
item_01950,active,P2,1,q10,0,0.9993545413017273,0
item_01951,passive,P2,0,q01,0,0.9999587535858154,0
item_01951,passive,P2,1,q10,1,0.9999240636825562,1
item_01952,cleft,P2,0,q01,1,0.9699031710624695,1
item_01952,cleft,P2,1,q10,0,0.9809375405311584,0
item_01953,topical,P2,0,q01,0,0.4463854730129242,1
item_01953,topical,P2,1,q10,1,0.02576647326350212,0
item_01955,active,P2,0,q01,1,0.9964448809623718,1
item_01955,active,P2,1,q10,0,0.9998088479042053,0
item_01956,passive,P2,0,q01,0,0.9996956586837769,0
item_01956,passive,P2,1,q10,1,0.9999948740005493,1
item_01957,cleft,P2,0,q01,1,0.9885025024414062,1
item_01957,cleft,P2,1,q10,0,0.993572473526001,0
item_01958,topical,P2,0,q01,0,0.20116634666919708,1
item_01958,topical,P2,1,q10,1,0.17108817398548126,0
item_01960,active,P2,0,q01,1,0.9648445248603821,1
item_01960,active,P2,1,q10,0,0.9996021389961243,0
item_01961,passive,P2,0,q01,0,0.9999531507492065,0
item_01961,passive,P2,1,q10,1,0.9999827146530151,1
item_01962,cleft,P2,0,q01,1,0.8876416087150574,1
item_01962,cleft,P2,1,q10,0,0.9897425174713135,0
item_01963,topical,P2,0,q01,0,0.08127759397029877,1
item_01963,topical,P2,1,q10,1,0.027823636308312416,0
item_01965,active,P2,0,q01,1,0.9969751834869385,1
item_01965,active,P2,1,q10,0,0.9998204112052917,0
item_01966,passive,P2,0,q01,0,0.9999135732650757,0
item_01966,passive,P2,1,q10,1,0.9999979734420776,1
item_01967,cleft,P2,0,q01,1,0.9942219853401184,1
item_01967,cleft,P2,1,q10,0,0.9948118925094604,0
item_01968,topical,P2,0,q01,0,0.0811343565583229,1
item_01968,topical,P2,1,q10,1,0.1135961189866066,0
item_01970,active,P2,0,q01,1,0.9993046522140503,1
item_01970,active,P2,1,q10,0,0.999539852142334,0
item_01971,passive,P2,0,q01,0,0.9998204112052917,0
item_01971,passive,P2,1,q10,1,0.9999487400054932,1
item_01972,cleft,P2,0,q01,1,0.9790430068969727,1
item_01972,cleft,P2,1,q10,0,0.9835200905799866,0
item_01973,topical,P2,0,q01,0,0.1292126178741455,1
item_01973,topical,P2,1,q10,1,0.04978682100772858,0
item_01975,active,P2,0,q01,1,0.9653992652893066,1
item_01975,active,P2,1,q10,0,0.9997524619102478,0
item_01976,passive,P2,0,q01,0,0.9999184608459473,0
item_01976,passive,P2,1,q10,1,0.9999641180038452,1
item_01977,cleft,P2,0,q01,1,0.5439598560333252,1
item_01977,cleft,P2,1,q10,0,0.9888697862625122,0
item_01978,topical,P2,0,q01,0,0.06467825174331665,1
item_01978,topical,P2,1,q10,1,0.06048594042658806,0
item_01980,active,P2,0,q01,1,0.9862676858901978,1
item_01980,active,P2,1,q10,0,0.9995284080505371,0
item_01981,passive,P2,0,q01,0,0.9999724626541138,0
item_01981,passive,P2,1,q10,1,0.9999914169311523,1
item_01982,cleft,P2,0,q01,1,0.9551025032997131,1
item_01982,cleft,P2,1,q10,0,0.9903548955917358,0
item_01983,topical,P2,0,q01,0,0.18570993840694427,1
item_01983,topical,P2,1,q10,1,0.053618546575307846,0
item_01985,active,P2,0,q01,1,0.9968674778938293,1
item_01985,active,P2,1,q10,0,0.9998424053192139,0
item_01986,passive,P2,0,q01,0,0.9999855756759644,0
item_01986,passive,P2,1,q10,1,0.9999837875366211,1
item_01987,cleft,P2,0,q01,1,0.9600371718406677,1
item_01987,cleft,P2,1,q10,0,0.9956784844398499,0
item_01988,topical,P2,0,q01,0,0.2662716805934906,1
item_01988,topical,P2,1,q10,1,0.08239562809467316,0
item_01990,active,P2,0,q01,1,0.9993714690208435,1
item_01990,active,P2,1,q10,0,0.999881386756897,0
item_01991,passive,P2,0,q01,0,0.9999651908874512,0
item_01991,passive,P2,1,q10,1,0.999980092048645,1
item_01992,cleft,P2,0,q01,1,0.9975101947784424,1
item_01992,cleft,P2,1,q10,0,0.9926435351371765,0
item_01993,topical,P2,0,q01,0,0.09714960306882858,1
item_01993,topical,P2,1,q10,1,0.05187620595097542,0
item_01995,active,P2,0,q01,1,0.9992290735244751,1
item_01995,active,P2,1,q10,0,0.9999186992645264,0
item_01996,passive,P2,0,q01,0,0.999894380569458,0
item_01996,passive,P2,1,q10,1,0.9999947547912598,1
item_01997,cleft,P2,0,q01,1,0.9966132044792175,1
item_01997,cleft,P2,1,q10,0,0.9975811243057251,0
item_01998,topical,P2,0,q01,0,0.3775849938392639,1
item_01998,topical,P2,1,q10,1,0.11580274999141693,0
item_02000,active,P2,0,q01,1,0.9993256330490112,1
item_02000,active,P2,1,q10,0,0.9997641444206238,0
item_02001,passive,P2,0,q01,0,0.9999496936798096,0
item_02001,passive,P2,1,q10,1,0.9999897480010986,1
item_02002,cleft,P2,0,q01,1,0.9979689717292786,1
item_02002,cleft,P2,1,q10,0,0.9974302649497986,0
item_02003,topical,P2,0,q01,0,0.21123646199703217,1
item_02003,topical,P2,1,q10,1,0.07575098425149918,0
item_02005,active,P2,0,q01,1,0.9642072916030884,1
item_02005,active,P2,1,q10,0,0.9991874098777771,0
item_02006,passive,P2,0,q01,0,0.9998433589935303,0
item_02006,passive,P2,1,q10,1,0.9999792575836182,1
item_02007,cleft,P2,0,q01,1,0.7344071269035339,1
item_02007,cleft,P2,1,q10,0,0.9911820888519287,0
item_02008,topical,P2,0,q01,0,0.179523766040802,1
item_02008,topical,P2,1,q10,1,0.0489225909113884,0
item_02010,active,P2,0,q01,1,0.9992638230323792,1
item_02010,active,P2,1,q10,0,0.9997238516807556,0
item_02011,passive,P2,0,q01,0,0.9999723434448242,0
item_02011,passive,P2,1,q10,1,0.9999948740005493,1
item_02012,cleft,P2,0,q01,1,0.9890958666801453,1
item_02012,cleft,P2,1,q10,0,0.9403112530708313,0
item_02013,topical,P2,0,q01,0,0.19405333697795868,1
item_02013,topical,P2,1,q10,1,0.11209768056869507,0
item_02015,active,P2,0,q01,1,0.9997780919075012,1
item_02015,active,P2,1,q10,0,0.9997484087944031,0
item_02016,passive,P2,0,q01,0,0.9998910427093506,0
item_02016,passive,P2,1,q10,1,0.9999953508377075,1
item_02017,cleft,P2,0,q01,1,0.9998596906661987,1
item_02017,cleft,P2,1,q10,0,0.9965356588363647,0
item_02018,topical,P2,0,q01,0,0.12494037300348282,1
item_02018,topical,P2,1,q10,1,0.13209837675094604,0
item_02020,active,P2,0,q01,1,0.9896665811538696,1
item_02020,active,P2,1,q10,0,0.9997249245643616,0
item_02021,passive,P2,0,q01,0,0.999977707862854,0
item_02021,passive,P2,1,q10,1,0.9999970197677612,1
item_02022,cleft,P2,0,q01,1,0.8218397498130798,1
item_02022,cleft,P2,1,q10,0,0.9841566681861877,0
item_02023,topical,P2,0,q01,0,0.17050695419311523,1
item_02023,topical,P2,1,q10,1,0.206883043050766,0
item_02025,active,P2,0,q01,1,0.9988597631454468,1
item_02025,active,P2,1,q10,0,0.9997082352638245,0
item_02026,passive,P2,0,q01,0,0.9999290704727173,0
item_02026,passive,P2,1,q10,1,0.9999943971633911,1
item_02027,cleft,P2,0,q01,1,0.9924845099449158,1
item_02027,cleft,P2,1,q10,0,0.9871761202812195,0
item_02028,topical,P2,0,q01,0,0.06783535331487656,1
item_02028,topical,P2,1,q10,1,0.12561970949172974,0
item_02030,active,P2,0,q01,1,0.9983826875686646,1
item_02030,active,P2,1,q10,0,0.9995841383934021,0
item_02031,passive,P2,0,q01,0,0.9999150037765503,0
item_02031,passive,P2,1,q10,1,0.9999877214431763,1
item_02032,cleft,P2,0,q01,1,0.9960896968841553,1
item_02032,cleft,P2,1,q10,0,0.976916491985321,0
item_02033,topical,P2,0,q01,0,0.04135262593626976,1
item_02033,topical,P2,1,q10,1,0.053630150854587555,0
item_02035,active,P2,0,q01,1,0.9980375170707703,1
item_02035,active,P2,1,q10,0,0.99896240234375,0
item_02036,passive,P2,0,q01,0,0.9992340803146362,0
item_02036,passive,P2,1,q10,1,0.9999979734420776,1
item_02037,cleft,P2,0,q01,1,0.9990928173065186,1
item_02037,cleft,P2,1,q10,0,0.9946988821029663,0
item_02038,topical,P2,0,q01,0,0.06896395236253738,1
item_02038,topical,P2,1,q10,1,0.1658969670534134,0
item_02040,active,P2,0,q01,1,0.9956865906715393,1
item_02040,active,P2,1,q10,0,0.9986501336097717,0
item_02041,passive,P2,0,q01,0,0.9999654293060303,0
item_02041,passive,P2,1,q10,1,0.9999762773513794,1
item_02042,cleft,P2,0,q01,1,0.9146456718444824,1
item_02042,cleft,P2,1,q10,0,0.9658096432685852,0
item_02043,topical,P2,0,q01,0,0.24917379021644592,1
item_02043,topical,P2,1,q10,1,0.025369590148329735,0
item_02045,active,P2,0,q01,1,0.9992239475250244,1
item_02045,active,P2,1,q10,0,0.9998040795326233,0
item_02046,passive,P2,0,q01,0,0.9999755620956421,0
item_02046,passive,P2,1,q10,1,0.9999744892120361,1
item_02047,cleft,P2,0,q01,1,0.9929446578025818,1
item_02047,cleft,P2,1,q10,0,0.9775721430778503,0
item_02048,topical,P2,0,q01,0,0.2890167832374573,1
item_02048,topical,P2,1,q10,1,0.03851091489195824,0
item_02050,active,P2,0,q01,1,0.9928221106529236,1
item_02050,active,P2,1,q10,0,0.999700665473938,0
item_02051,passive,P2,0,q01,0,0.9937514662742615,0
item_02051,passive,P2,1,q10,1,0.9926347136497498,1
item_02052,cleft,P2,0,q01,1,0.9945354461669922,1
item_02052,cleft,P2,1,q10,0,0.9997096657752991,0
item_02053,topical,P2,0,q01,0,0.7888221740722656,0
item_02053,topical,P2,1,q10,1,0.06256352365016937,0
item_02055,active,P2,0,q01,1,0.9993701577186584,1
item_02055,active,P2,1,q10,0,0.9999171495437622,0
item_02056,passive,P2,0,q01,0,0.9995971322059631,0
item_02056,passive,P2,1,q10,1,0.9999876022338867,1
item_02057,cleft,P2,0,q01,1,0.9256339073181152,1
item_02057,cleft,P2,1,q10,0,0.9888055324554443,0
item_02058,topical,P2,0,q01,0,0.15131859481334686,1
item_02058,topical,P2,1,q10,1,0.10821449756622314,0
item_02060,active,P2,0,q01,1,0.9998394250869751,1
item_02060,active,P2,1,q10,0,0.999866247177124,0
item_02061,passive,P2,0,q01,0,0.9996852874755859,0
item_02061,passive,P2,1,q10,1,0.9999954700469971,1
item_02062,cleft,P2,0,q01,1,0.9999862909317017,1
item_02062,cleft,P2,1,q10,0,0.9978368878364563,0
item_02063,topical,P2,0,q01,0,0.058109208941459656,1
item_02063,topical,P2,1,q10,1,0.09129554033279419,0
item_02065,active,P2,0,q01,1,0.9993125200271606,1
item_02065,active,P2,1,q10,0,0.9993823766708374,0
item_02066,passive,P2,0,q01,0,0.9993706345558167,0
item_02066,passive,P2,1,q10,1,0.9999730587005615,1
item_02067,cleft,P2,0,q01,1,0.990213930606842,1
item_02067,cleft,P2,1,q10,0,0.9530525207519531,0
item_02068,topical,P2,0,q01,0,0.12400662899017334,1
item_02068,topical,P2,1,q10,1,0.14922966063022614,0
item_02070,active,P2,0,q01,1,0.9849792122840881,1
item_02070,active,P2,1,q10,0,0.9993451237678528,0
item_02071,passive,P2,0,q01,0,0.9996770620346069,0
item_02071,passive,P2,1,q10,1,0.9999825954437256,1
item_02072,cleft,P2,0,q01,1,0.8760823607444763,1
item_02072,cleft,P2,1,q10,0,0.9517111778259277,0
item_02073,topical,P2,0,q01,0,0.10587327927350998,1
item_02073,topical,P2,1,q10,1,0.1808878630399704,0
item_02075,active,P2,0,q01,1,0.9921872615814209,1
item_02075,active,P2,1,q10,0,0.9996341466903687,0
item_02076,passive,P2,0,q01,0,0.9999009370803833,0
item_02076,passive,P2,1,q10,1,0.9999862909317017,1
item_02077,cleft,P2,0,q01,1,0.928443968296051,1
item_02077,cleft,P2,1,q10,0,0.9903588891029358,0
item_02078,topical,P2,0,q01,0,0.37454599142074585,1
item_02078,topical,P2,1,q10,1,0.07880647480487823,0
item_02080,active,P2,0,q01,1,0.9973669648170471,1
item_02080,active,P2,1,q10,0,0.999523401260376,0
item_02081,passive,P2,0,q01,0,0.9998149275779724,0
item_02081,passive,P2,1,q10,1,0.9999819993972778,1
item_02082,cleft,P2,0,q01,1,0.9419997930526733,1
item_02082,cleft,P2,1,q10,0,0.9582168459892273,0
item_02083,topical,P2,0,q01,0,0.020009875297546387,1
item_02083,topical,P2,1,q10,1,0.07990634441375732,0
item_02085,active,P2,0,q01,1,0.9983484745025635,1
item_02085,active,P2,1,q10,0,0.9993464350700378,0
item_02086,passive,P2,0,q01,0,0.9999521970748901,0
item_02086,passive,P2,1,q10,1,0.9999920129776001,1
item_02087,cleft,P2,0,q01,1,0.8780063390731812,1
item_02087,cleft,P2,1,q10,0,0.9857900738716125,0
item_02088,topical,P2,0,q01,0,0.3704226613044739,1
item_02088,topical,P2,1,q10,1,0.03130273520946503,0
item_02090,active,P2,0,q01,1,0.9973063468933105,1
item_02090,active,P2,1,q10,0,0.9998270869255066,0
item_02091,passive,P2,0,q01,0,0.9998743534088135,0
item_02091,passive,P2,1,q10,1,0.9999974966049194,1
item_02092,cleft,P2,0,q01,1,0.9952406883239746,1
item_02092,cleft,P2,1,q10,0,0.9964074492454529,0
item_02093,topical,P2,0,q01,0,0.024238932877779007,1
item_02093,topical,P2,1,q10,1,0.09063246846199036,0
item_02095,active,P2,0,q01,1,0.9980605244636536,1
item_02095,active,P2,1,q10,0,0.9999110698699951,0
item_02096,passive,P2,0,q01,0,0.9997932314872742,0
item_02096,passive,P2,1,q10,1,0.9999209642410278,1
item_02097,cleft,P2,0,q01,1,0.9590824842453003,1
item_02097,cleft,P2,1,q10,0,0.9914500117301941,0
item_02098,topical,P2,0,q01,0,0.23303155601024628,1
item_02098,topical,P2,1,q10,1,0.06075940653681755,0
item_02100,active,P2,0,q01,1,0.9525953531265259,1
item_02100,active,P2,1,q10,0,0.998677670955658,0
item_02101,passive,P2,0,q01,0,0.9999371767044067,0
item_02101,passive,P2,1,q10,1,0.9999923706054688,1
item_02102,cleft,P2,0,q01,1,0.5441438555717468,1
item_02102,cleft,P2,1,q10,0,0.9671414494514465,0
item_02103,topical,P2,0,q01,0,0.4366096556186676,1
item_02103,topical,P2,1,q10,1,0.10298682749271393,0
item_02105,active,P2,0,q01,1,0.9990822076797485,1
item_02105,active,P2,1,q10,0,0.9998595714569092,0
item_02106,passive,P2,0,q01,0,0.9999896287918091,0
item_02106,passive,P2,1,q10,1,0.9999868869781494,1
item_02107,cleft,P2,0,q01,1,0.9922033548355103,1
item_02107,cleft,P2,1,q10,0,0.9938509464263916,0
item_02108,topical,P2,0,q01,0,0.30702146887779236,1
item_02108,topical,P2,1,q10,1,0.0699014961719513,0
item_02110,active,P2,0,q01,1,0.9650154113769531,1
item_02110,active,P2,1,q10,0,0.9985334873199463,0
item_02111,passive,P2,0,q01,0,0.9998542070388794,0
item_02111,passive,P2,1,q10,1,0.9999730587005615,1
item_02112,cleft,P2,0,q01,1,0.7904450297355652,1
item_02112,cleft,P2,1,q10,0,0.9858987331390381,0
item_02113,topical,P2,0,q01,0,0.1989331692457199,1
item_02113,topical,P2,1,q10,1,0.08162997663021088,0
item_02115,active,P2,0,q01,1,0.9937008619308472,1
item_02115,active,P2,1,q10,0,0.9991922974586487,0
item_02116,passive,P2,0,q01,0,0.9998268485069275,0
item_02116,passive,P2,1,q10,1,0.9999942779541016,1
item_02117,cleft,P2,0,q01,1,0.9665490984916687,1
item_02117,cleft,P2,1,q10,0,0.983787477016449,0
item_02118,topical,P2,0,q01,0,0.04290969669818878,1
item_02118,topical,P2,1,q10,1,0.11044346541166306,0
item_02120,active,P2,0,q01,1,0.9954347014427185,1
item_02120,active,P2,1,q10,0,0.999835729598999,0
item_02121,passive,P2,0,q01,0,0.9999301433563232,0
item_02121,passive,P2,1,q10,1,0.999980092048645,1
item_02122,cleft,P2,0,q01,1,0.9809260368347168,1
item_02122,cleft,P2,1,q10,0,0.9963860511779785,0
item_02123,topical,P2,0,q01,0,0.2907813787460327,1
item_02123,topical,P2,1,q10,1,0.06459148973226547,0
item_02125,active,P2,0,q01,1,0.9994441866874695,1
item_02125,active,P2,1,q10,0,0.9999047517776489,0
item_02126,passive,P2,0,q01,0,0.9998036026954651,0
item_02126,passive,P2,1,q10,1,0.999985933303833,1
item_02127,cleft,P2,0,q01,1,0.9980654120445251,1
item_02127,cleft,P2,1,q10,0,0.9972033500671387,0
item_02128,topical,P2,0,q01,0,0.3442741632461548,1
item_02128,topical,P2,1,q10,1,0.1069856584072113,0
item_02130,active,P2,0,q01,1,0.9997243285179138,1
item_02130,active,P2,1,q10,0,0.9998823404312134,0
item_02131,passive,P2,0,q01,0,0.9999130964279175,0
item_02131,passive,P2,1,q10,1,0.9999921321868896,1
item_02132,cleft,P2,0,q01,1,0.9996318817138672,1
item_02132,cleft,P2,1,q10,0,0.9971567392349243,0
item_02133,topical,P2,0,q01,0,0.21253709495067596,1
item_02133,topical,P2,1,q10,1,0.07371946424245834,0
item_02135,active,P2,0,q01,1,0.9986020922660828,1
item_02135,active,P2,1,q10,0,0.9998268485069275,0
item_02136,passive,P2,0,q01,0,0.9991623163223267,0
item_02136,passive,P2,1,q10,1,0.9999936819076538,1
item_02137,cleft,P2,0,q01,1,0.9426765441894531,1
item_02137,cleft,P2,1,q10,0,0.9833964705467224,0
item_02138,topical,P2,0,q01,0,0.046675000339746475,1
item_02138,topical,P2,1,q10,1,0.12336557358503342,0
item_02140,active,P2,0,q01,1,0.9978988170623779,1
item_02140,active,P2,1,q10,0,0.9994612336158752,0
item_02141,passive,P2,0,q01,0,0.9999747276306152,0
item_02141,passive,P2,1,q10,1,0.9999892711639404,1
item_02142,cleft,P2,0,q01,1,0.9763213992118835,1
item_02142,cleft,P2,1,q10,0,0.9267992377281189,0
item_02143,topical,P2,0,q01,0,0.09601540863513947,1
item_02143,topical,P2,1,q10,1,0.06380487233400345,0
item_02145,active,P2,0,q01,1,0.9829081296920776,1
item_02145,active,P2,1,q10,0,0.9991565942764282,0
item_02146,passive,P2,0,q01,0,0.9999409914016724,0
item_02146,passive,P2,1,q10,1,0.9999916553497314,1
item_02147,cleft,P2,0,q01,1,0.7214258313179016,1
item_02147,cleft,P2,1,q10,0,0.9776871800422668,0
item_02148,topical,P2,0,q01,0,0.3912889361381531,1
item_02148,topical,P2,1,q10,1,0.12516967952251434,0
item_02150,active,P2,0,q01,1,0.9970139265060425,1
item_02150,active,P2,1,q10,0,0.9996349811553955,0
item_02151,passive,P2,0,q01,0,0.9997909665107727,0
item_02151,passive,P2,1,q10,1,0.9999932050704956,1
item_02152,cleft,P2,0,q01,1,0.9964052438735962,1
item_02152,cleft,P2,1,q10,0,0.9935106635093689,0
item_02153,topical,P2,0,q01,0,0.16503684222698212,1
item_02153,topical,P2,1,q10,1,0.1104331910610199,0
item_02155,active,P2,0,q01,1,0.9870718121528625,1
item_02155,active,P2,1,q10,0,0.9995244741439819,0
item_02156,passive,P2,0,q01,0,0.999936580657959,0
item_02156,passive,P2,1,q10,1,0.9999973773956299,1
item_02157,cleft,P2,0,q01,1,0.9383916854858398,1
item_02157,cleft,P2,1,q10,0,0.9936336278915405,0
item_02158,topical,P2,0,q01,0,0.1823856085538864,1
item_02158,topical,P2,1,q10,1,0.07638561725616455,0
item_02160,active,P2,0,q01,1,0.9996849298477173,1
item_02160,active,P2,1,q10,0,0.999442994594574,0
item_02161,passive,P2,0,q01,0,0.999937891960144,0
item_02161,passive,P2,1,q10,1,0.9999927282333374,1
item_02162,cleft,P2,0,q01,1,0.9931303858757019,1
item_02162,cleft,P2,1,q10,0,0.9791985750198364,0
item_02163,topical,P2,0,q01,0,0.08273312449455261,1
item_02163,topical,P2,1,q10,1,0.09937585890293121,0
item_02165,active,P2,0,q01,1,0.9931567311286926,1
item_02165,active,P2,1,q10,0,0.9996107220649719,0
item_02166,passive,P2,0,q01,0,0.9998561143875122,0
item_02166,passive,P2,1,q10,1,0.9999916553497314,1
item_02167,cleft,P2,0,q01,1,0.9070123434066772,1
item_02167,cleft,P2,1,q10,0,0.984623372554779,0
item_02168,topical,P2,0,q01,0,0.4831642210483551,1
item_02168,topical,P2,1,q10,1,0.07338960468769073,0
item_02170,active,P2,0,q01,1,0.9996662139892578,1
item_02170,active,P2,1,q10,0,0.9996874332427979,0
item_02171,passive,P2,0,q01,0,0.9999439716339111,0
item_02171,passive,P2,1,q10,1,0.9999796152114868,1
item_02172,cleft,P2,0,q01,1,0.999214768409729,1
item_02172,cleft,P2,1,q10,0,0.9428325295448303,0
item_02173,topical,P2,0,q01,0,0.049913883209228516,1
item_02173,topical,P2,1,q10,1,0.03939680755138397,0
item_02175,active,P2,0,q01,1,0.9985976815223694,1
item_02175,active,P2,1,q10,0,0.9997566342353821,0
item_02176,passive,P2,0,q01,0,0.9997679591178894,0
item_02176,passive,P2,1,q10,1,0.9999842643737793,1
item_02177,cleft,P2,0,q01,1,0.9767304062843323,1
item_02177,cleft,P2,1,q10,0,0.977218747138977,0
item_02178,topical,P2,0,q01,0,0.15472711622714996,1
item_02178,topical,P2,1,q10,1,0.08366765081882477,0
item_02180,active,P2,0,q01,1,0.9945810437202454,1
item_02180,active,P2,1,q10,0,0.9996691942214966,0
item_02181,passive,P2,0,q01,0,0.9999183416366577,0
item_02181,passive,P2,1,q10,1,0.9999982118606567,1
item_02182,cleft,P2,0,q01,1,0.97413569688797,1
item_02182,cleft,P2,1,q10,0,0.9855916500091553,0
item_02183,topical,P2,0,q01,0,0.05473579466342926,1
item_02183,topical,P2,1,q10,1,0.11240898072719574,0
item_02185,active,P2,0,q01,1,0.9936037659645081,1
item_02185,active,P2,1,q10,0,0.9996535778045654,0
item_02186,passive,P2,0,q01,0,0.9999293088912964,0
item_02186,passive,P2,1,q10,1,0.9999959468841553,1
item_02187,cleft,P2,0,q01,1,0.9919576644897461,1
item_02187,cleft,P2,1,q10,0,0.9936705827713013,0
item_02188,topical,P2,0,q01,0,0.13129164278507233,1
item_02188,topical,P2,1,q10,1,0.051434703171253204,0
item_02190,active,P2,0,q01,1,0.9950291514396667,1
item_02190,active,P2,1,q10,0,0.9996864795684814,0
item_02191,passive,P2,0,q01,0,0.9999328851699829,0
item_02191,passive,P2,1,q10,1,0.9999982118606567,1
item_02192,cleft,P2,0,q01,1,0.9855161309242249,1
item_02192,cleft,P2,1,q10,0,0.9924863576889038,0
item_02193,topical,P2,0,q01,0,0.10268378257751465,1
item_02193,topical,P2,1,q10,1,0.11559099704027176,0
item_02195,active,P2,0,q01,1,0.9998254179954529,1
item_02195,active,P2,1,q10,0,0.999908447265625,0
item_02196,passive,P2,0,q01,0,0.9999401569366455,0
item_02196,passive,P2,1,q10,1,0.999988317489624,1
item_02197,cleft,P2,0,q01,1,0.9988190531730652,1
item_02197,cleft,P2,1,q10,0,0.9910005927085876,0
item_02198,topical,P2,0,q01,0,0.16024723649024963,1
item_02198,topical,P2,1,q10,1,0.2168077826499939,0
item_02200,active,P2,0,q01,1,0.9865476489067078,1
item_02200,active,P2,1,q10,0,0.9997991919517517,0
item_02201,passive,P2,0,q01,0,0.996212363243103,0
item_02201,passive,P2,1,q10,1,0.9980658888816833,1
item_02202,cleft,P2,0,q01,1,0.9796909689903259,1
item_02202,cleft,P2,1,q10,0,0.9997885823249817,0
item_02203,topical,P2,0,q01,0,0.8965937495231628,0
item_02203,topical,P2,1,q10,1,0.061094868928194046,0
item_02205,active,P2,0,q01,1,0.9981576800346375,1
item_02205,active,P2,1,q10,0,0.9992899894714355,0
item_02206,passive,P2,0,q01,0,0.9999502897262573,0
item_02206,passive,P2,1,q10,1,0.9999856948852539,1
item_02207,cleft,P2,0,q01,1,0.9481073021888733,1
item_02207,cleft,P2,1,q10,0,0.9254679679870605,0
item_02208,topical,P2,0,q01,0,0.33425140380859375,1
item_02208,topical,P2,1,q10,1,0.08453275263309479,0
item_02210,active,P2,0,q01,1,0.9986158609390259,1
item_02210,active,P2,1,q10,0,0.9997537732124329,0
item_02211,passive,P2,0,q01,0,0.9998233914375305,0
item_02211,passive,P2,1,q10,1,0.9999673366546631,1
item_02212,cleft,P2,0,q01,1,0.9884445667266846,1
item_02212,cleft,P2,1,q10,0,0.9834768176078796,0
item_02213,topical,P2,0,q01,0,0.14548814296722412,1
item_02213,topical,P2,1,q10,1,0.05970139056444168,0
item_02215,active,P2,0,q01,1,0.9855363965034485,1
item_02215,active,P2,1,q10,0,0.999036431312561,0
item_02216,passive,P2,0,q01,0,0.9998032450675964,0
item_02216,passive,P2,1,q10,1,0.9999868869781494,1
item_02217,cleft,P2,0,q01,1,0.9567910432815552,1
item_02217,cleft,P2,1,q10,0,0.9946840405464172,0
item_02218,topical,P2,0,q01,0,0.35981231927871704,1
item_02218,topical,P2,1,q10,1,0.07040043920278549,0
item_02220,active,P2,0,q01,1,0.9988728165626526,1
item_02220,active,P2,1,q10,0,0.9997714161872864,0
item_02221,passive,P2,0,q01,0,0.9999679327011108,0
item_02221,passive,P2,1,q10,1,0.999984622001648,1
item_02222,cleft,P2,0,q01,1,0.9832636713981628,1
item_02222,cleft,P2,1,q10,0,0.9795616865158081,0
item_02223,topical,P2,0,q01,0,0.2341133952140808,1
item_02223,topical,P2,1,q10,1,0.05867346003651619,0
item_02225,active,P2,0,q01,1,0.9939654469490051,1
item_02225,active,P2,1,q10,0,0.9986754059791565,0
item_02226,passive,P2,0,q01,0,0.9999669790267944,0
item_02226,passive,P2,1,q10,1,0.9999912977218628,1
item_02227,cleft,P2,0,q01,1,0.9696699380874634,1
item_02227,cleft,P2,1,q10,0,0.967613160610199,0
item_02228,topical,P2,0,q01,0,0.056546200066804886,1
item_02228,topical,P2,1,q10,1,0.10768786072731018,0
item_02230,active,P2,0,q01,1,0.7633829116821289,1
item_02230,active,P2,1,q10,0,0.9986880421638489,0
item_02231,passive,P2,0,q01,0,0.9999822378158569,0
item_02231,passive,P2,1,q10,1,0.9999940395355225,1
item_02232,cleft,P2,0,q01,1,0.24241295456886292,0
item_02232,cleft,P2,1,q10,0,0.9632716774940491,0
item_02233,topical,P2,0,q01,0,0.15585924685001373,1
item_02233,topical,P2,1,q10,1,0.1097513735294342,0
item_02235,active,P2,0,q01,1,0.9986339211463928,1
item_02235,active,P2,1,q10,0,0.9998635053634644,0
item_02236,passive,P2,0,q01,0,0.9997919201850891,0
item_02236,passive,P2,1,q10,1,0.99997878074646,1
item_02237,cleft,P2,0,q01,1,0.9499011039733887,1
item_02237,cleft,P2,1,q10,0,0.9891101121902466,0
item_02238,topical,P2,0,q01,0,0.5109310150146484,0
item_02238,topical,P2,1,q10,1,0.13223770260810852,0
item_02240,active,P2,0,q01,1,0.9990389347076416,1
item_02240,active,P2,1,q10,0,0.9997125267982483,0
item_02241,passive,P2,0,q01,0,0.9984278678894043,0
item_02241,passive,P2,1,q10,1,0.9999878406524658,1
item_02242,cleft,P2,0,q01,1,0.9836334586143494,1
item_02242,cleft,P2,1,q10,0,0.9955859184265137,0
item_02243,topical,P2,0,q01,0,0.04122576862573624,1
item_02243,topical,P2,1,q10,1,0.11562488228082657,0
item_02245,active,P2,0,q01,1,0.9767357707023621,1
item_02245,active,P2,1,q10,0,0.9990538954734802,0
item_02246,passive,P2,0,q01,0,0.9998806715011597,0
item_02246,passive,P2,1,q10,1,0.9999852180480957,1
item_02247,cleft,P2,0,q01,1,0.7569369673728943,1
item_02247,cleft,P2,1,q10,0,0.9848263263702393,0
item_02248,topical,P2,0,q01,0,0.5331748127937317,0
item_02248,topical,P2,1,q10,1,0.0655064582824707,0
item_02250,active,P2,0,q01,1,0.9976170659065247,1
item_02250,active,P2,1,q10,0,0.9999140501022339,0
item_02251,passive,P2,0,q01,0,0.9999371767044067,0
item_02251,passive,P2,1,q10,1,0.9999920129776001,1
item_02252,cleft,P2,0,q01,1,0.9789205193519592,1
item_02252,cleft,P2,1,q10,0,0.9971441626548767,0
item_02253,topical,P2,0,q01,0,0.11122657358646393,1
item_02253,topical,P2,1,q10,1,0.08523847907781601,0
item_02255,active,P2,0,q01,1,0.9990153312683105,1
item_02255,active,P2,1,q10,0,0.9998190999031067,0
item_02256,passive,P2,0,q01,0,0.9998766183853149,0
item_02256,passive,P2,1,q10,1,0.9999967813491821,1
item_02257,cleft,P2,0,q01,1,0.9992461204528809,1
item_02257,cleft,P2,1,q10,0,0.994918167591095,0
item_02258,topical,P2,0,q01,0,0.44306138157844543,1
item_02258,topical,P2,1,q10,1,0.10193809866905212,0
item_02260,active,P2,0,q01,1,0.9978894591331482,1
item_02260,active,P2,1,q10,0,0.9998278617858887,0
item_02261,passive,P2,0,q01,0,0.9999418258666992,0
item_02261,passive,P2,1,q10,1,0.9999964237213135,1
item_02262,cleft,P2,0,q01,1,0.9866884350776672,1
item_02262,cleft,P2,1,q10,0,0.9947366118431091,0
item_02263,topical,P2,0,q01,0,0.030792351812124252,1
item_02263,topical,P2,1,q10,1,0.1728249341249466,0
item_02265,active,P2,0,q01,1,0.9957483410835266,1
item_02265,active,P2,1,q10,0,0.9996635913848877,0
item_02266,passive,P2,0,q01,0,0.999946117401123,0
item_02266,passive,P2,1,q10,1,0.9999792575836182,1
item_02267,cleft,P2,0,q01,1,0.9440414905548096,1
item_02267,cleft,P2,1,q10,0,0.9847846031188965,0
item_02268,topical,P2,0,q01,0,0.2816190719604492,1
item_02268,topical,P2,1,q10,1,0.06981159746646881,0
item_02270,active,P2,0,q01,1,0.996905505657196,1
item_02270,active,P2,1,q10,0,0.9998339414596558,0
item_02271,passive,P2,0,q01,0,0.9998161196708679,0
item_02271,passive,P2,1,q10,1,0.9999659061431885,1
item_02272,cleft,P2,0,q01,1,0.8500502705574036,1
item_02272,cleft,P2,1,q10,0,0.9843432903289795,0
item_02273,topical,P2,0,q01,0,0.102553591132164,1
item_02273,topical,P2,1,q10,1,0.09229063242673874,0
item_02275,active,P2,0,q01,1,0.9984830021858215,1
item_02275,active,P2,1,q10,0,0.9993547797203064,0
item_02276,passive,P2,0,q01,0,0.9999666213989258,0
item_02276,passive,P2,1,q10,1,0.9999823570251465,1
item_02277,cleft,P2,0,q01,1,0.9787173867225647,1
item_02277,cleft,P2,1,q10,0,0.9748374819755554,0
item_02278,topical,P2,0,q01,0,0.32600459456443787,1
item_02278,topical,P2,1,q10,1,0.05675079673528671,0
item_02280,active,P2,0,q01,1,0.9979117512702942,1
item_02280,active,P2,1,q10,0,0.9997335076332092,0
item_02281,passive,P2,0,q01,0,0.999970555305481,0
item_02281,passive,P2,1,q10,1,0.9999425411224365,1
item_02282,cleft,P2,0,q01,1,0.9691300988197327,1
item_02282,cleft,P2,1,q10,0,0.9879948496818542,0
item_02283,topical,P2,0,q01,0,0.398530513048172,1
item_02283,topical,P2,1,q10,1,0.03986155986785889,0
item_02285,active,P2,0,q01,1,0.9996737241744995,1
item_02285,active,P2,1,q10,0,0.9999352693557739,0
item_02286,passive,P2,0,q01,0,0.9998915195465088,0
item_02286,passive,P2,1,q10,1,0.9999949932098389,1
item_02287,cleft,P2,0,q01,1,0.9996046423912048,1
item_02287,cleft,P2,1,q10,0,0.9994438290596008,0
item_02288,topical,P2,0,q01,0,0.06580156832933426,1
item_02288,topical,P2,1,q10,1,0.12227524816989899,0
item_02290,active,P2,0,q01,1,0.9993162155151367,1
item_02290,active,P2,1,q10,0,0.9998518228530884,0
item_02291,passive,P2,0,q01,0,0.9982032775878906,0
item_02291,passive,P2,1,q10,1,0.9989277720451355,1
item_02292,cleft,P2,0,q01,1,0.9994441866874695,1
item_02292,cleft,P2,1,q10,0,0.9999083280563354,0
item_02293,topical,P2,0,q01,0,0.8515457510948181,0
item_02293,topical,P2,1,q10,1,0.08546055853366852,0
item_02295,active,P2,0,q01,1,0.9938629865646362,1
item_02295,active,P2,1,q10,0,0.9997866749763489,0
item_02296,passive,P2,0,q01,0,0.9970435500144958,0
item_02296,passive,P2,1,q10,1,0.9990171194076538,1
item_02297,cleft,P2,0,q01,1,0.9968973398208618,1
item_02297,cleft,P2,1,q10,0,0.9999079704284668,0
item_02298,topical,P2,0,q01,0,0.781787633895874,0
item_02298,topical,P2,1,q10,1,0.05795418843626976,0
item_02300,active,P2,0,q01,1,0.9990381002426147,1
item_02300,active,P2,1,q10,0,0.9996730089187622,0
item_02301,passive,P2,0,q01,0,0.9997581839561462,0
item_02301,passive,P2,1,q10,1,0.9999924898147583,1
item_02302,cleft,P2,0,q01,1,0.9855016469955444,1
item_02302,cleft,P2,1,q10,0,0.9688453674316406,0
item_02303,topical,P2,0,q01,0,0.09461326152086258,1
item_02303,topical,P2,1,q10,1,0.15973864495754242,0
item_02305,active,P2,0,q01,1,0.9993780851364136,1
item_02305,active,P2,1,q10,0,0.9997162222862244,0
item_02306,passive,P2,0,q01,0,0.999931812286377,0
item_02306,passive,P2,1,q10,1,0.9999914169311523,1
item_02307,cleft,P2,0,q01,1,0.9724828600883484,1
item_02307,cleft,P2,1,q10,0,0.9854857921600342,0
item_02308,topical,P2,0,q01,0,0.4576035439968109,1
item_02308,topical,P2,1,q10,1,0.05778055638074875,0
item_02310,active,P2,0,q01,1,0.9919155240058899,1
item_02310,active,P2,1,q10,0,0.9996534585952759,0
item_02311,passive,P2,0,q01,0,0.9999635219573975,0
item_02311,passive,P2,1,q10,1,0.9999920129776001,1
item_02312,cleft,P2,0,q01,1,0.9745076894760132,1
item_02312,cleft,P2,1,q10,0,0.9933157563209534,0
item_02313,topical,P2,0,q01,0,0.37129929661750793,1
item_02313,topical,P2,1,q10,1,0.06822138279676437,0
item_02315,active,P2,0,q01,1,0.9990909099578857,1
item_02315,active,P2,1,q10,0,0.9998997449874878,0
item_02316,passive,P2,0,q01,0,0.999961256980896,0
item_02316,passive,P2,1,q10,1,0.9999904632568359,1
item_02317,cleft,P2,0,q01,1,0.9891976714134216,1
item_02317,cleft,P2,1,q10,0,0.9973562955856323,0
item_02318,topical,P2,0,q01,0,0.09243828058242798,1
item_02318,topical,P2,1,q10,1,0.12758274376392365,0
item_02320,active,P2,0,q01,1,0.9991369843482971,1
item_02320,active,P2,1,q10,0,0.9998682737350464,0
item_02321,passive,P2,0,q01,0,0.9975988268852234,0
item_02321,passive,P2,1,q10,1,0.9965799450874329,1
item_02322,cleft,P2,0,q01,1,0.9988226294517517,1
item_02322,cleft,P2,1,q10,0,0.9998903274536133,0
item_02323,topical,P2,0,q01,0,0.7610937356948853,0
item_02323,topical,P2,1,q10,1,0.017314327880740166,0
item_02325,active,P2,0,q01,1,0.9960519671440125,1
item_02325,active,P2,1,q10,0,0.998902440071106,0
item_02326,passive,P2,0,q01,0,0.9999668598175049,0
item_02326,passive,P2,1,q10,1,0.999988317489624,1
item_02327,cleft,P2,0,q01,1,0.9718656539916992,1
item_02327,cleft,P2,1,q10,0,0.8755639791488647,0
item_02328,topical,P2,0,q01,0,0.05000264197587967,1
item_02328,topical,P2,1,q10,1,0.06179947033524513,0
item_02330,active,P2,0,q01,1,0.9968083500862122,1
item_02330,active,P2,1,q10,0,0.9997239708900452,0
item_02331,passive,P2,0,q01,0,0.9999176263809204,0
item_02331,passive,P2,1,q10,1,0.9999946355819702,1
item_02332,cleft,P2,0,q01,1,0.9822921752929688,1
item_02332,cleft,P2,1,q10,0,0.9934695959091187,0
item_02333,topical,P2,0,q01,0,0.2825879156589508,1
item_02333,topical,P2,1,q10,1,0.14718025922775269,0
item_02335,active,P2,0,q01,1,0.9983114004135132,1
item_02335,active,P2,1,q10,0,0.9998176693916321,0
item_02336,passive,P2,0,q01,0,0.9991211295127869,0
item_02336,passive,P2,1,q10,1,0.9960046410560608,1
item_02337,cleft,P2,0,q01,1,0.9984253644943237,1
item_02337,cleft,P2,1,q10,0,0.9999094009399414,0
item_02338,topical,P2,0,q01,0,0.8879505395889282,0
item_02338,topical,P2,1,q10,1,0.01321727316826582,0
item_02340,active,P2,0,q01,1,0.9961985945701599,1
item_02340,active,P2,1,q10,0,0.9998393058776855,0
item_02341,passive,P2,0,q01,0,0.9999827146530151,0
item_02341,passive,P2,1,q10,1,0.9999948740005493,1
item_02342,cleft,P2,0,q01,1,0.9785555601119995,1
item_02342,cleft,P2,1,q10,0,0.9936158657073975,0
item_02343,topical,P2,0,q01,0,0.09351254999637604,1
item_02343,topical,P2,1,q10,1,0.13367825746536255,0
item_02345,active,P2,0,q01,1,0.9715210199356079,1
item_02345,active,P2,1,q10,0,0.9989578723907471,0
item_02346,passive,P2,0,q01,0,0.9998412132263184,0
item_02346,passive,P2,1,q10,1,0.9999967813491821,1
item_02347,cleft,P2,0,q01,1,0.748929500579834,1
item_02347,cleft,P2,1,q10,0,0.9839363098144531,0
item_02348,topical,P2,0,q01,0,0.11791439354419708,1
item_02348,topical,P2,1,q10,1,0.14775897562503815,0
item_02350,active,P2,0,q01,1,0.954830527305603,1
item_02350,active,P2,1,q10,0,0.9980579018592834,0
item_02351,passive,P2,0,q01,0,0.999951958656311,0
item_02351,passive,P2,1,q10,1,0.9999971389770508,1
item_02352,cleft,P2,0,q01,1,0.9332451224327087,1
item_02352,cleft,P2,1,q10,0,0.9899466633796692,0
item_02353,topical,P2,0,q01,0,0.6504235863685608,0
item_02353,topical,P2,1,q10,1,0.24018195271492004,0
item_02355,active,P2,0,q01,1,0.9902819395065308,1
item_02355,active,P2,1,q10,0,0.9987205266952515,0
item_02356,passive,P2,0,q01,0,0.999645471572876,0
item_02356,passive,P2,1,q10,1,0.9999963045120239,1
item_02357,cleft,P2,0,q01,1,0.9660290479660034,1
item_02357,cleft,P2,1,q10,0,0.9601438641548157,0
item_02358,topical,P2,0,q01,0,0.15319961309432983,1
item_02358,topical,P2,1,q10,1,0.10618337243795395,0
item_02360,active,P2,0,q01,1,0.9992362260818481,1
item_02360,active,P2,1,q10,0,0.9998871088027954,0
item_02361,passive,P2,0,q01,0,0.9999297857284546,0
item_02361,passive,P2,1,q10,1,0.9999833106994629,1
item_02362,cleft,P2,0,q01,1,0.9991406202316284,1
item_02362,cleft,P2,1,q10,0,0.9994257688522339,0
item_02363,topical,P2,0,q01,0,0.3309459686279297,1
item_02363,topical,P2,1,q10,1,0.04635699465870857,0
item_02365,active,P2,0,q01,1,0.998842179775238,1
item_02365,active,P2,1,q10,0,0.998551070690155,0
item_02366,passive,P2,0,q01,0,0.9998722076416016,0
item_02366,passive,P2,1,q10,1,0.9999973773956299,1
item_02367,cleft,P2,0,q01,1,0.9991764426231384,1
item_02367,cleft,P2,1,q10,0,0.910097599029541,0
item_02368,topical,P2,0,q01,0,0.04163114354014397,1
item_02368,topical,P2,1,q10,1,0.15894277393817902,0
item_02370,active,P2,0,q01,1,0.998737633228302,1
item_02370,active,P2,1,q10,0,0.9991183876991272,0
item_02371,passive,P2,0,q01,0,0.9999234676361084,0
item_02371,passive,P2,1,q10,1,0.9999978542327881,1
item_02372,cleft,P2,0,q01,1,0.9239455461502075,1
item_02372,cleft,P2,1,q10,0,0.9487861394882202,0
item_02373,topical,P2,0,q01,0,0.033000584691762924,1
item_02373,topical,P2,1,q10,1,0.10842961817979813,0
item_02375,active,P2,0,q01,1,0.9996961355209351,1
item_02375,active,P2,1,q10,0,0.9999160766601562,0
item_02376,passive,P2,0,q01,0,0.9999449253082275,0
item_02376,passive,P2,1,q10,1,0.9999898672103882,1
item_02377,cleft,P2,0,q01,1,0.9996340274810791,1
item_02377,cleft,P2,1,q10,0,0.9940474033355713,0
item_02378,topical,P2,0,q01,0,0.12038165330886841,1
item_02378,topical,P2,1,q10,1,0.04663738235831261,0
item_02380,active,P2,0,q01,1,0.9982411861419678,1
item_02380,active,P2,1,q10,0,0.9996960163116455,0
item_02381,passive,P2,0,q01,0,0.9999568462371826,0
item_02381,passive,P2,1,q10,1,0.9999797344207764,1
item_02382,cleft,P2,0,q01,1,0.9923760294914246,1
item_02382,cleft,P2,1,q10,0,0.98868328332901,0
item_02383,topical,P2,0,q01,0,0.3439673185348511,1
item_02383,topical,P2,1,q10,1,0.030982086434960365,0
item_02385,active,P2,0,q01,1,0.9976601600646973,1
item_02385,active,P2,1,q10,0,0.9996867179870605,0
item_02386,passive,P2,0,q01,0,0.9997166991233826,0
item_02386,passive,P2,1,q10,1,0.9999932050704956,1
item_02387,cleft,P2,0,q01,1,0.984531581401825,1
item_02387,cleft,P2,1,q10,0,0.9920263886451721,0
item_02388,topical,P2,0,q01,0,0.02567177079617977,1
item_02388,topical,P2,1,q10,1,0.06544491648674011,0
item_02390,active,P2,0,q01,1,0.9945939183235168,1
item_02390,active,P2,1,q10,0,0.999256432056427,0
item_02391,passive,P2,0,q01,0,0.9999700784683228,0
item_02391,passive,P2,1,q10,1,0.9999732971191406,1
item_02392,cleft,P2,0,q01,1,0.944961667060852,1
item_02392,cleft,P2,1,q10,0,0.9834632277488708,0
item_02393,topical,P2,0,q01,0,0.1538563221693039,1
item_02393,topical,P2,1,q10,1,0.057722482830286026,0
item_02395,active,P2,0,q01,1,0.9995135068893433,1
item_02395,active,P2,1,q10,0,0.9996994733810425,0
item_02396,passive,P2,0,q01,0,0.9998393058776855,0
item_02396,passive,P2,1,q10,1,0.9999916553497314,1
item_02397,cleft,P2,0,q01,1,0.9993089437484741,1
item_02397,cleft,P2,1,q10,0,0.994880199432373,0
item_02398,topical,P2,0,q01,0,0.38980230689048767,1
item_02398,topical,P2,1,q10,1,0.12952551245689392,0
item_02400,active,P2,0,q01,1,0.9982826709747314,1
item_02400,active,P2,1,q10,0,0.9995075464248657,0
item_02401,passive,P2,0,q01,0,0.9999496936798096,0
item_02401,passive,P2,1,q10,1,0.9999743700027466,1
item_02402,cleft,P2,0,q01,1,0.9879882335662842,1
item_02402,cleft,P2,1,q10,0,0.9787899851799011,0
item_02403,topical,P2,0,q01,0,0.45988187193870544,1
item_02403,topical,P2,1,q10,1,0.04963846504688263,0
item_02405,active,P2,0,q01,1,0.9975371360778809,1
item_02405,active,P2,1,q10,0,0.9982838034629822,0
item_02406,passive,P2,0,q01,0,0.999948263168335,0
item_02406,passive,P2,1,q10,1,0.9999897480010986,1
item_02407,cleft,P2,0,q01,1,0.9846453070640564,1
item_02407,cleft,P2,1,q10,0,0.9808945059776306,0
item_02408,topical,P2,0,q01,0,0.25880271196365356,1
item_02408,topical,P2,1,q10,1,0.08077304810285568,0
item_02410,active,P2,0,q01,1,0.9920896291732788,1
item_02410,active,P2,1,q10,0,0.9998519420623779,0
item_02411,passive,P2,0,q01,0,0.9994651675224304,0
item_02411,passive,P2,1,q10,1,0.9998884201049805,1
item_02412,cleft,P2,0,q01,1,0.9639276266098022,1
item_02412,cleft,P2,1,q10,0,0.9987543821334839,0
item_02413,topical,P2,0,q01,0,0.581551730632782,0
item_02413,topical,P2,1,q10,1,0.0650474801659584,0
item_02415,active,P2,0,q01,1,0.9989006519317627,1
item_02415,active,P2,1,q10,0,0.9998316764831543,0
item_02416,passive,P2,0,q01,0,0.9986752867698669,0
item_02416,passive,P2,1,q10,1,0.999994158744812,1
item_02417,cleft,P2,0,q01,1,0.9912083148956299,1
item_02417,cleft,P2,1,q10,0,0.9975603818893433,0
item_02418,topical,P2,0,q01,0,0.08138121664524078,1
item_02418,topical,P2,1,q10,1,0.16073884069919586,0
item_02420,active,P2,0,q01,1,0.9974508881568909,1
item_02420,active,P2,1,q10,0,0.9998136162757874,0
item_02421,passive,P2,0,q01,0,0.9979301691055298,0
item_02421,passive,P2,1,q10,1,0.9999754428863525,1
item_02422,cleft,P2,0,q01,1,0.7934227585792542,1
item_02422,cleft,P2,1,q10,0,0.9679710268974304,0
item_02423,topical,P2,0,q01,0,0.01064261607825756,1
item_02423,topical,P2,1,q10,1,0.07850883156061172,0
item_02425,active,P2,0,q01,1,0.9950123429298401,1
item_02425,active,P2,1,q10,0,0.9992132186889648,0
item_02426,passive,P2,0,q01,0,0.999816358089447,0
item_02426,passive,P2,1,q10,1,0.9999916553497314,1
item_02427,cleft,P2,0,q01,1,0.9876053333282471,1
item_02427,cleft,P2,1,q10,0,0.9953212141990662,0
item_02428,topical,P2,0,q01,0,0.19780470430850983,1
item_02428,topical,P2,1,q10,1,0.07775856554508209,0
item_02430,active,P2,0,q01,1,0.9934107661247253,1
item_02430,active,P2,1,q10,0,0.9996408224105835,0
item_02431,passive,P2,0,q01,0,0.999931812286377,0
item_02431,passive,P2,1,q10,1,0.9999936819076538,1
item_02432,cleft,P2,0,q01,1,0.9167764186859131,1
item_02432,cleft,P2,1,q10,0,0.990054726600647,0
item_02433,topical,P2,0,q01,0,0.25826582312583923,1
item_02433,topical,P2,1,q10,1,0.07331446558237076,0
item_02435,active,P2,0,q01,1,0.9981531500816345,1
item_02435,active,P2,1,q10,0,0.9976835250854492,0
item_02436,passive,P2,0,q01,0,0.9999092817306519,0
item_02436,passive,P2,1,q10,1,0.9999853372573853,1
item_02437,cleft,P2,0,q01,1,0.9724174737930298,1
item_02437,cleft,P2,1,q10,0,0.9456342458724976,0
item_02438,topical,P2,0,q01,0,0.27227821946144104,1
item_02438,topical,P2,1,q10,1,0.1081012710928917,0
item_02440,active,P2,0,q01,1,0.8895677924156189,1
item_02440,active,P2,1,q10,0,0.9992934465408325,0
item_02441,passive,P2,0,q01,0,0.9953535795211792,0
item_02441,passive,P2,1,q10,1,0.9982278943061829,1
item_02442,cleft,P2,0,q01,1,0.8782987594604492,1
item_02442,cleft,P2,1,q10,0,0.9995943903923035,0
item_02443,topical,P2,0,q01,0,0.7058430910110474,0
item_02443,topical,P2,1,q10,1,0.13381998240947723,0
item_02445,active,P2,0,q01,1,0.9983943104743958,1
item_02445,active,P2,1,q10,0,0.9990676045417786,0
item_02446,passive,P2,0,q01,0,0.9999608993530273,0
item_02446,passive,P2,1,q10,1,0.9999896287918091,1
item_02447,cleft,P2,0,q01,1,0.9736939668655396,1
item_02447,cleft,P2,1,q10,0,0.8898233771324158,0
item_02448,topical,P2,0,q01,0,0.06593870371580124,1
item_02448,topical,P2,1,q10,1,0.07400934398174286,0
item_02450,active,P2,0,q01,1,0.9997689127922058,1
item_02450,active,P2,1,q10,0,0.999829888343811,0
item_02451,passive,P2,0,q01,0,0.9998496770858765,0
item_02451,passive,P2,1,q10,1,0.9999885559082031,1
item_02452,cleft,P2,0,q01,1,0.9992668032646179,1
item_02452,cleft,P2,1,q10,0,0.9954835176467896,0
item_02453,topical,P2,0,q01,0,0.04439431056380272,1
item_02453,topical,P2,1,q10,1,0.11732115596532822,0
item_02455,active,P2,0,q01,1,0.9945805668830872,1
item_02455,active,P2,1,q10,0,0.9991864562034607,0
item_02456,passive,P2,0,q01,0,0.9992350339889526,0
item_02456,passive,P2,1,q10,1,0.9999634027481079,1
item_02457,cleft,P2,0,q01,1,0.9976280331611633,1
item_02457,cleft,P2,1,q10,0,0.9988654851913452,0
item_02458,topical,P2,0,q01,0,0.4495926797389984,1
item_02458,topical,P2,1,q10,1,0.1111208125948906,0
item_02460,active,P2,0,q01,1,0.9987764954566956,1
item_02460,active,P2,1,q10,0,0.9995608925819397,0
item_02461,passive,P2,0,q01,0,0.9999362230300903,0
item_02461,passive,P2,1,q10,1,0.9999759197235107,1
item_02462,cleft,P2,0,q01,1,0.9976377487182617,1
item_02462,cleft,P2,1,q10,0,0.9949226975440979,0
item_02463,topical,P2,0,q01,0,0.0511355921626091,1
item_02463,topical,P2,1,q10,1,0.06515461206436157,0
item_02465,active,P2,0,q01,1,0.9982144832611084,1
item_02465,active,P2,1,q10,0,0.9999144077301025,0
item_02466,passive,P2,0,q01,0,0.9997687935829163,0
item_02466,passive,P2,1,q10,1,0.9999954700469971,1
item_02467,cleft,P2,0,q01,1,0.9868822693824768,1
item_02467,cleft,P2,1,q10,0,0.995064914226532,0
item_02468,topical,P2,0,q01,0,0.2029743492603302,1
item_02468,topical,P2,1,q10,1,0.05693694204092026,0
item_02470,active,P2,0,q01,1,0.9450588822364807,1
item_02470,active,P2,1,q10,0,0.994503378868103,0
item_02471,passive,P2,0,q01,0,0.9999593496322632,0
item_02471,passive,P2,1,q10,1,0.999985933303833,1
item_02472,cleft,P2,0,q01,1,0.6354274749755859,1
item_02472,cleft,P2,1,q10,0,0.925745964050293,0
item_02473,topical,P2,0,q01,0,0.626800537109375,0
item_02473,topical,P2,1,q10,1,0.03822160139679909,0
item_02475,active,P2,0,q01,1,0.9862380027770996,1
item_02475,active,P2,1,q10,0,0.9992959499359131,0
item_02476,passive,P2,0,q01,0,0.99952232837677,0
item_02476,passive,P2,1,q10,1,0.9999537467956543,1
item_02477,cleft,P2,0,q01,1,0.9872983694076538,1
item_02477,cleft,P2,1,q10,0,0.9991053938865662,0
item_02478,topical,P2,0,q01,0,0.5179635286331177,0
item_02478,topical,P2,1,q10,1,0.034743838012218475,0
item_02480,active,P2,0,q01,1,0.940626323223114,1
item_02480,active,P2,1,q10,0,0.9988579750061035,0
item_02481,passive,P2,0,q01,0,0.9999138116836548,0
item_02481,passive,P2,1,q10,1,0.9999886751174927,1
item_02482,cleft,P2,0,q01,1,0.42604976892471313,0
item_02482,cleft,P2,1,q10,0,0.9713266491889954,0
item_02483,topical,P2,0,q01,0,0.08476945012807846,1
item_02483,topical,P2,1,q10,1,0.14453063905239105,0
item_02485,active,P2,0,q01,1,0.9950764775276184,1
item_02485,active,P2,1,q10,0,0.9988937973976135,0
item_02486,passive,P2,0,q01,0,0.9998801946640015,0
item_02486,passive,P2,1,q10,1,0.9999879598617554,1
item_02487,cleft,P2,0,q01,1,0.9722213745117188,1
item_02487,cleft,P2,1,q10,0,0.9627693295478821,0
item_02488,topical,P2,0,q01,0,0.04797489196062088,1
item_02488,topical,P2,1,q10,1,0.07462948560714722,0
item_02490,active,P2,0,q01,1,0.9978736639022827,1
item_02490,active,P2,1,q10,0,0.9997902512550354,0
item_02491,passive,P2,0,q01,0,0.9999456405639648,0
item_02491,passive,P2,1,q10,1,0.9999452829360962,1
item_02492,cleft,P2,0,q01,1,0.9898231625556946,1
item_02492,cleft,P2,1,q10,0,0.9960067868232727,0
item_02493,topical,P2,0,q01,0,0.4500393271446228,1
item_02493,topical,P2,1,q10,1,0.024836022406816483,0
item_02495,active,P2,0,q01,1,0.8720055818557739,1
item_02495,active,P2,1,q10,0,0.9994986057281494,0
item_02496,passive,P2,0,q01,0,0.9998750686645508,0
item_02496,passive,P2,1,q10,1,0.9999761581420898,1
item_02497,cleft,P2,0,q01,1,0.31980976462364197,0
item_02497,cleft,P2,1,q10,0,0.979727029800415,0
item_02498,topical,P2,0,q01,0,0.32713744044303894,1
item_02498,topical,P2,1,q10,1,0.0652088150382042,0
item_02500,active,P2,0,q01,1,0.9995575547218323,1
item_02500,active,P2,1,q10,0,0.9997379183769226,0
item_02501,passive,P2,0,q01,0,0.9999407529830933,0
item_02501,passive,P2,1,q10,1,0.9999866485595703,1
item_02502,cleft,P2,0,q01,1,0.9962800145149231,1
item_02502,cleft,P2,1,q10,0,0.9936570525169373,0
item_02503,topical,P2,0,q01,0,0.1900356113910675,1
item_02503,topical,P2,1,q10,1,0.04911600053310394,0
item_02505,active,P2,0,q01,1,0.9998148083686829,1
item_02505,active,P2,1,q10,0,0.9999021291732788,0
item_02506,passive,P2,0,q01,0,0.9998569488525391,0
item_02506,passive,P2,1,q10,1,0.9999945163726807,1
item_02507,cleft,P2,0,q01,1,0.9997616410255432,1
item_02507,cleft,P2,1,q10,0,0.9926137924194336,0
item_02508,topical,P2,0,q01,0,0.07393451780080795,1
item_02508,topical,P2,1,q10,1,0.14070793986320496,0
item_02510,active,P2,0,q01,1,0.9943966865539551,1
item_02510,active,P2,1,q10,0,0.9988996982574463,0
item_02511,passive,P2,0,q01,0,0.9995738863945007,0
item_02511,passive,P2,1,q10,1,0.9999947547912598,1
item_02512,cleft,P2,0,q01,1,0.9892784953117371,1
item_02512,cleft,P2,1,q10,0,0.9952632188796997,0
item_02513,topical,P2,0,q01,0,0.25052738189697266,1
item_02513,topical,P2,1,q10,1,0.12309205532073975,0
item_02515,active,P2,0,q01,1,0.9677464365959167,1
item_02515,active,P2,1,q10,0,0.9996103644371033,0
item_02516,passive,P2,0,q01,0,0.999835729598999,0
item_02516,passive,P2,1,q10,1,0.9999746084213257,1
item_02517,cleft,P2,0,q01,1,0.9666741490364075,1
item_02517,cleft,P2,1,q10,0,0.998656153678894,0
item_02518,topical,P2,0,q01,0,0.48896196484565735,1
item_02518,topical,P2,1,q10,1,0.01656828261911869,0
item_02520,active,P2,0,q01,1,0.991824209690094,1
item_02520,active,P2,1,q10,0,0.9995399713516235,0
item_02521,passive,P2,0,q01,0,0.999953031539917,0
item_02521,passive,P2,1,q10,1,0.9999932050704956,1
item_02522,cleft,P2,0,q01,1,0.9811564683914185,1
item_02522,cleft,P2,1,q10,0,0.9961249232292175,0
item_02523,topical,P2,0,q01,0,0.4126049280166626,1
item_02523,topical,P2,1,q10,1,0.05337833985686302,0
item_02525,active,P2,0,q01,1,0.9987781643867493,1
item_02525,active,P2,1,q10,0,0.9996310472488403,0
item_02526,passive,P2,0,q01,0,0.999954104423523,0
item_02526,passive,P2,1,q10,1,0.9999771118164062,1
item_02527,cleft,P2,0,q01,1,0.9816403985023499,1
item_02527,cleft,P2,1,q10,0,0.9723166227340698,0
item_02528,topical,P2,0,q01,0,0.30518651008605957,1
item_02528,topical,P2,1,q10,1,0.05541989579796791,0
item_02530,active,P2,0,q01,1,0.9934455156326294,1
item_02530,active,P2,1,q10,0,0.9995301961898804,0
item_02531,passive,P2,0,q01,0,0.9999319314956665,0
item_02531,passive,P2,1,q10,1,0.999994158744812,1
item_02532,cleft,P2,0,q01,1,0.9594173431396484,1
item_02532,cleft,P2,1,q10,0,0.9942420125007629,0
item_02533,topical,P2,0,q01,0,0.25520220398902893,1
item_02533,topical,P2,1,q10,1,0.07019560784101486,0
item_02535,active,P2,0,q01,1,0.9873664379119873,1
item_02535,active,P2,1,q10,0,0.9987517595291138,0
item_02536,passive,P2,0,q01,0,0.9998902082443237,0
item_02536,passive,P2,1,q10,1,0.9999951124191284,1
item_02537,cleft,P2,0,q01,1,0.9616827964782715,1
item_02537,cleft,P2,1,q10,0,0.9824851751327515,0
item_02538,topical,P2,0,q01,0,0.27308300137519836,1
item_02538,topical,P2,1,q10,1,0.043861377984285355,0
item_02540,active,P2,0,q01,1,0.9992119073867798,1
item_02540,active,P2,1,q10,0,0.9996304512023926,0
item_02541,passive,P2,0,q01,0,0.9998064637184143,0
item_02541,passive,P2,1,q10,1,0.9999892711639404,1
item_02542,cleft,P2,0,q01,1,0.9977890253067017,1
item_02542,cleft,P2,1,q10,0,0.996150016784668,0
item_02543,topical,P2,0,q01,0,0.18065255880355835,1
item_02543,topical,P2,1,q10,1,0.062355153262615204,0
item_02545,active,P2,0,q01,1,0.9979361295700073,1
item_02545,active,P2,1,q10,0,0.9996763467788696,0
item_02546,passive,P2,0,q01,0,0.9999661445617676,0
item_02546,passive,P2,1,q10,1,0.999990701675415,1
item_02547,cleft,P2,0,q01,1,0.9370009899139404,1
item_02547,cleft,P2,1,q10,0,0.9782242178916931,0
item_02548,topical,P2,0,q01,0,0.16694633662700653,1
item_02548,topical,P2,1,q10,1,0.09077152609825134,0
item_02550,active,P2,0,q01,1,0.9941912293434143,1
item_02550,active,P2,1,q10,0,0.9975962042808533,0
item_02551,passive,P2,0,q01,0,0.999972939491272,0
item_02551,passive,P2,1,q10,1,0.9999891519546509,1
item_02552,cleft,P2,0,q01,1,0.8611546158790588,1
item_02552,cleft,P2,1,q10,0,0.9353175759315491,0
item_02553,topical,P2,0,q01,0,0.3849453628063202,1
item_02553,topical,P2,1,q10,1,0.1927679032087326,0
item_02555,active,P2,0,q01,1,0.9998055100440979,1
item_02555,active,P2,1,q10,0,0.9999290704727173,0
item_02556,passive,P2,0,q01,0,0.9962435960769653,0
item_02556,passive,P2,1,q10,1,0.99993896484375,1
item_02557,cleft,P2,0,q01,1,0.9558624625205994,1
item_02557,cleft,P2,1,q10,0,0.9829404950141907,0
item_02558,topical,P2,0,q01,0,0.23053033649921417,1
item_02558,topical,P2,1,q10,1,0.23298749327659607,0
item_02560,active,P2,0,q01,1,0.9979079961776733,1
item_02560,active,P2,1,q10,0,0.9999203681945801,0
item_02561,passive,P2,0,q01,0,0.9998642206192017,0
item_02561,passive,P2,1,q10,1,0.9999934434890747,1
item_02562,cleft,P2,0,q01,1,0.996002733707428,1
item_02562,cleft,P2,1,q10,0,0.9972507357597351,0
item_02563,topical,P2,0,q01,0,0.3081360161304474,1
item_02563,topical,P2,1,q10,1,0.054895706474781036,0
item_02565,active,P2,0,q01,1,0.9994865655899048,1
item_02565,active,P2,1,q10,0,0.9998052716255188,0
item_02566,passive,P2,0,q01,0,0.9999617338180542,0
item_02566,passive,P2,1,q10,1,0.9999874830245972,1
item_02567,cleft,P2,0,q01,1,0.9985511898994446,1
item_02567,cleft,P2,1,q10,0,0.993915855884552,0
item_02568,topical,P2,0,q01,0,0.17868341505527496,1
item_02568,topical,P2,1,q10,1,0.0856708437204361,0
item_02570,active,P2,0,q01,1,0.9301832318305969,1
item_02570,active,P2,1,q10,0,0.9989135265350342,0
item_02571,passive,P2,0,q01,0,0.9999104738235474,0
item_02571,passive,P2,1,q10,1,0.9999885559082031,1
item_02572,cleft,P2,0,q01,1,0.5377873182296753,1
item_02572,cleft,P2,1,q10,0,0.9740262031555176,0
item_02573,topical,P2,0,q01,0,0.06525557488203049,1
item_02573,topical,P2,1,q10,1,0.07859057188034058,0
item_02575,active,P2,0,q01,1,0.9984090924263,1
item_02575,active,P2,1,q10,0,0.9992333650588989,0
item_02576,passive,P2,0,q01,0,0.9999716281890869,0
item_02576,passive,P2,1,q10,1,0.9999877214431763,1
item_02577,cleft,P2,0,q01,1,0.9581995606422424,1
item_02577,cleft,P2,1,q10,0,0.9159827828407288,0
item_02578,topical,P2,0,q01,0,0.06418579816818237,1
item_02578,topical,P2,1,q10,1,0.08924810588359833,0
item_02580,active,P2,0,q01,1,0.9592416882514954,1
item_02580,active,P2,1,q10,0,0.998893678188324,0
item_02581,passive,P2,0,q01,0,0.9998408555984497,0
item_02581,passive,P2,1,q10,1,0.9999946355819702,1
item_02582,cleft,P2,0,q01,1,0.8269059062004089,1
item_02582,cleft,P2,1,q10,0,0.9730497002601624,0
item_02583,topical,P2,0,q01,0,0.33275771141052246,1
item_02583,topical,P2,1,q10,1,0.07967822998762131,0
item_02585,active,P2,0,q01,1,0.9987214207649231,1
item_02585,active,P2,1,q10,0,0.9993476271629333,0
item_02586,passive,P2,0,q01,0,0.9997734427452087,0
item_02586,passive,P2,1,q10,1,0.9999737739562988,1
item_02587,cleft,P2,0,q01,1,0.9675591588020325,1
item_02587,cleft,P2,1,q10,0,0.9794991612434387,0
item_02588,topical,P2,0,q01,0,0.20961332321166992,1
item_02588,topical,P2,1,q10,1,0.09164029359817505,0
item_02590,active,P2,0,q01,1,0.9996243715286255,1
item_02590,active,P2,1,q10,0,0.999643087387085,0
item_02591,passive,P2,0,q01,0,0.9998201727867126,0
item_02591,passive,P2,1,q10,1,0.9999948740005493,1
item_02592,cleft,P2,0,q01,1,0.9995465874671936,1
item_02592,cleft,P2,1,q10,0,0.997799813747406,0
item_02593,topical,P2,0,q01,0,0.10633445531129837,1
item_02593,topical,P2,1,q10,1,0.1691604107618332,0
item_02595,active,P2,0,q01,1,0.9987899661064148,1
item_02595,active,P2,1,q10,0,0.9997311234474182,0
item_02596,passive,P2,0,q01,0,0.9999231100082397,0
item_02596,passive,P2,1,q10,1,0.9999873638153076,1
item_02597,cleft,P2,0,q01,1,0.9829011559486389,1
item_02597,cleft,P2,1,q10,0,0.9870617985725403,0
item_02598,topical,P2,0,q01,0,0.4192618727684021,1
item_02598,topical,P2,1,q10,1,0.12453800439834595,0
item_02600,active,P2,0,q01,1,0.9849429130554199,1
item_02600,active,P2,1,q10,0,0.9993044137954712,0
item_02601,passive,P2,0,q01,0,0.9999622106552124,0
item_02601,passive,P2,1,q10,1,0.9999953508377075,1
item_02602,cleft,P2,0,q01,1,0.9745498895645142,1
item_02602,cleft,P2,1,q10,0,0.9751342535018921,0
item_02603,topical,P2,0,q01,0,0.39340513944625854,1
item_02603,topical,P2,1,q10,1,0.08806835860013962,0
item_02605,active,P2,0,q01,1,0.9992108345031738,1
item_02605,active,P2,1,q10,0,0.9998761415481567,0
item_02606,passive,P2,0,q01,0,0.9998763799667358,0
item_02606,passive,P2,1,q10,1,0.9999935626983643,1
item_02607,cleft,P2,0,q01,1,0.9993782043457031,1
item_02607,cleft,P2,1,q10,0,0.9972413778305054,0
item_02608,topical,P2,0,q01,0,0.08251672983169556,1
item_02608,topical,P2,1,q10,1,0.0485224686563015,0
item_02610,active,P2,0,q01,1,0.9629639387130737,1
item_02610,active,P2,1,q10,0,0.9991251826286316,0
item_02611,passive,P2,0,q01,0,0.9998730421066284,0
item_02611,passive,P2,1,q10,1,0.9999752044677734,1
item_02612,cleft,P2,0,q01,1,0.5649694204330444,1
item_02612,cleft,P2,1,q10,0,0.9763034582138062,0
item_02613,topical,P2,0,q01,0,0.2399856001138687,1
item_02613,topical,P2,1,q10,1,0.05596990883350372,0
item_02615,active,P2,0,q01,1,0.9835077524185181,1
item_02615,active,P2,1,q10,0,0.9995667338371277,0
item_02616,passive,P2,0,q01,0,0.9999860525131226,0
item_02616,passive,P2,1,q10,1,0.9999938011169434,1
item_02617,cleft,P2,0,q01,1,0.9426724314689636,1
item_02617,cleft,P2,1,q10,0,0.9923934936523438,0
item_02618,topical,P2,0,q01,0,0.2895694971084595,1
item_02618,topical,P2,1,q10,1,0.05007465183734894,0
item_02620,active,P2,0,q01,1,0.9820000529289246,1
item_02620,active,P2,1,q10,0,0.999275267124176,0
item_02621,passive,P2,0,q01,0,0.9999120235443115,0
item_02621,passive,P2,1,q10,1,0.9999942779541016,1
item_02622,cleft,P2,0,q01,1,0.9404909014701843,1
item_02622,cleft,P2,1,q10,0,0.9809862971305847,0
item_02623,topical,P2,0,q01,0,0.35745951533317566,1
item_02623,topical,P2,1,q10,1,0.03251592814922333,0
item_02625,active,P2,0,q01,1,0.9994335770606995,1
item_02625,active,P2,1,q10,0,0.999821126461029,0
item_02626,passive,P2,0,q01,0,0.9999250173568726,0
item_02626,passive,P2,1,q10,1,0.999990701675415,1
item_02627,cleft,P2,0,q01,1,0.9983976483345032,1
item_02627,cleft,P2,1,q10,0,0.9825228452682495,0
item_02628,topical,P2,0,q01,0,0.07129617035388947,1
item_02628,topical,P2,1,q10,1,0.12103735655546188,0
item_02630,active,P2,0,q01,1,0.9956960678100586,1
item_02630,active,P2,1,q10,0,0.9997366070747375,0
item_02631,passive,P2,0,q01,0,0.999893069267273,0
item_02631,passive,P2,1,q10,1,0.999996542930603,1
item_02632,cleft,P2,0,q01,1,0.9923519492149353,1
item_02632,cleft,P2,1,q10,0,0.9981028437614441,0
item_02633,topical,P2,0,q01,0,0.31888383626937866,1
item_02633,topical,P2,1,q10,1,0.08388137817382812,0
item_02635,active,P2,0,q01,1,0.9985395669937134,1
item_02635,active,P2,1,q10,0,0.9994068145751953,0
item_02636,passive,P2,0,q01,0,0.9999755620956421,0
item_02636,passive,P2,1,q10,1,0.9999972581863403,1
item_02637,cleft,P2,0,q01,1,0.9520392417907715,1
item_02637,cleft,P2,1,q10,0,0.9340746998786926,0
item_02638,topical,P2,0,q01,0,0.06128843128681183,1
item_02638,topical,P2,1,q10,1,0.09542888402938843,0
item_02640,active,P2,0,q01,1,0.9858193397521973,1
item_02640,active,P2,1,q10,0,0.9953330159187317,0
item_02641,passive,P2,0,q01,0,0.9999125003814697,0
item_02641,passive,P2,1,q10,1,0.9999978542327881,1
item_02642,cleft,P2,0,q01,1,0.968765139579773,1
item_02642,cleft,P2,1,q10,0,0.9829652905464172,0
item_02643,topical,P2,0,q01,0,0.2127765268087387,1
item_02643,topical,P2,1,q10,1,0.062107499688863754,0
item_02645,active,P2,0,q01,1,0.9989314675331116,1
item_02645,active,P2,1,q10,0,0.9995664954185486,0
item_02646,passive,P2,0,q01,0,0.9999016523361206,0
item_02646,passive,P2,1,q10,1,0.9999874830245972,1
item_02647,cleft,P2,0,q01,1,0.9785265922546387,1
item_02647,cleft,P2,1,q10,0,0.945389986038208,0
item_02648,topical,P2,0,q01,0,0.12330107390880585,1
item_02648,topical,P2,1,q10,1,0.25206273794174194,0
item_02650,active,P2,0,q01,1,0.9952084422111511,1
item_02650,active,P2,1,q10,0,0.9996947050094604,0
item_02651,passive,P2,0,q01,0,0.9996687173843384,0
item_02651,passive,P2,1,q10,1,0.999951958656311,1
item_02652,cleft,P2,0,q01,1,0.9008852243423462,1
item_02652,cleft,P2,1,q10,0,0.9742715954780579,0
item_02653,topical,P2,0,q01,0,0.22957494854927063,1
item_02653,topical,P2,1,q10,1,0.04879336059093475,0
item_02655,active,P2,0,q01,1,0.9832754731178284,1
item_02655,active,P2,1,q10,0,0.999439537525177,0
item_02656,passive,P2,0,q01,0,0.999910831451416,0
item_02656,passive,P2,1,q10,1,0.9999759197235107,1
item_02657,cleft,P2,0,q01,1,0.7011405229568481,1
item_02657,cleft,P2,1,q10,0,0.9873731732368469,0
item_02658,topical,P2,0,q01,0,0.1568191796541214,1
item_02658,topical,P2,1,q10,1,0.046406663954257965,0
item_02660,active,P2,0,q01,1,0.9996339082717896,1
item_02660,active,P2,1,q10,0,0.9998076558113098,0
item_02661,passive,P2,0,q01,0,0.9999240636825562,0
item_02661,passive,P2,1,q10,1,0.9999619722366333,1
item_02662,cleft,P2,0,q01,1,0.9990465044975281,1
item_02662,cleft,P2,1,q10,0,0.9959938526153564,0
item_02663,topical,P2,0,q01,0,0.4950829744338989,1
item_02663,topical,P2,1,q10,1,0.09797807037830353,0
item_02665,active,P2,0,q01,1,0.999242901802063,1
item_02665,active,P2,1,q10,0,0.999516487121582,0
item_02666,passive,P2,0,q01,0,0.9997922778129578,0
item_02666,passive,P2,1,q10,1,0.99998939037323,1
item_02667,cleft,P2,0,q01,1,0.9965487122535706,1
item_02667,cleft,P2,1,q10,0,0.9802408218383789,0
item_02668,topical,P2,0,q01,0,0.12862132489681244,1
item_02668,topical,P2,1,q10,1,0.06676816940307617,0
item_02670,active,P2,0,q01,1,0.997969925403595,1
item_02670,active,P2,1,q10,0,0.9997437596321106,0
item_02671,passive,P2,0,q01,0,0.9998739957809448,0
item_02671,passive,P2,1,q10,1,0.9999918937683105,1
item_02672,cleft,P2,0,q01,1,0.994367778301239,1
item_02672,cleft,P2,1,q10,0,0.9960989952087402,0
item_02673,topical,P2,0,q01,0,0.6687408089637756,0
item_02673,topical,P2,1,q10,1,0.053828004747629166,0
item_02675,active,P2,0,q01,1,0.9987688660621643,1
item_02675,active,P2,1,q10,0,0.9998034834861755,0
item_02676,passive,P2,0,q01,0,0.9999697208404541,0
item_02676,passive,P2,1,q10,1,0.9999727010726929,1
item_02677,cleft,P2,0,q01,1,0.9740425944328308,1
item_02677,cleft,P2,1,q10,0,0.9925280809402466,0
item_02678,topical,P2,0,q01,0,0.6547922492027283,0
item_02678,topical,P2,1,q10,1,0.024185659363865852,0
item_02680,active,P2,0,q01,1,0.99683678150177,1
item_02680,active,P2,1,q10,0,0.9995861649513245,0
item_02681,passive,P2,0,q01,0,0.9993302822113037,0
item_02681,passive,P2,1,q10,1,0.9999485015869141,1
item_02682,cleft,P2,0,q01,1,0.9110468626022339,1
item_02682,cleft,P2,1,q10,0,0.9847112894058228,0
item_02683,topical,P2,0,q01,0,0.1608741134405136,1
item_02683,topical,P2,1,q10,1,0.09527551382780075,0
item_02685,active,P2,0,q01,1,0.9538295865058899,1
item_02685,active,P2,1,q10,0,0.998767614364624,0
item_02686,passive,P2,0,q01,0,0.9999575614929199,0
item_02686,passive,P2,1,q10,1,0.9999934434890747,1
item_02687,cleft,P2,0,q01,1,0.6517475247383118,1
item_02687,cleft,P2,1,q10,0,0.9827069044113159,0
item_02688,topical,P2,0,q01,0,0.5972993969917297,0
item_02688,topical,P2,1,q10,1,0.11255509406328201,0
item_02690,active,P2,0,q01,1,0.9989450573921204,1
item_02690,active,P2,1,q10,0,0.9995508790016174,0
item_02691,passive,P2,0,q01,0,0.9999247789382935,0
item_02691,passive,P2,1,q10,1,0.9999959468841553,1
item_02692,cleft,P2,0,q01,1,0.9974258542060852,1
item_02692,cleft,P2,1,q10,0,0.9904335737228394,0
item_02693,topical,P2,0,q01,0,0.046020667999982834,1
item_02693,topical,P2,1,q10,1,0.11173740774393082,0
item_02695,active,P2,0,q01,1,0.9988774657249451,1
item_02695,active,P2,1,q10,0,0.9999557733535767,0
item_02696,passive,P2,0,q01,0,0.9976630210876465,0
item_02696,passive,P2,1,q10,1,0.9998779296875,1
item_02697,cleft,P2,0,q01,1,0.9298660755157471,1
item_02697,cleft,P2,1,q10,0,0.9909137487411499,0
item_02698,topical,P2,0,q01,0,0.49992430210113525,1
item_02698,topical,P2,1,q10,1,0.05588887631893158,0
item_02700,active,P2,0,q01,1,0.9996052384376526,1
item_02700,active,P2,1,q10,0,0.9999217987060547,0
item_02701,passive,P2,0,q01,0,0.999885082244873,0
item_02701,passive,P2,1,q10,1,0.9999899864196777,1
item_02702,cleft,P2,0,q01,1,0.9957290291786194,1
item_02702,cleft,P2,1,q10,0,0.9967881441116333,0
item_02703,topical,P2,0,q01,0,0.2095860242843628,1
item_02703,topical,P2,1,q10,1,0.1283247470855713,0
item_02705,active,P2,0,q01,1,0.9976860284805298,1
item_02705,active,P2,1,q10,0,0.9997895359992981,0
item_02706,passive,P2,0,q01,0,0.9999594688415527,0
item_02706,passive,P2,1,q10,1,0.999997615814209,1
item_02707,cleft,P2,0,q01,1,0.9809918999671936,1
item_02707,cleft,P2,1,q10,0,0.9963815212249756,0
item_02708,topical,P2,0,q01,0,0.21788010001182556,1
item_02708,topical,P2,1,q10,1,0.09923716634511948,0
item_02710,active,P2,0,q01,1,0.9697123169898987,1
item_02710,active,P2,1,q10,0,0.998244047164917,0
item_02711,passive,P2,0,q01,0,0.9999758005142212,0
item_02711,passive,P2,1,q10,1,0.9999935626983643,1
item_02712,cleft,P2,0,q01,1,0.8245989680290222,1
item_02712,cleft,P2,1,q10,0,0.8790632486343384,0
item_02713,topical,P2,0,q01,0,0.22681379318237305,1
item_02713,topical,P2,1,q10,1,0.08483511954545975,0
item_02715,active,P2,0,q01,1,0.9958558678627014,1
item_02715,active,P2,1,q10,0,0.9983384609222412,0
item_02716,passive,P2,0,q01,0,0.9997437596321106,0
item_02716,passive,P2,1,q10,1,0.9999979734420776,1
item_02717,cleft,P2,0,q01,1,0.9955031275749207,1
item_02717,cleft,P2,1,q10,0,0.9950660467147827,0
item_02718,topical,P2,0,q01,0,0.11911188811063766,1
item_02718,topical,P2,1,q10,1,0.07887129485607147,0
item_02720,active,P2,0,q01,1,0.9994580149650574,1
item_02720,active,P2,1,q10,0,0.9998520612716675,0
item_02721,passive,P2,0,q01,0,0.996904194355011,0
item_02721,passive,P2,1,q10,1,0.999996542930603,1
item_02722,cleft,P2,0,q01,1,0.9771462678909302,1
item_02722,cleft,P2,1,q10,0,0.9840511679649353,0
item_02723,topical,P2,0,q01,0,0.02266496792435646,1
item_02723,topical,P2,1,q10,1,0.17030790448188782,0
item_02725,active,P2,0,q01,1,0.9954050779342651,1
item_02725,active,P2,1,q10,0,0.9995113611221313,0
item_02726,passive,P2,0,q01,0,0.9999295473098755,0
item_02726,passive,P2,1,q10,1,0.9999793767929077,1
item_02727,cleft,P2,0,q01,1,0.9971429705619812,1
item_02727,cleft,P2,1,q10,0,0.9989503026008606,0
item_02728,topical,P2,0,q01,0,0.5536066889762878,0
item_02728,topical,P2,1,q10,1,0.03518357872962952,0
item_02730,active,P2,0,q01,1,0.996228814125061,1
item_02730,active,P2,1,q10,0,0.9994587302207947,0
item_02731,passive,P2,0,q01,0,0.9999897480010986,0
item_02731,passive,P2,1,q10,1,0.9999915361404419,1
item_02732,cleft,P2,0,q01,1,0.9778359532356262,1
item_02732,cleft,P2,1,q10,0,0.9850678443908691,0
item_02733,topical,P2,0,q01,0,0.36541256308555603,1
item_02733,topical,P2,1,q10,1,0.06548004597425461,0
item_02735,active,P2,0,q01,1,0.9994972944259644,1
item_02735,active,P2,1,q10,0,0.999835729598999,0
item_02736,passive,P2,0,q01,0,0.9999127388000488,0
item_02736,passive,P2,1,q10,1,0.9999964237213135,1
item_02737,cleft,P2,0,q01,1,0.9990441203117371,1
item_02737,cleft,P2,1,q10,0,0.9975736737251282,0
item_02738,topical,P2,0,q01,0,0.06633313745260239,1
item_02738,topical,P2,1,q10,1,0.07441499084234238,0
item_02740,active,P2,0,q01,1,0.9891759753227234,1
item_02740,active,P2,1,q10,0,0.9992965459823608,0
item_02741,passive,P2,0,q01,0,0.9999221563339233,0
item_02741,passive,P2,1,q10,1,0.9999977350234985,1
item_02742,cleft,P2,0,q01,1,0.9568344950675964,1
item_02742,cleft,P2,1,q10,0,0.9922921061515808,0
item_02743,topical,P2,0,q01,0,0.42091575264930725,1
item_02743,topical,P2,1,q10,1,0.08550596237182617,0
item_02745,active,P2,0,q01,1,0.9981516003608704,1
item_02745,active,P2,1,q10,0,0.9997114539146423,0
item_02746,passive,P2,0,q01,0,0.999937891960144,0
item_02746,passive,P2,1,q10,1,0.9999974966049194,1
item_02747,cleft,P2,0,q01,1,0.9994427561759949,1
item_02747,cleft,P2,1,q10,0,0.9954981803894043,0
item_02748,topical,P2,0,q01,0,0.12109369039535522,1
item_02748,topical,P2,1,q10,1,0.13854274153709412,0
item_02750,active,P2,0,q01,1,0.9963802695274353,1
item_02750,active,P2,1,q10,0,0.9980736970901489,0
item_02751,passive,P2,0,q01,0,0.9997597336769104,0
item_02751,passive,P2,1,q10,1,0.9999979734420776,1
item_02752,cleft,P2,0,q01,1,0.9942697286605835,1
item_02752,cleft,P2,1,q10,0,0.9887692928314209,0
item_02753,topical,P2,0,q01,0,0.2586615979671478,1
item_02753,topical,P2,1,q10,1,0.1304052770137787,0
item_02755,active,P2,0,q01,1,0.99718177318573,1
item_02755,active,P2,1,q10,0,0.9995951056480408,0
item_02756,passive,P2,0,q01,0,0.9968709349632263,0
item_02756,passive,P2,1,q10,1,0.9977085590362549,1
item_02757,cleft,P2,0,q01,1,0.9780450463294983,1
item_02757,cleft,P2,1,q10,0,0.9987277388572693,0
item_02758,topical,P2,0,q01,0,0.7848017811775208,0
item_02758,topical,P2,1,q10,1,0.07769030332565308,0
item_02760,active,P2,0,q01,1,0.9307036399841309,1
item_02760,active,P2,1,q10,0,0.9995136260986328,0
item_02761,passive,P2,0,q01,0,0.9998518228530884,0
item_02761,passive,P2,1,q10,1,0.9999306201934814,1
item_02762,cleft,P2,0,q01,1,0.4707688093185425,0
item_02762,cleft,P2,1,q10,0,0.9769480228424072,0
item_02763,topical,P2,0,q01,0,0.59186851978302,0
item_02763,topical,P2,1,q10,1,0.03621241822838783,0
item_02765,active,P2,0,q01,1,0.9989967942237854,1
item_02765,active,P2,1,q10,0,0.9997828602790833,0
item_02766,passive,P2,0,q01,0,0.9998639822006226,0
item_02766,passive,P2,1,q10,1,0.9999911785125732,1
item_02767,cleft,P2,0,q01,1,0.9960783123970032,1
item_02767,cleft,P2,1,q10,0,0.9985629916191101,0
item_02768,topical,P2,0,q01,0,0.27045321464538574,1
item_02768,topical,P2,1,q10,1,0.1019432470202446,0
item_02770,active,P2,0,q01,1,0.9953228831291199,1
item_02770,active,P2,1,q10,0,0.9997947812080383,0
item_02771,passive,P2,0,q01,0,0.9995315074920654,0
item_02771,passive,P2,1,q10,1,0.9999978542327881,1
item_02772,cleft,P2,0,q01,1,0.9885099530220032,1
item_02772,cleft,P2,1,q10,0,0.9986172914505005,0
item_02773,topical,P2,0,q01,0,0.37939655780792236,1
item_02773,topical,P2,1,q10,1,0.20201270282268524,0
item_02775,active,P2,0,q01,1,0.9948775172233582,1
item_02775,active,P2,1,q10,0,0.9995474219322205,0
item_02776,passive,P2,0,q01,0,0.9997430443763733,0
item_02776,passive,P2,1,q10,1,0.999996542930603,1
item_02777,cleft,P2,0,q01,1,0.9847618341445923,1
item_02777,cleft,P2,1,q10,0,0.9918336868286133,0
item_02778,topical,P2,0,q01,0,0.07459256798028946,1
item_02778,topical,P2,1,q10,1,0.08247686177492142,0
item_02780,active,P2,0,q01,1,0.9986169338226318,1
item_02780,active,P2,1,q10,0,0.9992517828941345,0
item_02781,passive,P2,0,q01,0,0.9999605417251587,0
item_02781,passive,P2,1,q10,1,0.9999940395355225,1
item_02782,cleft,P2,0,q01,1,0.981685221195221,1
item_02782,cleft,P2,1,q10,0,0.9448153376579285,0
item_02783,topical,P2,0,q01,0,0.025955235585570335,1
item_02783,topical,P2,1,q10,1,0.14180612564086914,0
item_02785,active,P2,0,q01,1,0.9992528557777405,1
item_02785,active,P2,1,q10,0,0.9996740818023682,0
item_02786,passive,P2,0,q01,0,0.9999724626541138,0
item_02786,passive,P2,1,q10,1,0.9999886751174927,1
item_02787,cleft,P2,0,q01,1,0.9840347766876221,1
item_02787,cleft,P2,1,q10,0,0.9810444712638855,0
item_02788,topical,P2,0,q01,0,0.25711092352867126,1
item_02788,topical,P2,1,q10,1,0.05724881961941719,0
item_02790,active,P2,0,q01,1,0.9892168045043945,1
item_02790,active,P2,1,q10,0,0.9995859265327454,0
item_02791,passive,P2,0,q01,0,0.9999595880508423,0
item_02791,passive,P2,1,q10,1,0.9999843835830688,1
item_02792,cleft,P2,0,q01,1,0.9595796465873718,1
item_02792,cleft,P2,1,q10,0,0.9969524145126343,0
item_02793,topical,P2,0,q01,0,0.40047597885131836,1
item_02793,topical,P2,1,q10,1,0.060132429003715515,0
item_02795,active,P2,0,q01,1,0.9992557168006897,1
item_02795,active,P2,1,q10,0,0.9998557567596436,0
item_02796,passive,P2,0,q01,0,0.9999376535415649,0
item_02796,passive,P2,1,q10,1,0.999992847442627,1
item_02797,cleft,P2,0,q01,1,0.9991483688354492,1
item_02797,cleft,P2,1,q10,0,0.9982823133468628,0
item_02798,topical,P2,0,q01,0,0.027676831930875778,1
item_02798,topical,P2,1,q10,1,0.04277966544032097,0
item_02800,active,P2,0,q01,1,0.981436550617218,1
item_02800,active,P2,1,q10,0,0.9997732043266296,0
item_02801,passive,P2,0,q01,0,0.9999481439590454,0
item_02801,passive,P2,1,q10,1,0.9999924898147583,1
item_02802,cleft,P2,0,q01,1,0.9408080577850342,1
item_02802,cleft,P2,1,q10,0,0.9980803728103638,0
item_02803,topical,P2,0,q01,0,0.4622718393802643,1
item_02803,topical,P2,1,q10,1,0.20469510555267334,0
item_02805,active,P2,0,q01,1,0.9972279667854309,1
item_02805,active,P2,1,q10,0,0.9995344877243042,0
item_02806,passive,P2,0,q01,0,0.999924898147583,0
item_02806,passive,P2,1,q10,1,0.9999933242797852,1
item_02807,cleft,P2,0,q01,1,0.9576806426048279,1
item_02807,cleft,P2,1,q10,0,0.9515220522880554,0
item_02808,topical,P2,0,q01,0,0.26828479766845703,1
item_02808,topical,P2,1,q10,1,0.11913011968135834,0
item_02810,active,P2,0,q01,1,0.9988815188407898,1
item_02810,active,P2,1,q10,0,0.9995148181915283,0
item_02811,passive,P2,0,q01,0,0.9998683929443359,0
item_02811,passive,P2,1,q10,1,0.9999943971633911,1
item_02812,cleft,P2,0,q01,1,0.9941030144691467,1
item_02812,cleft,P2,1,q10,0,0.9740735292434692,0
item_02813,topical,P2,0,q01,0,0.11188811808824539,1
item_02813,topical,P2,1,q10,1,0.1107376292347908,0
item_02815,active,P2,0,q01,1,0.9871676564216614,1
item_02815,active,P2,1,q10,0,0.9991859793663025,0
item_02816,passive,P2,0,q01,0,0.999940037727356,0
item_02816,passive,P2,1,q10,1,0.9999181032180786,1
item_02817,cleft,P2,0,q01,1,0.8726931214332581,1
item_02817,cleft,P2,1,q10,0,0.9814915657043457,0
item_02818,topical,P2,0,q01,0,0.24460400640964508,1
item_02818,topical,P2,1,q10,1,0.0289108008146286,0
item_02820,active,P2,0,q01,1,0.9975605010986328,1
item_02820,active,P2,1,q10,0,0.9996494054794312,0
item_02821,passive,P2,0,q01,0,0.9999486207962036,0
item_02821,passive,P2,1,q10,1,0.9999697208404541,1
item_02822,cleft,P2,0,q01,1,0.9942938685417175,1
item_02822,cleft,P2,1,q10,0,0.9909132719039917,0
item_02823,topical,P2,0,q01,0,0.2593773305416107,1
item_02823,topical,P2,1,q10,1,0.036747027188539505,0
item_02825,active,P2,0,q01,1,0.9932426810264587,1
item_02825,active,P2,1,q10,0,0.9995256662368774,0
item_02826,passive,P2,0,q01,0,0.9998650550842285,0
item_02826,passive,P2,1,q10,1,0.9999715089797974,1
item_02827,cleft,P2,0,q01,1,0.9792304635047913,1
item_02827,cleft,P2,1,q10,0,0.9963515996932983,0
item_02828,topical,P2,0,q01,0,0.5107435584068298,0
item_02828,topical,P2,1,q10,1,0.030715322121977806,0
item_02830,active,P2,0,q01,1,0.966053307056427,1
item_02830,active,P2,1,q10,0,0.9996365308761597,0
item_02831,passive,P2,0,q01,0,0.9999655485153198,0
item_02831,passive,P2,1,q10,1,0.999981164932251,1
item_02832,cleft,P2,0,q01,1,0.8228220343589783,1
item_02832,cleft,P2,1,q10,0,0.9850926995277405,0
item_02833,topical,P2,0,q01,0,0.09443281590938568,1
item_02833,topical,P2,1,q10,1,0.044932253658771515,0
item_02835,active,P2,0,q01,1,0.9968398809432983,1
item_02835,active,P2,1,q10,0,0.9996242523193359,0
item_02836,passive,P2,0,q01,0,0.999870777130127,0
item_02836,passive,P2,1,q10,1,0.9999927282333374,1
item_02837,cleft,P2,0,q01,1,0.9995889067649841,1
item_02837,cleft,P2,1,q10,0,0.9951902627944946,0
item_02838,topical,P2,0,q01,0,0.11317607015371323,1
item_02838,topical,P2,1,q10,1,0.06984671205282211,0
item_02840,active,P2,0,q01,1,0.9988808035850525,1
item_02840,active,P2,1,q10,0,0.9996868371963501,0
item_02841,passive,P2,0,q01,0,0.9999228715896606,0
item_02841,passive,P2,1,q10,1,0.9999644756317139,1
item_02842,cleft,P2,0,q01,1,0.9973776340484619,1
item_02842,cleft,P2,1,q10,0,0.9869263172149658,0
item_02843,topical,P2,0,q01,0,0.38312697410583496,1
item_02843,topical,P2,1,q10,1,0.1319769024848938,0
item_02845,active,P2,0,q01,1,0.9995300769805908,1
item_02845,active,P2,1,q10,0,0.9994645714759827,0
item_02846,passive,P2,0,q01,0,0.9998587369918823,0
item_02846,passive,P2,1,q10,1,0.9999711513519287,1
item_02847,cleft,P2,0,q01,1,0.9988769888877869,1
item_02847,cleft,P2,1,q10,0,0.9925421476364136,0
item_02848,topical,P2,0,q01,0,0.22399409115314484,1
item_02848,topical,P2,1,q10,1,0.11796825379133224,0
item_02850,active,P2,0,q01,1,0.9921199083328247,1
item_02850,active,P2,1,q10,0,0.9994325041770935,0
item_02851,passive,P2,0,q01,0,0.9998562335968018,0
item_02851,passive,P2,1,q10,1,0.9999936819076538,1
item_02852,cleft,P2,0,q01,1,0.9766545295715332,1
item_02852,cleft,P2,1,q10,0,0.9909819960594177,0
item_02853,topical,P2,0,q01,0,0.11634395271539688,1
item_02853,topical,P2,1,q10,1,0.06746170669794083,0
item_02855,active,P2,0,q01,1,0.9865825772285461,1
item_02855,active,P2,1,q10,0,0.9990822076797485,0
item_02856,passive,P2,0,q01,0,0.9994526505470276,0
item_02856,passive,P2,1,q10,1,0.9999821186065674,1
item_02857,cleft,P2,0,q01,1,0.9586523771286011,1
item_02857,cleft,P2,1,q10,0,0.9552106261253357,0
item_02858,topical,P2,0,q01,0,0.10036417841911316,1
item_02858,topical,P2,1,q10,1,0.05140579119324684,0
item_02860,active,P2,0,q01,1,0.992420494556427,1
item_02860,active,P2,1,q10,0,0.997875452041626,0
item_02861,passive,P2,0,q01,0,0.9997757077217102,0
item_02861,passive,P2,1,q10,1,0.9999970197677612,1
item_02862,cleft,P2,0,q01,1,0.9844980835914612,1
item_02862,cleft,P2,1,q10,0,0.9872183799743652,0
item_02863,topical,P2,0,q01,0,0.07847727090120316,1
item_02863,topical,P2,1,q10,1,0.09322313964366913,0
item_02865,active,P2,0,q01,1,0.9972478747367859,1
item_02865,active,P2,1,q10,0,0.9985610842704773,0
item_02866,passive,P2,0,q01,0,0.9999524354934692,0
item_02866,passive,P2,1,q10,1,0.999958872795105,1
item_02867,cleft,P2,0,q01,1,0.8845512270927429,1
item_02867,cleft,P2,1,q10,0,0.9400287866592407,0
item_02868,topical,P2,0,q01,0,0.157368004322052,1
item_02868,topical,P2,1,q10,1,0.0210255179554224,0
item_02870,active,P2,0,q01,1,0.9568333625793457,1
item_02870,active,P2,1,q10,0,0.9990481734275818,0
item_02871,passive,P2,0,q01,0,0.999913215637207,0
item_02871,passive,P2,1,q10,1,0.9999912977218628,1
item_02872,cleft,P2,0,q01,1,0.6250181794166565,1
item_02872,cleft,P2,1,q10,0,0.986033022403717,0
item_02873,topical,P2,0,q01,0,0.16012774407863617,1
item_02873,topical,P2,1,q10,1,0.09814438223838806,0
item_02875,active,P2,0,q01,1,0.9988850951194763,1
item_02875,active,P2,1,q10,0,0.9998928308486938,0
item_02876,passive,P2,0,q01,0,0.9999574422836304,0
item_02876,passive,P2,1,q10,1,0.9999818801879883,1
item_02877,cleft,P2,0,q01,1,0.9927363395690918,1
item_02877,cleft,P2,1,q10,0,0.9964925646781921,0
item_02878,topical,P2,0,q01,0,0.11957988888025284,1
item_02878,topical,P2,1,q10,1,0.043995846062898636,0
item_02880,active,P2,0,q01,1,0.9996702671051025,1
item_02880,active,P2,1,q10,0,0.9999059438705444,0
item_02881,passive,P2,0,q01,0,0.9998840093612671,0
item_02881,passive,P2,1,q10,1,0.999996542930603,1
item_02882,cleft,P2,0,q01,1,0.9996645450592041,1
item_02882,cleft,P2,1,q10,0,0.996806263923645,0
item_02883,topical,P2,0,q01,0,0.06939391791820526,1
item_02883,topical,P2,1,q10,1,0.149091899394989,0
item_02885,active,P2,0,q01,1,0.9994325041770935,1
item_02885,active,P2,1,q10,0,0.9995854496955872,0
item_02886,passive,P2,0,q01,0,0.9999432563781738,0
item_02886,passive,P2,1,q10,1,0.9999704360961914,1
item_02887,cleft,P2,0,q01,1,0.9149069786071777,1
item_02887,cleft,P2,1,q10,0,0.9095597863197327,0
item_02888,topical,P2,0,q01,0,0.5417262315750122,0
item_02888,topical,P2,1,q10,1,0.0751311406493187,0
item_02890,active,P2,0,q01,1,0.9998667240142822,1
item_02890,active,P2,1,q10,0,0.9997267127037048,0
item_02891,passive,P2,0,q01,0,0.9994741082191467,0
item_02891,passive,P2,1,q10,1,0.99998939037323,1
item_02892,cleft,P2,0,q01,1,0.9996432065963745,1
item_02892,cleft,P2,1,q10,0,0.6109159588813782,0
item_02893,topical,P2,0,q01,0,0.07739012688398361,1
item_02893,topical,P2,1,q10,1,0.21226055920124054,0
item_02895,active,P2,0,q01,1,0.9933059811592102,1
item_02895,active,P2,1,q10,0,0.9997274279594421,0
item_02896,passive,P2,0,q01,0,0.9999793767929077,0
item_02896,passive,P2,1,q10,1,0.999995231628418,1
item_02897,cleft,P2,0,q01,1,0.9788999557495117,1
item_02897,cleft,P2,1,q10,0,0.9970165491104126,0
item_02898,topical,P2,0,q01,0,0.4823717176914215,1
item_02898,topical,P2,1,q10,1,0.06997182965278625,0
item_02900,active,P2,0,q01,1,0.9981472492218018,1
item_02900,active,P2,1,q10,0,0.9966478943824768,0
item_02901,passive,P2,0,q01,0,0.9998613595962524,0
item_02901,passive,P2,1,q10,1,0.9999973773956299,1
item_02902,cleft,P2,0,q01,1,0.9801092147827148,1
item_02902,cleft,P2,1,q10,0,0.9614351391792297,0
item_02903,topical,P2,0,q01,0,0.0290142223238945,1
item_02903,topical,P2,1,q10,1,0.24838827550411224,0
item_02905,active,P2,0,q01,1,0.9985740184783936,1
item_02905,active,P2,1,q10,0,0.999924898147583,0
item_02906,passive,P2,0,q01,0,0.9989039897918701,0
item_02906,passive,P2,1,q10,1,0.9999222755432129,1
item_02907,cleft,P2,0,q01,1,0.8503673076629639,1
item_02907,cleft,P2,1,q10,0,0.9682286381721497,0
item_02908,topical,P2,0,q01,0,0.2581700086593628,1
item_02908,topical,P2,1,q10,1,0.07306411862373352,0
item_02910,active,P2,0,q01,1,0.9968155026435852,1
item_02910,active,P2,1,q10,0,0.999805748462677,0
item_02911,passive,P2,0,q01,0,0.9999212026596069,0
item_02911,passive,P2,1,q10,1,0.9999967813491821,1
item_02912,cleft,P2,0,q01,1,0.9724931120872498,1
item_02912,cleft,P2,1,q10,0,0.9907354116439819,0
item_02913,topical,P2,0,q01,0,0.031054183840751648,1
item_02913,topical,P2,1,q10,1,0.1104973703622818,0
item_02915,active,P2,0,q01,1,0.9990625977516174,1
item_02915,active,P2,1,q10,0,0.9996727705001831,0
item_02916,passive,P2,0,q01,0,0.9999523162841797,0
item_02916,passive,P2,1,q10,1,0.9999939203262329,1
item_02917,cleft,P2,0,q01,1,0.9924440979957581,1
item_02917,cleft,P2,1,q10,0,0.9870354533195496,0
item_02918,topical,P2,0,q01,0,0.0773511752486229,1
item_02918,topical,P2,1,q10,1,0.06619232147932053,0
item_02920,active,P2,0,q01,1,0.9968540072441101,1
item_02920,active,P2,1,q10,0,0.9995356798171997,0
item_02921,passive,P2,0,q01,0,0.9998821020126343,0
item_02921,passive,P2,1,q10,1,0.9999954700469971,1
item_02922,cleft,P2,0,q01,1,0.9970285296440125,1
item_02922,cleft,P2,1,q10,0,0.9921308159828186,0
item_02923,topical,P2,0,q01,0,0.2186213731765747,1
item_02923,topical,P2,1,q10,1,0.1013113409280777,0
item_02925,active,P2,0,q01,1,0.997829258441925,1
item_02925,active,P2,1,q10,0,0.9998201727867126,0
item_02926,passive,P2,0,q01,0,0.9999467134475708,0
item_02926,passive,P2,1,q10,1,0.9999974966049194,1
item_02927,cleft,P2,0,q01,1,0.9952077269554138,1
item_02927,cleft,P2,1,q10,0,0.9965554475784302,0
item_02928,topical,P2,0,q01,0,0.061553653329610825,1
item_02928,topical,P2,1,q10,1,0.12243107706308365,0
item_02930,active,P2,0,q01,1,0.9996176958084106,1
item_02930,active,P2,1,q10,0,0.9996516704559326,0
item_02931,passive,P2,0,q01,0,0.9998902082443237,0
item_02931,passive,P2,1,q10,1,0.9999942779541016,1
item_02932,cleft,P2,0,q01,1,0.99859219789505,1
item_02932,cleft,P2,1,q10,0,0.9946179986000061,0
item_02933,topical,P2,0,q01,0,0.09386013448238373,1
item_02933,topical,P2,1,q10,1,0.10723741352558136,0
item_02935,active,P2,0,q01,1,0.9993233680725098,1
item_02935,active,P2,1,q10,0,0.9999477863311768,0
item_02936,passive,P2,0,q01,0,0.999903678894043,0
item_02936,passive,P2,1,q10,1,0.9999959468841553,1
item_02937,cleft,P2,0,q01,1,0.9929660558700562,1
item_02937,cleft,P2,1,q10,0,0.9975634813308716,0
item_02938,topical,P2,0,q01,0,0.25583159923553467,1
item_02938,topical,P2,1,q10,1,0.20527735352516174,0
item_02940,active,P2,0,q01,1,0.9978221654891968,1
item_02940,active,P2,1,q10,0,0.9998854398727417,0
item_02941,passive,P2,0,q01,0,0.9999574422836304,0
item_02941,passive,P2,1,q10,1,0.9999964237213135,1
item_02942,cleft,P2,0,q01,1,0.9925071597099304,1
item_02942,cleft,P2,1,q10,0,0.998792290687561,0
item_02943,topical,P2,0,q01,0,0.3450043201446533,1
item_02943,topical,P2,1,q10,1,0.12645968794822693,0
item_02945,active,P2,0,q01,1,0.9987795948982239,1
item_02945,active,P2,1,q10,0,0.9997807145118713,0
item_02946,passive,P2,0,q01,0,0.9997790455818176,0
item_02946,passive,P2,1,q10,1,0.9999910593032837,1
item_02947,cleft,P2,0,q01,1,0.9950835704803467,1
item_02947,cleft,P2,1,q10,0,0.9792320728302002,0
item_02948,topical,P2,0,q01,0,0.367171972990036,1
item_02948,topical,P2,1,q10,1,0.021031660959124565,0
item_02950,active,P2,0,q01,1,0.9983311295509338,1
item_02950,active,P2,1,q10,0,0.9994639754295349,0
item_02951,passive,P2,0,q01,0,0.999578058719635,0
item_02951,passive,P2,1,q10,1,0.9999967813491821,1
item_02952,cleft,P2,0,q01,1,0.9965292811393738,1
item_02952,cleft,P2,1,q10,0,0.9900169968605042,0
item_02953,topical,P2,0,q01,0,0.04271349310874939,1
item_02953,topical,P2,1,q10,1,0.1704251766204834,0
item_02955,active,P2,0,q01,1,0.9997044205665588,1
item_02955,active,P2,1,q10,0,0.9998928308486938,0
item_02956,passive,P2,0,q01,0,0.9999641180038452,0
item_02956,passive,P2,1,q10,1,0.9999889135360718,1
item_02957,cleft,P2,0,q01,1,0.9981436729431152,1
item_02957,cleft,P2,1,q10,0,0.9941385984420776,0
item_02958,topical,P2,0,q01,0,0.14382252097129822,1
item_02958,topical,P2,1,q10,1,0.09351027011871338,0
item_02960,active,P2,0,q01,1,0.9970212578773499,1
item_02960,active,P2,1,q10,0,0.9994764924049377,0
item_02961,passive,P2,0,q01,0,0.9928239583969116,0
item_02961,passive,P2,1,q10,1,0.9872536063194275,1
item_02962,cleft,P2,0,q01,1,0.9921510219573975,1
item_02962,cleft,P2,1,q10,0,0.9993569254875183,0
item_02963,topical,P2,0,q01,0,0.7072306871414185,0
item_02963,topical,P2,1,q10,1,0.02234918624162674,0
item_02965,active,P2,0,q01,1,0.9911353588104248,1
item_02965,active,P2,1,q10,0,0.9996242523193359,0
item_02966,passive,P2,0,q01,0,0.9999829530715942,0
item_02966,passive,P2,1,q10,1,0.9999960660934448,1
item_02967,cleft,P2,0,q01,1,0.9503438472747803,1
item_02967,cleft,P2,1,q10,0,0.9895719289779663,0
item_02968,topical,P2,0,q01,0,0.3993079364299774,1
item_02968,topical,P2,1,q10,1,0.06120995804667473,0
item_02970,active,P2,0,q01,1,0.9982473850250244,1
item_02970,active,P2,1,q10,0,0.9991534948348999,0
item_02971,passive,P2,0,q01,0,0.9993300437927246,0
item_02971,passive,P2,1,q10,1,0.9999929666519165,1
item_02972,cleft,P2,0,q01,1,0.9682982563972473,1
item_02972,cleft,P2,1,q10,0,0.9777296781539917,0
item_02973,topical,P2,0,q01,0,0.11267054826021194,1
item_02973,topical,P2,1,q10,1,0.2225363701581955,0
item_02975,active,P2,0,q01,1,0.9996521472930908,1
item_02975,active,P2,1,q10,0,0.9996849298477173,0
item_02976,passive,P2,0,q01,0,0.999855637550354,0
item_02976,passive,P2,1,q10,1,0.9999837875366211,1
item_02977,cleft,P2,0,q01,1,0.9990660548210144,1
item_02977,cleft,P2,1,q10,0,0.9750165939331055,0
item_02978,topical,P2,0,q01,0,0.06899315118789673,1
item_02978,topical,P2,1,q10,1,0.05166415497660637,0
item_02980,active,P2,0,q01,1,0.9866741895675659,1
item_02980,active,P2,1,q10,0,0.9996144771575928,0
item_02981,passive,P2,0,q01,0,0.9980833530426025,0
item_02981,passive,P2,1,q10,1,0.9974817633628845,1
item_02982,cleft,P2,0,q01,1,0.9846936464309692,1
item_02982,cleft,P2,1,q10,0,0.9998629093170166,0
item_02983,topical,P2,0,q01,0,0.9131471514701843,0
item_02983,topical,P2,1,q10,1,0.06929230690002441,0
item_02985,active,P2,0,q01,1,0.9952706694602966,1
item_02985,active,P2,1,q10,0,0.9997019171714783,0
item_02986,passive,P2,0,q01,0,0.9998383522033691,0
item_02986,passive,P2,1,q10,1,0.9999927282333374,1
item_02987,cleft,P2,0,q01,1,0.9839161038398743,1
item_02987,cleft,P2,1,q10,0,0.9880438446998596,0
item_02988,topical,P2,0,q01,0,0.3542066812515259,1
item_02988,topical,P2,1,q10,1,0.024225661531090736,0
item_02990,active,P2,0,q01,1,0.999239444732666,1
item_02990,active,P2,1,q10,0,0.9996387958526611,0
item_02991,passive,P2,0,q01,0,0.999953031539917,0
item_02991,passive,P2,1,q10,1,0.9999608993530273,1
item_02992,cleft,P2,0,q01,1,0.993726372718811,1
item_02992,cleft,P2,1,q10,0,0.9738959670066833,0
item_02993,topical,P2,0,q01,0,0.3389563262462616,1
item_02993,topical,P2,1,q10,1,0.054807569831609726,0
item_02995,active,P2,0,q01,1,0.998734176158905,1
item_02995,active,P2,1,q10,0,0.9998816251754761,0
item_02996,passive,P2,0,q01,0,0.9997510313987732,0
item_02996,passive,P2,1,q10,1,0.9999500513076782,1
item_02997,cleft,P2,0,q01,1,0.9403188824653625,1
item_02997,cleft,P2,1,q10,0,0.985248863697052,0
item_02998,topical,P2,0,q01,0,0.3209187686443329,1
item_02998,topical,P2,1,q10,1,0.03588815778493881,0
item_03000,active,P2,0,q01,1,0.9925428628921509,1
item_03000,active,P2,1,q10,0,0.9997425675392151,0
item_03001,passive,P2,0,q01,0,0.9999560117721558,0
item_03001,passive,P2,1,q10,1,0.9999943971633911,1
item_03002,cleft,P2,0,q01,1,0.9690881371498108,1
item_03002,cleft,P2,1,q10,0,0.9941874742507935,0
item_03003,topical,P2,0,q01,0,0.604063868522644,0
item_03003,topical,P2,1,q10,1,0.06395082920789719,0
item_03005,active,P2,0,q01,1,0.9781684279441833,1
item_03005,active,P2,1,q10,0,0.999367892742157,0
item_03006,passive,P2,0,q01,0,0.999858021736145,0
item_03006,passive,P2,1,q10,1,0.9999902248382568,1
item_03007,cleft,P2,0,q01,1,0.915418803691864,1
item_03007,cleft,P2,1,q10,0,0.9779202938079834,0
item_03008,topical,P2,0,q01,0,0.10140193998813629,1
item_03008,topical,P2,1,q10,1,0.0290824044495821,0
item_03010,active,P2,0,q01,1,0.9087293744087219,1
item_03010,active,P2,1,q10,0,0.9979923963546753,0
item_03011,passive,P2,0,q01,0,0.9999163150787354,0
item_03011,passive,P2,1,q10,1,0.9999778270721436,1
item_03012,cleft,P2,0,q01,1,0.5718024373054504,1
item_03012,cleft,P2,1,q10,0,0.9836814403533936,0
item_03013,topical,P2,0,q01,0,0.4839117228984833,1
item_03013,topical,P2,1,q10,1,0.1307760775089264,0
item_03015,active,P2,0,q01,1,0.9984042048454285,1
item_03015,active,P2,1,q10,0,0.9997320771217346,0
item_03016,passive,P2,0,q01,0,0.9989963173866272,0
item_03016,passive,P2,1,q10,1,0.9999899864196777,1
item_03017,cleft,P2,0,q01,1,0.9753482937812805,1
item_03017,cleft,P2,1,q10,0,0.9944104552268982,0
item_03018,topical,P2,0,q01,0,0.11017536371946335,1
item_03018,topical,P2,1,q10,1,0.052199285477399826,0
item_03020,active,P2,0,q01,1,0.9961642026901245,1
item_03020,active,P2,1,q10,0,0.9989792704582214,0
item_03021,passive,P2,0,q01,0,0.9997469782829285,0
item_03021,passive,P2,1,q10,1,0.9999196529388428,1
item_03022,cleft,P2,0,q01,1,0.9926720857620239,1
item_03022,cleft,P2,1,q10,0,0.9942968487739563,0
item_03023,topical,P2,0,q01,0,0.6098026633262634,0
item_03023,topical,P2,1,q10,1,0.038222894072532654,0
item_03025,active,P2,0,q01,1,0.9984103441238403,1
item_03025,active,P2,1,q10,0,0.9997592568397522,0
item_03026,passive,P2,0,q01,0,0.9956101775169373,0
item_03026,passive,P2,1,q10,1,0.9998824596405029,1
item_03027,cleft,P2,0,q01,1,0.9057261347770691,1
item_03027,cleft,P2,1,q10,0,0.9207507967948914,0
item_03028,topical,P2,0,q01,0,0.09146585315465927,1
item_03028,topical,P2,1,q10,1,0.04506075009703636,0
item_03030,active,P2,0,q01,1,0.9998310804367065,1
item_03030,active,P2,1,q10,0,0.9996761083602905,0
item_03031,passive,P2,0,q01,0,0.9998818635940552,0
item_03031,passive,P2,1,q10,1,0.9999983310699463,1
item_03032,cleft,P2,0,q01,1,0.9998606443405151,1
item_03032,cleft,P2,1,q10,0,0.9958057403564453,0
item_03033,topical,P2,0,q01,0,0.05388748645782471,1
item_03033,topical,P2,1,q10,1,0.15701182186603546,0
item_03035,active,P2,0,q01,1,0.9114468097686768,1
item_03035,active,P2,1,q10,0,0.9993789196014404,0
item_03036,passive,P2,0,q01,0,0.9973742961883545,0
item_03036,passive,P2,1,q10,1,0.9953864216804504,1
item_03037,cleft,P2,0,q01,1,0.8986384868621826,1
item_03037,cleft,P2,1,q10,0,0.9995844960212708,0
item_03038,topical,P2,0,q01,0,0.7731488943099976,0
item_03038,topical,P2,1,q10,1,0.035031531006097794,0
item_03040,active,P2,0,q01,1,0.9973160624504089,1
item_03040,active,P2,1,q10,0,0.9988409876823425,0
item_03041,passive,P2,0,q01,0,0.999957799911499,0
item_03041,passive,P2,1,q10,1,0.9999868869781494,1
item_03042,cleft,P2,0,q01,1,0.9571589231491089,1
item_03042,cleft,P2,1,q10,0,0.8872858285903931,0
item_03043,topical,P2,0,q01,0,0.05112064629793167,1
item_03043,topical,P2,1,q10,1,0.10044238716363907,0
item_03045,active,P2,0,q01,1,0.9977710247039795,1
item_03045,active,P2,1,q10,0,0.9997294545173645,0
item_03046,passive,P2,0,q01,0,0.9999672174453735,0
item_03046,passive,P2,1,q10,1,0.9999316930770874,1
item_03047,cleft,P2,0,q01,1,0.9938919544219971,1
item_03047,cleft,P2,1,q10,0,0.9939574003219604,0
item_03048,topical,P2,0,q01,0,0.3826991021633148,1
item_03048,topical,P2,1,q10,1,0.04585733637213707,0
item_03050,active,P2,0,q01,1,0.9995892643928528,1
item_03050,active,P2,1,q10,0,0.9993683695793152,0
item_03051,passive,P2,0,q01,0,0.9999115467071533,0
item_03051,passive,P2,1,q10,1,0.9999887943267822,1
item_03052,cleft,P2,0,q01,1,0.9684286117553711,1
item_03052,cleft,P2,1,q10,0,0.8195235133171082,0
item_03053,topical,P2,0,q01,0,0.24424703419208527,1
item_03053,topical,P2,1,q10,1,0.12433819472789764,0
item_03055,active,P2,0,q01,1,0.9978832602500916,1
item_03055,active,P2,1,q10,0,0.9994812607765198,0
item_03056,passive,P2,0,q01,0,0.9999817609786987,0
item_03056,passive,P2,1,q10,1,0.9999939203262329,1
item_03057,cleft,P2,0,q01,1,0.9690185189247131,1
item_03057,cleft,P2,1,q10,0,0.9217109084129333,0
item_03058,topical,P2,0,q01,0,0.3040718734264374,1
item_03058,topical,P2,1,q10,1,0.039688240736722946,0
item_03060,active,P2,0,q01,1,0.9991263747215271,1
item_03060,active,P2,1,q10,0,0.999131977558136,0
item_03061,passive,P2,0,q01,0,0.9999021291732788,0
item_03061,passive,P2,1,q10,1,0.999994158744812,1
item_03062,cleft,P2,0,q01,1,0.985031008720398,1
item_03062,cleft,P2,1,q10,0,0.9637515544891357,0
item_03063,topical,P2,0,q01,0,0.1981251835823059,1
item_03063,topical,P2,1,q10,1,0.19150865077972412,0
item_03065,active,P2,0,q01,1,0.9992194175720215,1
item_03065,active,P2,1,q10,0,0.9995313882827759,0
item_03066,passive,P2,0,q01,0,0.9999380111694336,0
item_03066,passive,P2,1,q10,1,0.9999873638153076,1
item_03067,cleft,P2,0,q01,1,0.9983919262886047,1
item_03067,cleft,P2,1,q10,0,0.9499503970146179,0
item_03068,topical,P2,0,q01,0,0.1392715871334076,1
item_03068,topical,P2,1,q10,1,0.09092514961957932,0
item_03070,active,P2,0,q01,1,0.9986276626586914,1
item_03070,active,P2,1,q10,0,0.999723494052887,0
item_03071,passive,P2,0,q01,0,0.99998939037323,0
item_03071,passive,P2,1,q10,1,0.9999946355819702,1
item_03072,cleft,P2,0,q01,1,0.9755575656890869,1
item_03072,cleft,P2,1,q10,0,0.9844620227813721,0
item_03073,topical,P2,0,q01,0,0.6907405257225037,0
item_03073,topical,P2,1,q10,1,0.08898164331912994,0
item_03075,active,P2,0,q01,1,0.9958977103233337,1
item_03075,active,P2,1,q10,0,0.9997557997703552,0
item_03076,passive,P2,0,q01,0,0.9997898936271667,0
item_03076,passive,P2,1,q10,1,0.9999877214431763,1
item_03077,cleft,P2,0,q01,1,0.9934821724891663,1
item_03077,cleft,P2,1,q10,0,0.9981233477592468,0
item_03078,topical,P2,0,q01,0,0.4455852508544922,1
item_03078,topical,P2,1,q10,1,0.06396529078483582,0
item_03080,active,P2,0,q01,1,0.9989759922027588,1
item_03080,active,P2,1,q10,0,0.9995775818824768,0
item_03081,passive,P2,0,q01,0,0.9998272061347961,0
item_03081,passive,P2,1,q10,1,0.9999862909317017,1
item_03082,cleft,P2,0,q01,1,0.9980868101119995,1
item_03082,cleft,P2,1,q10,0,0.9956728219985962,0
item_03083,topical,P2,0,q01,0,0.1792774498462677,1
item_03083,topical,P2,1,q10,1,0.07999291270971298,0
item_03085,active,P2,0,q01,1,0.9990899562835693,1
item_03085,active,P2,1,q10,0,0.9998180270195007,0
item_03086,passive,P2,0,q01,0,0.9997850060462952,0
item_03086,passive,P2,1,q10,1,0.9999567270278931,1
item_03087,cleft,P2,0,q01,1,0.9897652864456177,1
item_03087,cleft,P2,1,q10,0,0.9854641556739807,0
item_03088,topical,P2,0,q01,0,0.17489247024059296,1
item_03088,topical,P2,1,q10,1,0.060669079422950745,0
item_03090,active,P2,0,q01,1,0.9987313151359558,1
item_03090,active,P2,1,q10,0,0.9996069073677063,0
item_03091,passive,P2,0,q01,0,0.9999499320983887,0
item_03091,passive,P2,1,q10,1,0.9999797344207764,1
item_03092,cleft,P2,0,q01,1,0.9141091704368591,1
item_03092,cleft,P2,1,q10,0,0.9692726731300354,0
item_03093,topical,P2,0,q01,0,0.4008138179779053,1
item_03093,topical,P2,1,q10,1,0.05377303808927536,0
item_03095,active,P2,0,q01,1,0.9787256717681885,1
item_03095,active,P2,1,q10,0,0.99928879737854,0
item_03096,passive,P2,0,q01,0,0.9999688863754272,0
item_03096,passive,P2,1,q10,1,0.9999971389770508,1
item_03097,cleft,P2,0,q01,1,0.8725648522377014,1
item_03097,cleft,P2,1,q10,0,0.9764329791069031,0
item_03098,topical,P2,0,q01,0,0.07086718827486038,1
item_03098,topical,P2,1,q10,1,0.07355464994907379,0
item_03100,active,P2,0,q01,1,0.9163748621940613,1
item_03100,active,P2,1,q10,0,0.9989480376243591,0
item_03101,passive,P2,0,q01,0,0.9999243021011353,0
item_03101,passive,P2,1,q10,1,0.9999816417694092,1
item_03102,cleft,P2,0,q01,1,0.2739443778991699,0
item_03102,cleft,P2,1,q10,0,0.9788959622383118,0
item_03103,topical,P2,0,q01,0,0.19284075498580933,1
item_03103,topical,P2,1,q10,1,0.15194451808929443,0
item_03105,active,P2,0,q01,1,0.9984152317047119,1
item_03105,active,P2,1,q10,0,0.9993748068809509,0
item_03106,passive,P2,0,q01,0,0.9991182684898376,0
item_03106,passive,P2,1,q10,1,0.9999885559082031,1
item_03107,cleft,P2,0,q01,1,0.9918255805969238,1
item_03107,cleft,P2,1,q10,0,0.9923616647720337,0
item_03108,topical,P2,0,q01,0,0.18203306198120117,1
item_03108,topical,P2,1,q10,1,0.051246099174022675,0
item_03110,active,P2,0,q01,1,0.9899170994758606,1
item_03110,active,P2,1,q10,0,0.9996650218963623,0
item_03111,passive,P2,0,q01,0,0.9999631643295288,0
item_03111,passive,P2,1,q10,1,0.9999963045120239,1
item_03112,cleft,P2,0,q01,1,0.9392275214195251,1
item_03112,cleft,P2,1,q10,0,0.9881913065910339,0
item_03113,topical,P2,0,q01,0,0.1328400820493698,1
item_03113,topical,P2,1,q10,1,0.0818941667675972,0
item_03115,active,P2,0,q01,1,0.982750415802002,1
item_03115,active,P2,1,q10,0,0.9995916485786438,0
item_03116,passive,P2,0,q01,0,0.9999735355377197,0
item_03116,passive,P2,1,q10,1,0.9999953508377075,1
item_03117,cleft,P2,0,q01,1,0.8987131118774414,1
item_03117,cleft,P2,1,q10,0,0.9895114302635193,0
item_03118,topical,P2,0,q01,0,0.10514003783464432,1
item_03118,topical,P2,1,q10,1,0.08079016953706741,0
item_03120,active,P2,0,q01,1,0.9997751116752625,1
item_03120,active,P2,1,q10,0,0.9999476671218872,0
item_03121,passive,P2,0,q01,0,0.9999244213104248,0
item_03121,passive,P2,1,q10,1,0.9999858140945435,1
item_03122,cleft,P2,0,q01,1,0.999796450138092,1
item_03122,cleft,P2,1,q10,0,0.9988536834716797,0
item_03123,topical,P2,0,q01,0,0.6446540355682373,0
item_03123,topical,P2,1,q10,1,0.08235577493906021,0
item_03125,active,P2,0,q01,1,0.9956306219100952,1
item_03125,active,P2,1,q10,0,0.9999473094940186,0
item_03126,passive,P2,0,q01,0,0.9999470710754395,0
item_03126,passive,P2,1,q10,1,0.9999874830245972,1
item_03127,cleft,P2,0,q01,1,0.9678869843482971,1
item_03127,cleft,P2,1,q10,0,0.999077558517456,0
item_03128,topical,P2,0,q01,0,0.2702000141143799,1
item_03128,topical,P2,1,q10,1,0.057950761169195175,0
item_03130,active,P2,0,q01,1,0.9984320998191833,1
item_03130,active,P2,1,q10,0,0.9991663694381714,0
item_03131,passive,P2,0,q01,0,0.9997386336326599,0
item_03131,passive,P2,1,q10,1,0.9999939203262329,1
item_03132,cleft,P2,0,q01,1,0.9731135964393616,1
item_03132,cleft,P2,1,q10,0,0.9718348383903503,0
item_03133,topical,P2,0,q01,0,0.3128139078617096,1
item_03133,topical,P2,1,q10,1,0.13709840178489685,0
item_03135,active,P2,0,q01,1,0.9946932196617126,1
item_03135,active,P2,1,q10,0,0.9996660947799683,0
item_03136,passive,P2,0,q01,0,0.9999477863311768,0
item_03136,passive,P2,1,q10,1,0.9999933242797852,1
item_03137,cleft,P2,0,q01,1,0.9668565392494202,1
item_03137,cleft,P2,1,q10,0,0.9931207299232483,0
item_03138,topical,P2,0,q01,0,0.16786208748817444,1
item_03138,topical,P2,1,q10,1,0.05141467973589897,0
item_03140,active,P2,0,q01,1,0.9993727803230286,1
item_03140,active,P2,1,q10,0,0.9999182224273682,0
item_03141,passive,P2,0,q01,0,0.999927282333374,0
item_03141,passive,P2,1,q10,1,0.9999582767486572,1
item_03142,cleft,P2,0,q01,1,0.9977760910987854,1
item_03142,cleft,P2,1,q10,0,0.9985527396202087,0
item_03143,topical,P2,0,q01,0,0.471978098154068,1
item_03143,topical,P2,1,q10,1,0.04254071041941643,0
item_03145,active,P2,0,q01,1,0.9860749840736389,1
item_03145,active,P2,1,q10,0,0.9997280240058899,0
item_03146,passive,P2,0,q01,0,0.9999853372573853,0
item_03146,passive,P2,1,q10,1,0.9999977350234985,1
item_03147,cleft,P2,0,q01,1,0.9323644638061523,1
item_03147,cleft,P2,1,q10,0,0.9962771534919739,0
item_03148,topical,P2,0,q01,0,0.29504135251045227,1
item_03148,topical,P2,1,q10,1,0.1292862445116043,0
item_03150,active,P2,0,q01,1,0.98179030418396,1
item_03150,active,P2,1,q10,0,0.9996296167373657,0
item_03151,passive,P2,0,q01,0,0.9999653100967407,0
item_03151,passive,P2,1,q10,1,0.9999929666519165,1
item_03152,cleft,P2,0,q01,1,0.669710636138916,1
item_03152,cleft,P2,1,q10,0,0.9526739716529846,0
item_03153,topical,P2,0,q01,0,0.09718935191631317,1
item_03153,topical,P2,1,q10,1,0.1017547994852066,0
item_03155,active,P2,0,q01,1,0.9962220191955566,1
item_03155,active,P2,1,q10,0,0.9997864365577698,0
item_03156,passive,P2,0,q01,0,0.9999608993530273,0
item_03156,passive,P2,1,q10,1,0.9999884366989136,1
item_03157,cleft,P2,0,q01,1,0.948479175567627,1
item_03157,cleft,P2,1,q10,0,0.9946134686470032,0
item_03158,topical,P2,0,q01,0,0.36311039328575134,1
item_03158,topical,P2,1,q10,1,0.051258087158203125,0
item_03160,active,P2,0,q01,1,0.9943373799324036,1
item_03160,active,P2,1,q10,0,0.994247317314148,0
item_03161,passive,P2,0,q01,0,0.9999611377716064,0
item_03161,passive,P2,1,q10,1,0.9999969005584717,1
item_03162,cleft,P2,0,q01,1,0.9537391662597656,1
item_03162,cleft,P2,1,q10,0,0.9249976873397827,0
item_03163,topical,P2,0,q01,0,0.12021515518426895,1
item_03163,topical,P2,1,q10,1,0.20543529093265533,0
item_03165,active,P2,0,q01,1,0.9973081350326538,1
item_03165,active,P2,1,q10,0,0.999711811542511,0
item_03166,passive,P2,0,q01,0,0.9991174340248108,0
item_03166,passive,P2,1,q10,1,0.9999768733978271,1
item_03167,cleft,P2,0,q01,1,0.8952543139457703,1
item_03167,cleft,P2,1,q10,0,0.9711381793022156,0
item_03168,topical,P2,0,q01,0,0.09473655372858047,1
item_03168,topical,P2,1,q10,1,0.07930348068475723,0
item_03170,active,P2,0,q01,1,0.9985373020172119,1
item_03170,active,P2,1,q10,0,0.9997840523719788,0
item_03171,passive,P2,0,q01,0,0.9999654293060303,0
item_03171,passive,P2,1,q10,1,0.9999903440475464,1
item_03172,cleft,P2,0,q01,1,0.9154353141784668,1
item_03172,cleft,P2,1,q10,0,0.9357049465179443,0
item_03173,topical,P2,0,q01,0,0.13683804869651794,1
item_03173,topical,P2,1,q10,1,0.04300175979733467,0
item_03175,active,P2,0,q01,1,0.9991759657859802,1
item_03175,active,P2,1,q10,0,0.9998936653137207,0
item_03176,passive,P2,0,q01,0,0.9998849630355835,0
item_03176,passive,P2,1,q10,1,0.9999939203262329,1
item_03177,cleft,P2,0,q01,1,0.9806883335113525,1
item_03177,cleft,P2,1,q10,0,0.9968072175979614,0
item_03178,topical,P2,0,q01,0,0.4988013207912445,1
item_03178,topical,P2,1,q10,1,0.0666218027472496,0
item_03180,active,P2,0,q01,1,0.9985201954841614,1
item_03180,active,P2,1,q10,0,0.9998041987419128,0
item_03181,passive,P2,0,q01,0,0.9999202489852905,0
item_03181,passive,P2,1,q10,1,0.999996542930603,1
item_03182,cleft,P2,0,q01,1,0.9281647205352783,1
item_03182,cleft,P2,1,q10,0,0.9924741387367249,0
item_03183,topical,P2,0,q01,0,0.04980262741446495,1
item_03183,topical,P2,1,q10,1,0.14782316982746124,0
item_03185,active,P2,0,q01,1,0.999886155128479,1
item_03185,active,P2,1,q10,0,0.9997112154960632,0
item_03186,passive,P2,0,q01,0,0.9995495676994324,0
item_03186,passive,P2,1,q10,1,0.9999973773956299,1
item_03187,cleft,P2,0,q01,1,0.9999579191207886,1
item_03187,cleft,P2,1,q10,0,0.998770534992218,0
item_03188,topical,P2,0,q01,0,0.052939657121896744,1
item_03188,topical,P2,1,q10,1,0.16767731308937073,0
item_03190,active,P2,0,q01,1,0.9975529313087463,1
item_03190,active,P2,1,q10,0,0.994666337966919,0
item_03191,passive,P2,0,q01,0,0.9998875856399536,0
item_03191,passive,P2,1,q10,1,0.999996542930603,1
item_03192,cleft,P2,0,q01,1,0.9759495258331299,1
item_03192,cleft,P2,1,q10,0,0.9318267107009888,0
item_03193,topical,P2,0,q01,0,0.02491130866110325,1
item_03193,topical,P2,1,q10,1,0.2179579734802246,0
item_03195,active,P2,0,q01,1,0.9936301112174988,1
item_03195,active,P2,1,q10,0,0.9998596906661987,0
item_03196,passive,P2,0,q01,0,0.9970593452453613,0
item_03196,passive,P2,1,q10,1,0.9972388744354248,1
item_03197,cleft,P2,0,q01,1,0.9620339274406433,1
item_03197,cleft,P2,1,q10,0,0.999755322933197,0
item_03198,topical,P2,0,q01,0,0.9320778846740723,0
item_03198,topical,P2,1,q10,1,0.05897611752152443,0
item_03200,active,P2,0,q01,1,0.9982427358627319,1
item_03200,active,P2,1,q10,0,0.9996645450592041,0
item_03201,passive,P2,0,q01,0,0.9996356964111328,0
item_03201,passive,P2,1,q10,1,0.9999696016311646,1
item_03202,cleft,P2,0,q01,1,0.9686179161071777,1
item_03202,cleft,P2,1,q10,0,0.9549585580825806,0
item_03203,topical,P2,0,q01,0,0.3828205466270447,1
item_03203,topical,P2,1,q10,1,0.057537347078323364,0
item_03205,active,P2,0,q01,1,0.9967537522315979,1
item_03205,active,P2,1,q10,0,0.9994146823883057,0
item_03206,passive,P2,0,q01,0,0.9999843835830688,0
item_03206,passive,P2,1,q10,1,0.9999840259552002,1
item_03207,cleft,P2,0,q01,1,0.971088171005249,1
item_03207,cleft,P2,1,q10,0,0.9626795649528503,0
item_03208,topical,P2,0,q01,0,0.23541834950447083,1
item_03208,topical,P2,1,q10,1,0.038003720343112946,0
item_03210,active,P2,0,q01,1,0.9785469174385071,1
item_03210,active,P2,1,q10,0,0.9992794394493103,0
item_03211,passive,P2,0,q01,0,0.9992720484733582,0
item_03211,passive,P2,1,q10,1,0.9999728202819824,1
item_03212,cleft,P2,0,q01,1,0.9924902319908142,1
item_03212,cleft,P2,1,q10,0,0.999193012714386,0
item_03213,topical,P2,0,q01,0,0.4636489748954773,1
item_03213,topical,P2,1,q10,1,0.06159467622637749,0
item_03215,active,P2,0,q01,1,0.9066863656044006,1
item_03215,active,P2,1,q10,0,0.9989461302757263,0
item_03216,passive,P2,0,q01,0,0.9998449087142944,0
item_03216,passive,P2,1,q10,1,0.9999654293060303,1
item_03217,cleft,P2,0,q01,1,0.43280747532844543,0
item_03217,cleft,P2,1,q10,0,0.9873217940330505,0
item_03218,topical,P2,0,q01,0,0.30055004358291626,1
item_03218,topical,P2,1,q10,1,0.0404563806951046,0
item_03220,active,P2,0,q01,1,0.9985607266426086,1
item_03220,active,P2,1,q10,0,0.9997139573097229,0
item_03221,passive,P2,0,q01,0,0.9999405145645142,0
item_03221,passive,P2,1,q10,1,0.9999854564666748,1
item_03222,cleft,P2,0,q01,1,0.9453760385513306,1
item_03222,cleft,P2,1,q10,0,0.9844857454299927,0
item_03223,topical,P2,0,q01,0,0.09598128497600555,1
item_03223,topical,P2,1,q10,1,0.07626742124557495,0
item_03225,active,P2,0,q01,1,0.998852014541626,1
item_03225,active,P2,1,q10,0,0.9998779296875,0
item_03226,passive,P2,0,q01,0,0.9973650574684143,0
item_03226,passive,P2,1,q10,1,0.9985724687576294,1
item_03227,cleft,P2,0,q01,1,0.9994043111801147,1
item_03227,cleft,P2,1,q10,0,0.9999146461486816,0
item_03228,topical,P2,0,q01,0,0.9053820967674255,0
item_03228,topical,P2,1,q10,1,0.060136016458272934,0
item_03230,active,P2,0,q01,1,0.9594770669937134,1
item_03230,active,P2,1,q10,0,0.9997114539146423,0
item_03231,passive,P2,0,q01,0,0.9999223947525024,0
item_03231,passive,P2,1,q10,1,0.9999301433563232,1
item_03232,cleft,P2,0,q01,1,0.34873273968696594,0
item_03232,cleft,P2,1,q10,0,0.9795952439308167,0
item_03233,topical,P2,0,q01,0,0.13629107177257538,1
item_03233,topical,P2,1,q10,1,0.050204552710056305,0
item_03235,active,P2,0,q01,1,0.9982669353485107,1
item_03235,active,P2,1,q10,0,0.9973363280296326,0
item_03236,passive,P2,0,q01,0,0.9999278783798218,0
item_03236,passive,P2,1,q10,1,0.9999879598617554,1
item_03237,cleft,P2,0,q01,1,0.9722678065299988,1
item_03237,cleft,P2,1,q10,0,0.9291650652885437,0
item_03238,topical,P2,0,q01,0,0.36111196875572205,1
item_03238,topical,P2,1,q10,1,0.06448301672935486,0
item_03240,active,P2,0,q01,1,0.9996821880340576,1
item_03240,active,P2,1,q10,0,0.9998888969421387,0
item_03241,passive,P2,0,q01,0,0.9998788833618164,0
item_03241,passive,P2,1,q10,1,0.9999918937683105,1
item_03242,cleft,P2,0,q01,1,0.999535083770752,1
item_03242,cleft,P2,1,q10,0,0.9986955523490906,0
item_03243,topical,P2,0,q01,0,0.5119397044181824,0
item_03243,topical,P2,1,q10,1,0.08861973136663437,0
item_03245,active,P2,0,q01,1,0.9985880255699158,1
item_03245,active,P2,1,q10,0,0.999932050704956,0
item_03246,passive,P2,0,q01,0,0.9996030926704407,0
item_03246,passive,P2,1,q10,1,0.9999592304229736,1
item_03247,cleft,P2,0,q01,1,0.8239412903785706,1
item_03247,cleft,P2,1,q10,0,0.9931843876838684,0
item_03248,topical,P2,0,q01,0,0.08465509861707687,1
item_03248,topical,P2,1,q10,1,0.09413254261016846,0
item_03250,active,P2,0,q01,1,0.9978233575820923,1
item_03250,active,P2,1,q10,0,0.9998694658279419,0
item_03251,passive,P2,0,q01,0,0.9999139308929443,0
item_03251,passive,P2,1,q10,1,0.9999932050704956,1
item_03252,cleft,P2,0,q01,1,0.994246780872345,1
item_03252,cleft,P2,1,q10,0,0.9981990456581116,0
item_03253,topical,P2,0,q01,0,0.4571966826915741,1
item_03253,topical,P2,1,q10,1,0.04700680077075958,0
item_03255,active,P2,0,q01,1,0.9990158081054688,1
item_03255,active,P2,1,q10,0,0.9999392032623291,0
item_03256,passive,P2,0,q01,0,0.9998643398284912,0
item_03256,passive,P2,1,q10,1,0.9999949932098389,1
item_03257,cleft,P2,0,q01,1,0.9901912212371826,1
item_03257,cleft,P2,1,q10,0,0.9976106882095337,0
item_03258,topical,P2,0,q01,0,0.1308334320783615,1
item_03258,topical,P2,1,q10,1,0.16891586780548096,0
item_03260,active,P2,0,q01,1,0.998481810092926,1
item_03260,active,P2,1,q10,0,0.9999315738677979,0
item_03261,passive,P2,0,q01,0,0.9996974468231201,0
item_03261,passive,P2,1,q10,1,0.9998981952667236,1
item_03262,cleft,P2,0,q01,1,0.8982278108596802,1
item_03262,cleft,P2,1,q10,0,0.990476131439209,0
item_03263,topical,P2,0,q01,0,0.44970259070396423,1
item_03263,topical,P2,1,q10,1,0.06921171396970749,0
item_03265,active,P2,0,q01,1,0.9996919631958008,1
item_03265,active,P2,1,q10,0,0.999853253364563,0
item_03266,passive,P2,0,q01,0,0.9998223185539246,0
item_03266,passive,P2,1,q10,1,0.9999934434890747,1
item_03267,cleft,P2,0,q01,1,0.9996929168701172,1
item_03267,cleft,P2,1,q10,0,0.9965977072715759,0
item_03268,topical,P2,0,q01,0,0.11195004731416702,1
item_03268,topical,P2,1,q10,1,0.06833008676767349,0
item_03270,active,P2,0,q01,1,0.9980841875076294,1
item_03270,active,P2,1,q10,0,0.9989657402038574,0
item_03271,passive,P2,0,q01,0,0.9999186992645264,0
item_03271,passive,P2,1,q10,1,0.9999897480010986,1
item_03272,cleft,P2,0,q01,1,0.9869832992553711,1
item_03272,cleft,P2,1,q10,0,0.9532731175422668,0
item_03273,topical,P2,0,q01,0,0.5293184518814087,0
item_03273,topical,P2,1,q10,1,0.09381501376628876,0
item_03275,active,P2,0,q01,1,0.9978559613227844,1
item_03275,active,P2,1,q10,0,0.9999246597290039,0
item_03276,passive,P2,0,q01,0,0.999642014503479,0
item_03276,passive,P2,1,q10,1,0.9999713897705078,1
item_03277,cleft,P2,0,q01,1,0.9752938747406006,1
item_03277,cleft,P2,1,q10,0,0.9947285056114197,0
item_03278,topical,P2,0,q01,0,0.5720669627189636,0
item_03278,topical,P2,1,q10,1,0.054147303104400635,0
item_03280,active,P2,0,q01,1,0.9982128143310547,1
item_03280,active,P2,1,q10,0,0.9993723034858704,0
item_03281,passive,P2,0,q01,0,0.9999746084213257,0
item_03281,passive,P2,1,q10,1,0.9999566078186035,1
item_03282,cleft,P2,0,q01,1,0.9665076732635498,1
item_03282,cleft,P2,1,q10,0,0.9751436710357666,0
item_03283,topical,P2,0,q01,0,0.4765758216381073,1
item_03283,topical,P2,1,q10,1,0.03523743152618408,0
item_03285,active,P2,0,q01,1,0.9941105246543884,1
item_03285,active,P2,1,q10,0,0.9995691180229187,0
item_03286,passive,P2,0,q01,0,0.9998327493667603,0
item_03286,passive,P2,1,q10,1,0.9999926090240479,1
item_03287,cleft,P2,0,q01,1,0.9987622499465942,1
item_03287,cleft,P2,1,q10,0,0.9971797466278076,0
item_03288,topical,P2,0,q01,0,0.09296847134828568,1
item_03288,topical,P2,1,q10,1,0.07543785125017166,0
item_03290,active,P2,0,q01,1,0.9800251126289368,1
item_03290,active,P2,1,q10,0,0.99901282787323,0
item_03291,passive,P2,0,q01,0,0.9999279975891113,0
item_03291,passive,P2,1,q10,1,0.9999970197677612,1
item_03292,cleft,P2,0,q01,1,0.838104248046875,1
item_03292,cleft,P2,1,q10,0,0.9825505614280701,0
item_03293,topical,P2,0,q01,0,0.021503284573554993,1
item_03293,topical,P2,1,q10,1,0.09344564378261566,0
item_03295,active,P2,0,q01,1,0.9976377487182617,1
item_03295,active,P2,1,q10,0,0.9997438788414001,0
item_03296,passive,P2,0,q01,0,0.999990701675415,0
item_03296,passive,P2,1,q10,1,0.9999924898147583,1
item_03297,cleft,P2,0,q01,1,0.9731619358062744,1
item_03297,cleft,P2,1,q10,0,0.9890294075012207,0
item_03298,topical,P2,0,q01,0,0.5886481404304504,0
item_03298,topical,P2,1,q10,1,0.07069633156061172,0
item_03300,active,P2,0,q01,1,0.9962548017501831,1
item_03300,active,P2,1,q10,0,0.9996566772460938,0
item_03301,passive,P2,0,q01,0,0.9914822578430176,0
item_03301,passive,P2,1,q10,1,0.9936938881874084,1
item_03302,cleft,P2,0,q01,1,0.9957299828529358,1
item_03302,cleft,P2,1,q10,0,0.9995798468589783,0
item_03303,topical,P2,0,q01,0,0.7759166359901428,0
item_03303,topical,P2,1,q10,1,0.02418711967766285,0
item_03305,active,P2,0,q01,1,0.9846449494361877,1
item_03305,active,P2,1,q10,0,0.9993335604667664,0
item_03306,passive,P2,0,q01,0,0.9995620846748352,0
item_03306,passive,P2,1,q10,1,0.9999918937683105,1
item_03307,cleft,P2,0,q01,1,0.9890519976615906,1
item_03307,cleft,P2,1,q10,0,0.9992375373840332,0
item_03308,topical,P2,0,q01,0,0.32540130615234375,1
item_03308,topical,P2,1,q10,1,0.06692782789468765,0
item_03310,active,P2,0,q01,1,0.9966070652008057,1
item_03310,active,P2,1,q10,0,0.9998542070388794,0
item_03311,passive,P2,0,q01,0,0.9999630451202393,0
item_03311,passive,P2,1,q10,1,0.9999933242797852,1
item_03312,cleft,P2,0,q01,1,0.9648817777633667,1
item_03312,cleft,P2,1,q10,0,0.9897233247756958,0
item_03313,topical,P2,0,q01,0,0.06342349201440811,1
item_03313,topical,P2,1,q10,1,0.03661276027560234,0
item_03315,active,P2,0,q01,1,0.9979825019836426,1
item_03315,active,P2,1,q10,0,0.9997110962867737,0
item_03316,passive,P2,0,q01,0,0.9998934268951416,0
item_03316,passive,P2,1,q10,1,0.9999825954437256,1
item_03317,cleft,P2,0,q01,1,0.998890221118927,1
item_03317,cleft,P2,1,q10,0,0.9988889098167419,0
item_03318,topical,P2,0,q01,0,0.6004785895347595,0
item_03318,topical,P2,1,q10,1,0.06607728451490402,0
item_03320,active,P2,0,q01,1,0.9991424083709717,1
item_03320,active,P2,1,q10,0,0.9998657703399658,0
item_03321,passive,P2,0,q01,0,0.9998519420623779,0
item_03321,passive,P2,1,q10,1,0.9999898672103882,1
item_03322,cleft,P2,0,q01,1,0.993793249130249,1
item_03322,cleft,P2,1,q10,0,0.9981672763824463,0
item_03323,topical,P2,0,q01,0,0.33755388855934143,1
item_03323,topical,P2,1,q10,1,0.06307017803192139,0
item_03325,active,P2,0,q01,1,0.9987068176269531,1
item_03325,active,P2,1,q10,0,0.9997113347053528,0
item_03326,passive,P2,0,q01,0,0.9997230172157288,0
item_03326,passive,P2,1,q10,1,0.9999884366989136,1
item_03327,cleft,P2,0,q01,1,0.9629076719284058,1
item_03327,cleft,P2,1,q10,0,0.9700506329536438,0
item_03328,topical,P2,0,q01,0,0.08778858184814453,1
item_03328,topical,P2,1,q10,1,0.07681253552436829,0
item_03330,active,P2,0,q01,1,0.9990369081497192,1
item_03330,active,P2,1,q10,0,0.9989427924156189,0
item_03331,passive,P2,0,q01,0,0.999891996383667,0
item_03331,passive,P2,1,q10,1,0.9999922513961792,1
item_03332,cleft,P2,0,q01,1,0.9767582416534424,1
item_03332,cleft,P2,1,q10,0,0.9622654914855957,0
item_03333,topical,P2,0,q01,0,0.07944910228252411,1
item_03333,topical,P2,1,q10,1,0.21966780722141266,0
item_03335,active,P2,0,q01,1,0.9963971972465515,1
item_03335,active,P2,1,q10,0,0.9995916485786438,0
item_03336,passive,P2,0,q01,0,0.9999858140945435,0
item_03336,passive,P2,1,q10,1,0.9999452829360962,1
item_03337,cleft,P2,0,q01,1,0.9717369675636292,1
item_03337,cleft,P2,1,q10,0,0.9917415380477905,0
item_03338,topical,P2,0,q01,0,0.45285114645957947,1
item_03338,topical,P2,1,q10,1,0.030976492911577225,0
item_03340,active,P2,0,q01,1,0.9997654557228088,1
item_03340,active,P2,1,q10,0,0.9999202489852905,0
item_03341,passive,P2,0,q01,0,0.999911904335022,0
item_03341,passive,P2,1,q10,1,0.9999912977218628,1
item_03342,cleft,P2,0,q01,1,0.998820960521698,1
item_03342,cleft,P2,1,q10,0,0.9972720742225647,0
item_03343,topical,P2,0,q01,0,0.1790955513715744,1
item_03343,topical,P2,1,q10,1,0.09666206687688828,0
item_03345,active,P2,0,q01,1,0.9202051758766174,1
item_03345,active,P2,1,q10,0,0.9982201457023621,0
item_03346,passive,P2,0,q01,0,0.9997549653053284,0
item_03346,passive,P2,1,q10,1,0.9999924898147583,1
item_03347,cleft,P2,0,q01,1,0.4921751916408539,0
item_03347,cleft,P2,1,q10,0,0.9437131881713867,0
item_03348,topical,P2,0,q01,0,0.09109866619110107,1
item_03348,topical,P2,1,q10,1,0.07028915733098984,0
item_03350,active,P2,0,q01,1,0.998449444770813,1
item_03350,active,P2,1,q10,0,0.9998021721839905,0
item_03351,passive,P2,0,q01,0,0.9999005794525146,0
item_03351,passive,P2,1,q10,1,0.9999978542327881,1
item_03352,cleft,P2,0,q01,1,0.9927510023117065,1
item_03352,cleft,P2,1,q10,0,0.995800793170929,0
item_03353,topical,P2,0,q01,0,0.0952717587351799,1
item_03353,topical,P2,1,q10,1,0.1982986479997635,0
item_03355,active,P2,0,q01,1,0.999659538269043,1
item_03355,active,P2,1,q10,0,0.9997480511665344,0
item_03356,passive,P2,0,q01,0,0.9999371767044067,0
item_03356,passive,P2,1,q10,1,0.9999923706054688,1
item_03357,cleft,P2,0,q01,1,0.999168872833252,1
item_03357,cleft,P2,1,q10,0,0.9965924620628357,0
item_03358,topical,P2,0,q01,0,0.3272065222263336,1
item_03358,topical,P2,1,q10,1,0.10784658789634705,0
item_03360,active,P2,0,q01,1,0.9786722660064697,1
item_03360,active,P2,1,q10,0,0.999645471572876,0
item_03361,passive,P2,0,q01,0,0.9995456337928772,0
item_03361,passive,P2,1,q10,1,0.999955415725708,1
item_03362,cleft,P2,0,q01,1,0.866966187953949,1
item_03362,cleft,P2,1,q10,0,0.9942911863327026,0
item_03363,topical,P2,0,q01,0,0.41620951890945435,1
item_03363,topical,P2,1,q10,1,0.1504330039024353,0
item_03365,active,P2,0,q01,1,0.9975433349609375,1
item_03365,active,P2,1,q10,0,0.9998619556427002,0
item_03366,passive,P2,0,q01,0,0.9999533891677856,0
item_03366,passive,P2,1,q10,1,0.9999806880950928,1
item_03367,cleft,P2,0,q01,1,0.9624007344245911,1
item_03367,cleft,P2,1,q10,0,0.9946770668029785,0
item_03368,topical,P2,0,q01,0,0.04528428614139557,1
item_03368,topical,P2,1,q10,1,0.05021866038441658,0
item_03370,active,P2,0,q01,1,0.999396800994873,1
item_03370,active,P2,1,q10,0,0.9997743964195251,0
item_03371,passive,P2,0,q01,0,0.9998798370361328,0
item_03371,passive,P2,1,q10,1,0.9999978542327881,1
item_03372,cleft,P2,0,q01,1,0.9999275207519531,1
item_03372,cleft,P2,1,q10,0,0.9990853071212769,0
item_03373,topical,P2,0,q01,0,0.17313967645168304,1
item_03373,topical,P2,1,q10,1,0.08155295997858047,0
item_03375,active,P2,0,q01,1,0.9991276860237122,1
item_03375,active,P2,1,q10,0,0.999934196472168,0
item_03376,passive,P2,0,q01,0,0.9999774694442749,0
item_03376,passive,P2,1,q10,1,0.9999897480010986,1
item_03377,cleft,P2,0,q01,1,0.9922584891319275,1
item_03377,cleft,P2,1,q10,0,0.9975947737693787,0
item_03378,topical,P2,0,q01,0,0.12111201882362366,1
item_03378,topical,P2,1,q10,1,0.08797261118888855,0
item_03380,active,P2,0,q01,1,0.9955087900161743,1
item_03380,active,P2,1,q10,0,0.9997864365577698,0
item_03381,passive,P2,0,q01,0,0.999954342842102,0
item_03381,passive,P2,1,q10,1,0.999991774559021,1
item_03382,cleft,P2,0,q01,1,0.9864451289176941,1
item_03382,cleft,P2,1,q10,0,0.9956271648406982,0
item_03383,topical,P2,0,q01,0,0.20797720551490784,1
item_03383,topical,P2,1,q10,1,0.08398223668336868,0
item_03385,active,P2,0,q01,1,0.9988890290260315,1
item_03385,active,P2,1,q10,0,0.9998194575309753,0
item_03386,passive,P2,0,q01,0,0.9999810457229614,0
item_03386,passive,P2,1,q10,1,0.9999951124191284,1
item_03387,cleft,P2,0,q01,1,0.9924418926239014,1
item_03387,cleft,P2,1,q10,0,0.9871877431869507,0
item_03388,topical,P2,0,q01,0,0.21620972454547882,1
item_03388,topical,P2,1,q10,1,0.10819961130619049,0
item_03390,active,P2,0,q01,1,0.9990529417991638,1
item_03390,active,P2,1,q10,0,0.9995312690734863,0
item_03391,passive,P2,0,q01,0,0.9999539852142334,0
item_03391,passive,P2,1,q10,1,0.9999849796295166,1
item_03392,cleft,P2,0,q01,1,0.9912023544311523,1
item_03392,cleft,P2,1,q10,0,0.9470812082290649,0
item_03393,topical,P2,0,q01,0,0.09665180742740631,1
item_03393,topical,P2,1,q10,1,0.1653270423412323,0
item_03395,active,P2,0,q01,1,0.9995276927947998,1
item_03395,active,P2,1,q10,0,0.9993622899055481,0
item_03396,passive,P2,0,q01,0,0.9999645948410034,0
item_03396,passive,P2,1,q10,1,0.9999960660934448,1
item_03397,cleft,P2,0,q01,1,0.9931240677833557,1
item_03397,cleft,P2,1,q10,0,0.9850484728813171,0
item_03398,topical,P2,0,q01,0,0.23562568426132202,1
item_03398,topical,P2,1,q10,1,0.10807902365922928,0
